timestamp,location_id,location,latitude,longitude,pm25,pm10,co,no2,o3,temperature,humidity,value,hour_sin,hour_cos,day_sin,day_cos,month_sin,month_cos,epa_aqi,aqi_category,pm25_mean_1h,pm25_std_1h,pm25_min_1h,pm25_max_1h,pm25_mean_6h,pm25_std_6h,pm25_min_6h,pm25_max_6h,pm25_mean_24h,pm25_std_24h,pm25_min_24h,pm25_max_24h,spatial_neighbor_mean,spatial_deviation,label_threshold,label_zscore,label_residual,is_anomaly
2026-07-23 15:43:22.256169,LONDON_SK6,London Southwark - A2 Invaliders,51.491,-0.102,5.4,,,,0.019,,,5.4,-0.7071067811865471,-0.7071067811865479,0.43388373911755823,-0.900968867902419,-0.4999999999999997,-0.8660254037844388,23,Good,5.4,0.0,5.4,5.4,5.4,0.0,5.4,5.4,5.4,0.0,5.4,5.4,6.0,0.0,0,0,0,0
2026-07-23 15:43:22.864784,LONDON_HF1,London Hammersmith and Fulham,51.49,-0.224,11.0,21.0,,30.7,27.3,,,11.0,-0.7071067811865471,-0.7071067811865479,0.43388373911755823,-0.900968867902419,-0.4999999999999997,-0.8660254037844388,46,Good,11.0,0.0,11.0,11.0,11.0,0.0,11.0,11.0,11.0,0.0,11.0,11.0,5.4,0.0,0,0,0,0
2026-07-23 15:43:23.449147,LONDON_HIL,London Hillingdon,51.496,-0.46,6.0,,,,0.023,,,6.0,-0.7071067811865471,-0.7071067811865479,0.43388373911755823,-0.900968867902419,-0.4999999999999997,-0.8660254037844388,25,Good,6.0,0.0,6.0,6.0,6.0,0.0,6.0,6.0,6.0,0.0,6.0,6.0,11.0,0.0,0,0,0,0
2026-07-23 15:43:25.822905,LONDON_KC1,London N. Kensington,51.521,-0.213,4.9,25.0,0.1145,0.01,0.018,,,4.9,-0.7071067811865471,-0.7071067811865479,0.43388373911755823,-0.900968867902419,-0.4999999999999997,-0.8660254037844388,20,Good,4.9,0.0,4.9,4.9,4.9,0.0,4.9,4.9,4.9,0.0,4.9,4.9,4.9,0.0,0,0,0,0
2026-07-23 15:43:26.399233,LONDON_TH4,London Tower Hamlets - Mile End Road,51.524,-0.033,20.5,,,,,,,20.5,-0.7071067811865471,-0.7071067811865479,0.43388373911755823,-0.900968867902419,-0.4999999999999997,-0.8660254037844388,69,Moderate,20.5,0.0,20.5,20.5,20.5,0.0,20.5,20.5,20.5,0.0,20.5,20.5,20.0,0.0,0,0,0,0
2026-07-23 15:43:26.975301,LONDON_GR9,London Greenwich - Westhorne Avenue,51.455,0.03,20.0,-1.0,,-1.0,-1.0,,,20.0,-0.7071067811865471,-0.7071067811865479,0.43388373911755823,-0.900968867902419,-0.4999999999999997,-0.8660254037844388,68,Moderate,20.0,0.0,20.0,20.0,20.0,0.0,20.0,20.0,20.0,0.0,20.0,20.0,5.4,0.0,0,0,0,0
2026-07-23 15:58:21.494291,LONDON_SK6,London Southwark - A2 Invaliders,51.491,-0.102,5.4,,,,0.019,,,5.4,-0.7071067811865471,-0.7071067811865479,0.43388373911755823,-0.900968867902419,-0.4999999999999997,-0.8660254037844388,23,Good,5.4,0.0,5.4,5.4,5.4,0.0,5.4,5.4,5.4,0.0,5.4,5.4,12.0,0.0,0,0,0,0
2026-07-23 15:58:21.884687,LONDON_HF1,London Hammersmith and Fulham,51.49,-0.224,12.0,21.0,,34.3,27.3,,,12.0,-0.7071067811865471,-0.7071067811865479,0.43388373911755823,-0.900968867902419,-0.4999999999999997,-0.8660254037844388,50,Good,11.5,0.7071067811865476,11.0,12.0,11.5,0.7071067811865476,11.0,12.0,11.5,0.7071067811865476,11.0,12.0,6.0,0.0,0,0,0,0
2026-07-23 15:58:22.275630,LONDON_HIL,London Hillingdon,51.496,-0.46,6.0,,,,0.023,,,6.0,-0.7071067811865471,-0.7071067811865479,0.43388373911755823,-0.900968867902419,-0.4999999999999997,-0.8660254037844388,25,Good,6.0,0.0,6.0,6.0,6.0,0.0,6.0,6.0,6.0,0.0,6.0,6.0,20.5,0.0,0,0,0,0
2026-07-23 15:58:23.719451,LONDON_KC1,London N. Kensington,51.521,-0.213,4.9,25.0,0.1145,0.01,0.018,,,4.9,-0.7071067811865471,-0.7071067811865479,0.43388373911755823,-0.900968867902419,-0.4999999999999997,-0.8660254037844388,20,Good,4.9,0.0,4.9,4.9,4.9,0.0,4.9,4.9,4.9,0.0,4.9,4.9,12.0,0.0,0,0,0,0
2026-07-23 15:58:23.925776,LONDON_TH4,London Tower Hamlets - Mile End Road,51.524,-0.033,20.5,,,,,,,20.5,-0.7071067811865471,-0.7071067811865479,0.43388373911755823,-0.900968867902419,-0.4999999999999997,-0.8660254037844388,69,Moderate,20.5,0.0,20.5,20.5,20.5,0.0,20.5,20.5,20.5,0.0,20.5,20.5,20.0,0.0,0,0,0,0
2026-07-23 15:58:24.309954,LONDON_GR9,London Greenwich - Westhorne Avenue,51.455,0.03,20.0,-1.0,,-1.0,-1.0,,,20.0,-0.7071067811865471,-0.7071067811865479,0.43388373911755823,-0.900968867902419,-0.4999999999999997,-0.8660254037844388,68,Moderate,20.0,0.0,20.0,20.0,20.0,0.0,20.0,20.0,20.0,0.0,20.0,20.0,11.0,0.0,0,0,0,0
2026-07-23 16:07:46.879332,LONDON_SK6,London Southwark - A2 Invaliders,51.491,-0.102,5.4,,,,0.019,,,5.4,-0.8660254037844385,-0.5000000000000004,0.43388373911755823,-0.900968867902419,-0.4999999999999997,-0.8660254037844388,23,Good,5.4,0.0,5.4,5.4,5.4,0.0,5.4,5.4,5.4,0.0,5.4,5.4,6.0,0.0,0,0,0,0
2026-07-23 16:07:47.479866,LONDON_HF1,London Hammersmith and Fulham,51.49,-0.224,12.0,17.0,,34.3,27.3,,,12.0,-0.8660254037844385,-0.5000000000000004,0.43388373911755823,-0.900968867902419,-0.4999999999999997,-0.8660254037844388,50,Good,12.0,0.0,12.0,12.0,12.0,0.0,12.0,12.0,12.0,0.0,12.0,12.0,5.4,0.0,0,0,0,0
2026-07-23 16:07:48.095247,LONDON_HIL,London Hillingdon,51.496,-0.46,6.0,,,,0.023,,,6.0,-0.8660254037844385,-0.5000000000000004,0.43388373911755823,-0.900968867902419,-0.4999999999999997,-0.8660254037844388,25,Good,6.0,0.0,6.0,6.0,6.0,0.0,6.0,6.0,6.0,0.0,6.0,6.0,12.0,0.0,0,0,0,0
2026-07-23 16:07:50.431165,LONDON_KC1,London N. Kensington,51.521,-0.213,4.9,25.0,0.1145,0.01,0.018,,,4.9,-0.8660254037844385,-0.5000000000000004,0.43388373911755823,-0.900968867902419,-0.4999999999999997,-0.8660254037844388,20,Good,4.9,0.0,4.9,4.9,4.9,0.0,4.9,4.9,4.9,0.0,4.9,4.9,4.9,0.0,0,0,0,0
2026-07-23 16:07:51.035879,LONDON_TH4,London Tower Hamlets - Mile End Road,51.524,-0.033,20.5,,,,,,,20.5,-0.8660254037844385,-0.5000000000000004,0.43388373911755823,-0.900968867902419,-0.4999999999999997,-0.8660254037844388,69,Moderate,20.5,0.0,20.5,20.5,20.5,0.0,20.5,20.5,20.5,0.0,20.5,20.5,20.0,0.0,0,0,0,0
2026-07-23 16:07:51.818477,LONDON_GR9,London Greenwich - Westhorne Avenue,51.455,0.03,20.0,-1.0,,-1.0,-1.0,,,20.0,-0.8660254037844385,-0.5000000000000004,0.43388373911755823,-0.900968867902419,-0.4999999999999997,-0.8660254037844388,68,Moderate,20.0,0.0,20.0,20.0,20.0,0.0,20.0,20.0,20.0,0.0,20.0,20.0,5.4,0.0,0,0,0,0
2026-07-23 16:22:45.682856,LONDON_SK6,London Southwark - A2 Invaliders,51.491,-0.102,5.4,,,,0.019,,,5.4,-0.8660254037844385,-0.5000000000000004,0.43388373911755823,-0.900968867902419,-0.4999999999999997,-0.8660254037844388,23,Good,5.4,0.0,5.4,5.4,5.4,0.0,5.4,5.4,5.4,0.0,5.4,5.4,12.0,0.0,0,0,0,0
2026-07-23 16:22:46.073914,LONDON_HF1,London Hammersmith and Fulham,51.49,-0.224,12.0,17.0,,34.3,27.3,,,12.0,-0.8660254037844385,-0.5000000000000004,0.43388373911755823,-0.900968867902419,-0.4999999999999997,-0.8660254037844388,50,Good,12.0,0.0,12.0,12.0,12.0,0.0,12.0,12.0,12.0,0.0,12.0,12.0,6.0,0.0,0,0,0,0
2026-07-23 16:22:46.512548,LONDON_HIL,London Hillingdon,51.496,-0.46,6.0,,,,0.023,,,6.0,-0.8660254037844385,-0.5000000000000004,0.43388373911755823,-0.900968867902419,-0.4999999999999997,-0.8660254037844388,25,Good,6.0,0.0,6.0,6.0,6.0,0.0,6.0,6.0,6.0,0.0,6.0,6.0,20.5,0.0,0,0,0,0
2026-07-23 16:22:47.727205,LONDON_KC1,London N. Kensington,51.521,-0.213,4.9,25.0,0.1145,0.01,0.018,,,4.9,-0.8660254037844385,-0.5000000000000004,0.43388373911755823,-0.900968867902419,-0.4999999999999997,-0.8660254037844388,20,Good,4.9,0.0,4.9,4.9,4.9,0.0,4.9,4.9,4.9,0.0,4.9,4.9,12.0,0.0,0,0,0,0
2026-07-23 16:22:48.115497,LONDON_TH4,London Tower Hamlets - Mile End Road,51.524,-0.033,20.5,,,,,,,20.5,-0.8660254037844385,-0.5000000000000004,0.43388373911755823,-0.900968867902419,-0.4999999999999997,-0.8660254037844388,69,Moderate,20.5,0.0,20.5,20.5,20.5,0.0,20.5,20.5,20.5,0.0,20.5,20.5,20.0,0.0,0,0,0,0
2026-07-23 16:22:48.324762,LONDON_GR9,London Greenwich - Westhorne Avenue,51.455,0.03,20.0,-1.0,,-1.0,-1.0,,,20.0,-0.8660254037844385,-0.5000000000000004,0.43388373911755823,-0.900968867902419,-0.4999999999999997,-0.8660254037844388,68,Moderate,20.0,0.0,20.0,20.0,20.0,0.0,20.0,20.0,20.0,0.0,20.0,20.0,12.0,0.0,0,0,0,0
2026-07-23 16:38:52.927546,LONDON_SK6,London Southwark - A2 Invaliders,51.491,-0.102,4.2,,,,0.036,,,4.2,-0.8660254037844385,-0.5000000000000004,0.43388373911755823,-0.900968867902419,-0.4999999999999997,-0.8660254037844388,18,Good,5.0,0.6928203230275509,4.2,5.4,5.0,0.6928203230275509,4.2,5.4,5.0,0.6928203230275509,4.2,5.4,4.2,0.0,0,0,0,0
2026-07-23 16:38:53.423493,LONDON_HF1,London Hammersmith and Fulham,51.49,-0.224,11.0,17.0,,26.3,27.3,,,11.0,-0.8660254037844385,-0.5000000000000004,0.43388373911755823,-0.900968867902419,-0.4999999999999997,-0.8660254037844388,46,Good,11.666666666666666,0.5773502691896255,11.0,12.0,11.666666666666666,0.5773502691896255,11.0,12.0,11.666666666666666,0.5773502691896255,11.0,12.0,20.5,0.0,0,0,0,0
2026-07-23 16:38:53.847924,LONDON_HIL,London Hillingdon,51.496,-0.46,7.0,,,,0.032,,,7.0,-0.8660254037844385,-0.5000000000000004,0.43388373911755823,-0.900968867902419,-0.4999999999999997,-0.8660254037844388,29,Good,6.333333333333333,0.5773502691896258,6.0,7.0,6.333333333333333,0.5773502691896258,6.0,7.0,6.333333333333333,0.5773502691896258,6.0,7.0,12.0,0.0,0,0,0,0
2026-07-23 16:38:55.692851,LONDON_KC1,London N. Kensington,51.521,-0.213,3.4,12.0,0.1145,0.006,0.038,,,3.4,-0.8660254037844385,-0.5000000000000004,0.43388373911755823,-0.900968867902419,-0.4999999999999997,-0.8660254037844388,14,Good,4.4,0.8660254037844389,3.4,4.9,4.4,0.8660254037844389,3.4,4.9,4.4,0.8660254037844389,3.4,4.9,20.0,0.0,0,0,0,0
2026-07-23 16:38:56.131498,LONDON_TH4,London Tower Hamlets - Mile End Road,51.524,-0.033,11.8,,,,,,,11.8,-0.8660254037844385,-0.5000000000000004,0.43388373911755823,-0.900968867902419,-0.4999999999999997,-0.8660254037844388,49,Good,17.599999999999998,5.022947341949744,11.8,20.5,17.599999999999998,5.022947341949744,11.8,20.5,17.599999999999998,5.022947341949744,11.8,20.5,20.0,0.0,0,0,0,0
2026-07-23 16:38:56.601825,LONDON_GR9,London Greenwich - Westhorne Avenue,51.455,0.03,20.0,-1.0,,-1.0,-1.0,,,20.0,-0.8660254037844385,-0.5000000000000004,0.43388373911755823,-0.900968867902419,-0.4999999999999997,-0.8660254037844388,68,Moderate,20.0,0.0,20.0,20.0,20.0,0.0,20.0,20.0,20.0,0.0,20.0,20.0,6.0,0.0,0,0,0,0
2026-07-24 13:25:32.487732,LONDON_CT3,London City of London - Sir John Cass School,51.514,-0.077,22.38,32.65,1.47,18.22,35.48,,,22.38,-0.2588190451025208,-0.9659258262890683,-0.433883739117558,-0.9009688679024191,-0.4999999999999997,-0.8660254037844388,73,Moderate,22.38,0.0,22.38,22.38,22.38,0.0,22.38,22.38,22.38,0.0,22.38,22.38,5.4,0.0,0,0,0,0
2026-07-24 13:25:34.175748,LONDON_SK6,London Southwark - A2 Invaliders,51.491,-0.102,8.71,42.78,1.28,25.49,30.06,,,8.71,-0.2588190451025208,-0.9659258262890683,-0.433883739117558,-0.9009688679024191,-0.4999999999999997,-0.8660254037844388,36,Good,8.71,0.0,8.71,8.71,8.71,0.0,8.71,8.71,5.9275,1.9393362266507583,4.2,8.71,22.38,0.0,0,0,0,0
2026-07-24 13:25:37.578949,LONDON_HF1,London Hammersmith and Fulham,51.49,-0.224,34.92,25.64,1.26,50.5,89.1,,,34.92,-0.2588190451025208,-0.9659258262890683,-0.433883739117558,-0.9009688679024191,-0.4999999999999997,-0.8660254037844388,99,Moderate,34.92,0.0,34.92,34.92,34.92,0.0,34.92,34.92,17.48,11.636219317286868,11.0,34.92,12.0,0.0,0,0,0,0
2026-07-24 13:25:37.699905,LONDON_HIL,London Hillingdon,51.496,-0.46,17.95,33.25,0.77,33.52,85.06,,,17.95,-0.2588190451025208,-0.9659258262890683,-0.433883739117558,-0.9009688679024191,-0.4999999999999997,-0.8660254037844388,63,Moderate,17.95,0.0,17.95,17.95,17.95,0.0,17.95,17.95,9.2375,5.827431538279393,6.0,17.95,20.0,0.0,0,0,0,0
2026-07-24 13:25:37.935427,LONDON_WL1,London Waltham Forest,51.585,-0.012,5.4,25.95,0.47,52.46,45.48,,,5.4,-0.2588190451025208,-0.9659258262890683,-0.433883739117558,-0.9009688679024191,-0.4999999999999997,-0.8660254037844388,23,Good,5.4,0.0,5.4,5.4,5.4,0.0,5.4,5.4,5.4,0.0,5.4,5.4,5.4,0.0,0,0,0,0
2026-07-24 13:25:38.241451,LONDON_BX1,London Bexley - Erith,51.481,0.181,11.12,22.11,2.13,79.97,79.23,,,11.12,-0.2588190451025208,-0.9659258262890683,-0.433883739117558,-0.9009688679024191,-0.4999999999999997,-0.8660254037844388,46,Good,11.12,0.0,11.12,11.12,11.12,0.0,11.12,11.12,11.12,0.0,11.12,11.12,5.4,0.0,0,0,0,0
2026-07-24 13:25:39.449055,LONDON_MY7,London Marylebone Road,51.522,-0.154,21.65,21.89,1.35,20.89,75.11,,,21.65,-0.2588190451025208,-0.9659258262890683,-0.433883739117558,-0.9009688679024191,-0.4999999999999997,-0.8660254037844388,71,Moderate,21.65,0.0,21.65,21.65,21.65,0.0,21.65,21.65,21.65,0.0,21.65,21.65,22.38,0.0,0,0,0,0
2026-07-24 13:25:40.171046,LONDON_KC1,London N. Kensington,51.521,-0.213,9.96,28.53,1.94,78.91,29.14,,,9.96,-0.2588190451025208,-0.9659258262890683,-0.433883739117558,-0.9009688679024191,-0.4999999999999997,-0.8660254037844388,42,Good,9.96,0.0,9.96,9.96,9.96,0.0,9.96,9.96,5.790000000000001,2.868518781531681,3.4,9.96,20.0,0.0,0,0,0,0
2026-07-24 13:25:41.808853,LONDON_TH4,London Tower Hamlets - Mile End Road,51.524,-0.033,14.9,31.34,0.66,38.16,58.38,,,14.9,-0.2588190451025208,-0.9659258262890683,-0.433883739117558,-0.9009688679024191,-0.4999999999999997,-0.8660254037844388,57,Moderate,14.9,0.0,14.9,14.9,14.9,0.0,14.9,14.9,16.925,4.317696144936557,11.8,20.5,14.9,0.0,0,0,0,0
2026-07-24 13:25:42.555925,LONDON_GR9,London Greenwich - Westhorne Avenue,51.455,0.03,27.7,17.48,0.54,34.81,50.33,,,27.7,-0.2588190451025208,-0.9659258262890683,-0.433883739117558,-0.9009688679024191,-0.4999999999999997,-0.8660254037844388,84,Moderate,27.7,0.0,27.7,27.7,27.7,0.0,27.7,27.7,21.925,3.8499999999999996,20.0,27.7,20.0,0.0,0,0,0,0
2026-07-24 13:40:29.892825,LONDON_CT3,London City of London - Sir John Cass School,51.514,-0.077,21.52,50.13,1.15,32.82,28.9,,,21.52,-0.2588190451025208,-0.9659258262890683,-0.433883739117558,-0.9009688679024191,-0.4999999999999997,-0.8660254037844388,71,Moderate,21.95,0.6081118318204305,21.52,22.38,21.95,0.6081118318204305,21.52,22.38,21.95,0.6081118318204305,21.52,22.38,6.0,0.0,0,0,0,0
2026-07-24 13:40:29.911983,LONDON_SK6,London Southwark - A2 Invaliders,51.491,-0.102,25.03,18.08,1.39,58.33,78.88,,,25.03,-0.2588190451025208,-0.9659258262890683,-0.433883739117558,-0.9009688679024191,-0.4999999999999997,-0.8660254037844388,78,Moderate,16.87,11.539982668964456,8.71,25.03,16.87,11.539982668964456,8.71,25.03,9.748000000000001,8.706426936464808,4.2,25.03,14.9,0.0,0,0,0,0
2026-07-24 13:40:29.932542,LONDON_HF1,London Hammersmith and Fulham,51.49,-0.224,9.93,34.7,1.3,16.26,21.09,,,9.93,-0.2588190451025208,-0.9659258262890683,-0.433883739117558,-0.9009688679024191,-0.4999999999999997,-0.8660254037844388,41,Good,22.425,17.670598461851824,9.93,34.92,22.425,17.670598461851824,9.93,34.92,15.969999999999999,10.627873729020308,9.93,34.92,20.0,0.0,0,0,0,0
2026-07-24 13:40:29.949020,LONDON_HIL,London Hillingdon,51.496,-0.46,11.17,48.15,2.03,76.06,57.88,,,11.17,-0.2588190451025208,-0.9659258262890683,-0.433883739117558,-0.9009688679024191,-0.4999999999999997,-0.8660254037844388,47,Good,14.559999999999999,4.794183976444791,11.17,17.95,14.559999999999999,4.794183976444791,11.17,17.95,9.623999999999999,5.120168942525237,6.0,17.95,11.8,0.0,0,0,0,0
2026-07-24 13:40:29.974432,LONDON_WL1,London Waltham Forest,51.585,-0.012,9.29,43.36,0.68,50.3,41.17,,,9.29,-0.2588190451025208,-0.9659258262890683,-0.433883739117558,-0.9009688679024191,-0.4999999999999997,-0.8660254037844388,39,Good,7.345,2.750645378815669,5.4,9.29,7.345,2.750645378815669,5.4,9.29,7.345,2.750645378815669,5.4,9.29,9.29,0.0,0,0,0,0
2026-07-24 13:40:29.997376,LONDON_BX1,London Bexley - Erith,51.481,0.181,14.81,38.53,0.44,49.51,63.31,,,14.81,-0.2588190451025208,-0.9659258262890683,-0.433883739117558,-0.9009688679024191,-0.4999999999999997,-0.8660254037844388,57,Moderate,12.965,2.609224022578361,11.12,14.81,12.965,2.609224022578361,11.12,14.81,12.965,2.609224022578361,11.12,14.81,12.0,0.0,0,0,0,0
2026-07-24 13:40:30.009617,LONDON_MY7,London Marylebone Road,51.522,-0.154,26.35,15.43,0.22,51.0,27.96,,,26.35,-0.2588190451025208,-0.9659258262890683,-0.433883739117558,-0.9009688679024191,-0.4999999999999997,-0.8660254037844388,81,Moderate,24.0,3.3234018715767757,21.65,26.35,24.0,3.3234018715767757,21.65,26.35,24.0,3.3234018715767757,21.65,26.35,9.96,0.0,0,0,0,0
2026-07-24 13:40:30.033866,LONDON_KC1,London N. Kensington,51.521,-0.213,10.28,50.78,1.03,62.22,88.01,,,10.28,-0.2588190451025208,-0.9659258262890683,-0.433883739117558,-0.9009688679024191,-0.4999999999999997,-0.8660254037844388,43,Good,10.120000000000001,0.22627416997969352,9.96,10.28,10.120000000000001,0.22627416997969352,9.96,10.28,6.688,3.1942636084080474,3.4,10.28,11.12,0.0,0,0,0,0
2026-07-24 13:40:30.056453,LONDON_TH4,London Tower Hamlets - Mile End Road,51.524,-0.033,17.87,32.38,2.08,31.37,85.2,,,17.87,-0.2588190451025208,-0.9659258262890683,-0.433883739117558,-0.9009688679024191,-0.4999999999999997,-0.8660254037844388,63,Moderate,16.385,2.100107140124046,14.9,17.87,16.385,2.100107140124046,14.9,17.87,17.113999999999997,3.763041323185277,11.8,20.5,10.28,0.0,0,0,0,0
2026-07-24 13:40:30.077380,LONDON_GR9,London Greenwich - Westhorne Avenue,51.455,0.03,25.82,16.02,0.35,65.75,60.09,,,25.82,-0.2588190451025208,-0.9659258262890683,-0.433883739117558,-0.9009688679024191,-0.4999999999999997,-0.8660254037844388,80,Moderate,26.759999999999998,1.3293607486307073,25.82,27.7,26.759999999999998,1.3293607486307073,25.82,27.7,22.704,3.7617921261016,20.0,27.7,6.0,0.0,0,0,0,0
2026-07-24 13:55:29.896290,LONDON_CT3,London City of London - Sir John Cass School,51.514,-0.077,28.99,33.73,1.76,18.72,36.35,,,28.99,-0.2588190451025208,-0.9659258262890683,-0.433883739117558,-0.9009688679024191,-0.4999999999999997,-0.8660254037844388,87,Moderate,24.296666666666667,4.087228074543104,21.52,28.99,24.296666666666667,4.087228074543104,21.52,28.99,24.296666666666667,4.087228074543104,21.52,28.99,20.5,0.0,0,0,0,0
2026-07-24 13:55:29.912434,LONDON_SK6,London Southwark - A2 Invaliders,51.491,-0.102,25.56,50.94,0.36,60.68,22.8,,,25.56,-0.2588190451025208,-0.9659258262890683,-0.433883739117558,-0.9009688679024191,-0.4999999999999997,-0.8660254037844388,79,Moderate,19.766666666666666,9.579020478803317,8.71,25.56,19.766666666666666,9.579020478803317,8.71,25.56,12.383333333333333,10.114909127949032,4.2,25.56,26.35,0.0,0,0,0,0
2026-07-24 13:55:29.931500,LONDON_HF1,London Hammersmith and Fulham,51.49,-0.224,6.69,21.26,1.06,37.87,82.33,,,6.69,-0.2588190451025208,-0.9659258262890683,-0.433883739117558,-0.9009688679024191,-0.4999999999999997,-0.8660254037844388,28,Good,17.18,15.448465943257926,6.69,34.92,17.18,15.448465943257926,6.69,34.92,14.423333333333334,10.233006726601264,6.69,34.92,3.4,0.0,0,0,0,0
2026-07-24 13:55:29.946058,LONDON_HIL,London Hillingdon,51.496,-0.46,23.81,16.96,1.02,39.01,51.37,,,23.81,-0.2588190451025208,-0.9659258262890683,-0.433883739117558,-0.9009688679024191,-0.4999999999999997,-0.8660254037844388,76,Moderate,17.643333333333334,6.325577707477265,11.17,23.81,17.643333333333334,6.325577707477265,11.17,23.81,11.988333333333335,7.383314747907383,6.0,23.81,17.95,0.0,0,0,0,0
2026-07-24 13:55:29.958548,LONDON_WL1,London Waltham Forest,51.585,-0.012,14.87,21.97,0.38,35.34,31.4,,,14.87,-0.2588190451025208,-0.9659258262890683,-0.433883739117558,-0.9009688679024191,-0.4999999999999997,-0.8660254037844388,57,Moderate,9.853333333333333,4.760066526145756,5.4,14.87,9.853333333333333,4.760066526145756,5.4,14.87,9.853333333333333,4.760066526145756,5.4,14.87,14.87,0.0,0,0,0,0
2026-07-24 13:55:29.973503,LONDON_BX1,London Bexley - Erith,51.481,0.181,7.55,39.0,1.83,19.91,29.68,,,7.55,-0.2588190451025208,-0.9659258262890683,-0.433883739117558,-0.9009688679024191,-0.4999999999999997,-0.8660254037844388,31,Good,11.159999999999998,3.6301652854932107,7.55,14.81,11.159999999999998,3.6301652854932107,7.55,14.81,11.159999999999998,3.6301652854932107,7.55,14.81,6.0,0.0,0,0,0,0
2026-07-24 13:55:29.987146,LONDON_MY7,London Marylebone Road,51.522,-0.154,19.81,13.44,1.88,66.41,43.1,,,19.81,-0.2588190451025208,-0.9659258262890683,-0.433883739117558,-0.9009688679024191,-0.4999999999999997,-0.8660254037844388,67,Moderate,22.603333333333335,3.37261520682887,19.81,26.35,22.603333333333335,3.37261520682887,19.81,26.35,22.603333333333335,3.37261520682887,19.81,26.35,9.29,0.0,0,0,0,0
2026-07-24 13:55:30.000702,LONDON_KC1,London N. Kensington,51.521,-0.213,28.69,53.32,1.24,37.13,77.8,,,28.69,-0.2588190451025208,-0.9659258262890683,-0.433883739117558,-0.9009688679024191,-0.4999999999999997,-0.8660254037844388,86,Moderate,16.31,10.722588306934105,9.96,28.69,16.31,10.722588306934105,9.96,28.69,10.355,9.425708991900821,3.4,28.69,25.03,0.0,0,0,0,0
2026-07-24 13:55:30.012571,LONDON_TH4,London Tower Hamlets - Mile End Road,51.524,-0.033,19.56,49.05,0.2,63.84,78.95,,,19.56,-0.2588190451025208,-0.9659258262890683,-0.433883739117558,-0.9009688679024191,-0.4999999999999997,-0.8660254037844388,67,Moderate,17.44333333333333,2.3591170664749397,14.9,19.56,17.44333333333333,2.3591170664749397,14.9,19.56,17.521666666666665,3.5107743685213757,11.8,20.5,19.81,0.0,0,0,0,0
2026-07-24 13:55:30.026048,LONDON_GR9,London Greenwich - Westhorne Avenue,51.455,0.03,11.67,20.59,0.21,31.94,38.11,,,11.67,-0.2588190451025208,-0.9659258262890683,-0.433883739117558,-0.9009688679024191,-0.4999999999999997,-0.8660254037844388,49,Good,21.73,8.762779239487891,11.67,27.7,21.73,8.762779239487891,11.67,27.7,20.865,5.622489662062528,11.67,27.7,20.0,0.0,0,0,0,0
2026-07-24 14:10:29.893882,LONDON_CT3,London City of London - Sir John Cass School,51.514,-0.077,20.62,24.3,1.76,37.15,59.93,,,20.62,-0.4999999999999997,-0.8660254037844388,-0.433883739117558,-0.9009688679024191,-0.4999999999999997,-0.8660254037844388,69,Moderate,23.377499999999998,3.8100426506799097,20.62,28.99,23.377499999999998,3.8100426506799097,20.62,28.99,23.377499999999998,3.8100426506799097,20.62,28.99,5.4,0.0,0,0,0,0
2026-07-24 14:10:29.934898,LONDON_SK6,London Southwark - A2 Invaliders,51.491,-0.102,20.77,38.96,1.37,28.15,78.27,,,20.77,-0.4999999999999997,-0.8660254037844388,-0.433883739117558,-0.9009688679024191,-0.4999999999999997,-0.8660254037844388,69,Moderate,20.0175,7.837309806304712,8.71,25.56,20.0175,7.837309806304712,8.71,25.56,13.581428571428571,9.762556749423496,4.2,25.56,14.87,0.0,0,0,0,0
2026-07-24 14:10:29.964898,LONDON_HF1,London Hammersmith and Fulham,51.49,-0.224,34.64,25.79,2.48,44.99,59.81,,,34.64,-0.4999999999999997,-0.8660254037844388,-0.433883739117558,-0.9009688679024191,-0.4999999999999997,-0.8660254037844388,98,Moderate,21.545,15.340022816149915,6.69,34.92,21.545,15.340022816149915,6.69,34.92,17.31142857142857,12.068540962037664,6.69,34.92,8.71,0.0,0,0,0,0
2026-07-24 14:10:29.994155,LONDON_HIL,London Hillingdon,51.496,-0.46,7.41,38.41,2.17,44.82,23.38,,,7.41,-0.4999999999999997,-0.8660254037844388,-0.433883739117558,-0.9009688679024191,-0.4999999999999997,-0.8660254037844388,31,Good,15.085,7.270183399795816,7.41,23.81,15.085,7.270183399795816,7.41,23.81,11.334285714285715,6.958608235231279,6.0,23.81,14.9,0.0,0,0,0,0
2026-07-24 14:10:30.027147,LONDON_WL1,London Waltham Forest,51.585,-0.012,32.13,49.54,0.4,23.04,84.71,,,32.13,-0.4999999999999997,-0.8660254037844388,-0.433883739117558,-0.9009688679024191,-0.4999999999999997,-0.8660254037844388,93,Moderate,15.4225,11.79694699205406,5.4,32.13,15.4225,11.79694699205406,5.4,32.13,15.4225,11.79694699205406,5.4,32.13,32.13,0.0,0,0,0,0
2026-07-24 14:10:30.076435,LONDON_BX1,London Bexley - Erith,51.481,0.181,16.2,51.07,0.67,37.34,22.67,,,16.2,-0.4999999999999997,-0.8660254037844388,-0.433883739117558,-0.9009688679024191,-0.4999999999999997,-0.8660254037844388,60,Moderate,12.42,3.8904755493384098,7.55,16.2,12.42,3.8904755493384098,7.55,16.2,12.42,3.8904755493384098,7.55,16.2,4.9,0.0,0,0,0,0
2026-07-24 14:10:30.101271,LONDON_MY7,London Marylebone Road,51.522,-0.154,10.96,13.85,2.1,75.94,65.19,,,10.96,-0.4999999999999997,-0.8660254037844388,-0.433883739117558,-0.9009688679024191,-0.4999999999999997,-0.8660254037844388,46,Good,19.6925,6.440095107993359,10.96,26.35,19.6925,6.440095107993359,10.96,26.35,19.6925,6.440095107993359,10.96,26.35,25.56,0.0,0,0,0,0
2026-07-24 14:10:30.117747,LONDON_KC1,London N. Kensington,51.521,-0.213,13.98,35.55,1.43,20.9,38.86,,,13.98,-0.4999999999999997,-0.8660254037844388,-0.433883739117558,-0.9009688679024191,-0.4999999999999997,-0.8660254037844388,55,Moderate,15.7275,8.83212837693535,9.96,28.69,15.7275,8.83212837693535,9.96,28.69,10.872857142857143,8.712857767471617,3.4,28.69,10.28,0.0,0,0,0,0
2026-07-24 14:10:30.137839,LONDON_TH4,London Tower Hamlets - Mile End Road,51.524,-0.033,12.34,11.0,1.39,18.51,31.43,,,12.34,-0.4999999999999997,-0.8660254037844388,-0.433883739117558,-0.9009688679024191,-0.4999999999999997,-0.8660254037844388,52,Moderate,16.1675,3.1970754865449553,12.34,19.56,16.1675,3.1970754865449553,12.34,19.56,16.78142857142857,3.7559216737104117,11.8,20.5,16.2,0.0,0,0,0,0
2026-07-24 14:10:30.155700,LONDON_GR9,London Greenwich - Westhorne Avenue,51.455,0.03,30.32,35.52,0.76,37.43,23.22,,,30.32,-0.4999999999999997,-0.8660254037844388,-0.433883739117558,-0.9009688679024191,-0.4999999999999997,-0.8660254037844388,89,Moderate,23.877499999999998,8.344932094790625,11.67,30.32,23.877499999999998,8.344932094790625,11.67,30.32,22.215714285714284,6.254171560227774,11.67,30.32,7.0,0.0,0,0,0,0
2026-07-24 14:25:29.905441,LONDON_CT3,London City of London - Sir John Cass School,51.514,-0.077,14.18,41.31,2.13,69.84,78.81,,,14.18,-0.4999999999999997,-0.8660254037844388,-0.433883739117558,-0.9009688679024191,-0.4999999999999997,-0.8660254037844388,55,Moderate,21.538,5.273150860728337,14.18,28.99,21.538,5.273150860728337,14.18,28.99,21.538,5.273150860728337,14.18,28.99,6.0,0.0,0,0,0,0
2026-07-24 14:25:29.980481,LONDON_SK6,London Southwark - A2 Invaliders,51.491,-0.102,17.82,17.97,0.17,31.25,82.89,,,17.82,-0.4999999999999997,-0.8660254037844388,-0.433883739117558,-0.9009688679024191,-0.4999999999999997,-0.8660254037844388,63,Moderate,19.578,6.85808792594554,8.71,25.56,19.578,6.85808792594554,8.71,25.56,14.11125,9.161759714783429,4.2,25.56,34.64,0.0,0,0,0,0
2026-07-24 14:25:30.116227,LONDON_HF1,London Hammersmith and Fulham,51.49,-0.224,31.74,17.73,0.13,52.0,85.98,,,31.74,-0.4999999999999997,-0.8660254037844388,-0.433883739117558,-0.9009688679024191,-0.4999999999999997,-0.8660254037844388,92,Moderate,23.584,14.04545584877899,6.69,34.92,23.584,14.04545584877899,6.69,34.92,19.115,12.28273352544713,6.69,34.92,11.12,0.0,0,0,0,0
2026-07-24 14:25:30.165300,LONDON_HIL,London Hillingdon,51.496,-0.46,23.61,49.95,1.84,18.35,63.95,,,23.61,-0.4999999999999997,-0.8660254037844388,-0.433883739117558,-0.9009688679024191,-0.4999999999999997,-0.8660254037844388,75,Moderate,16.79,7.360489114182562,7.41,23.81,16.79,7.360489114182562,7.41,23.81,12.86875,7.767973513085636,6.0,23.81,11.17,0.0,0,0,0,0
2026-07-24 14:25:30.340749,LONDON_WL1,London Waltham Forest,51.585,-0.012,24.26,13.18,2.45,33.57,23.06,,,24.26,-0.4999999999999997,-0.8660254037844388,-0.433883739117558,-0.9009688679024191,-0.4999999999999997,-0.8660254037844388,77,Moderate,17.19,10.954279985466869,5.4,32.13,17.19,10.954279985466869,5.4,32.13,17.19,10.954279985466869,5.4,32.13,24.26,0.0,0,0,0,0
2026-07-24 14:25:30.548782,LONDON_BX1,London Bexley - Erith,51.481,0.181,12.47,43.29,0.12,71.64,49.65,,,12.47,-0.4999999999999997,-0.8660254037844388,-0.433883739117558,-0.9009688679024191,-0.4999999999999997,-0.8660254037844388,52,Moderate,12.43,3.369324858187468,7.55,16.2,12.43,3.369324858187468,7.55,16.2,12.43,3.369324858187468,7.55,16.2,20.5,0.0,0,0,0,0
2026-07-24 14:25:30.621902,LONDON_MY7,London Marylebone Road,51.522,-0.154,24.69,29.28,1.65,20.44,87.21,,,24.69,-0.4999999999999997,-0.8660254037844388,-0.433883739117558,-0.9009688679024191,-0.4999999999999997,-0.8660254037844388,77,Moderate,20.692,6.008420757570161,10.96,26.35,20.692,6.008420757570161,10.96,26.35,20.692,6.008420757570161,10.96,26.35,19.56,0.0,0,0,0,0
2026-07-24 14:25:30.641308,LONDON_KC1,London N. Kensington,51.521,-0.213,11.14,19.97,0.38,64.02,43.67,,,11.14,-0.4999999999999997,-0.8660254037844388,-0.433883739117558,-0.9009688679024191,-0.4999999999999997,-0.8660254037844388,46,Good,14.809999999999999,7.919210819267283,9.96,28.69,14.809999999999999,7.919210819267283,9.96,28.69,10.90625,8.067091771069494,3.4,28.69,23.81,0.0,0,0,0,0
2026-07-24 14:25:30.695546,LONDON_TH4,London Tower Hamlets - Mile End Road,51.524,-0.033,19.12,20.91,1.0,64.77,66.28,,,19.12,-0.4999999999999997,-0.8660254037844388,-0.433883739117558,-0.9009688679024191,-0.4999999999999997,-0.8660254037844388,66,Moderate,16.758,3.0674777912806475,12.34,19.56,16.758,3.0674777912806475,12.34,19.56,17.07375,3.5742529189428422,11.8,20.5,24.26,0.0,0,0,0,0
2026-07-24 14:25:30.716898,LONDON_GR9,London Greenwich - Westhorne Avenue,51.455,0.03,8.28,15.13,0.34,73.25,67.98,,,8.28,-0.4999999999999997,-0.8660254037844388,-0.433883739117558,-0.9009688679024191,-0.4999999999999997,-0.8660254037844388,34,Good,20.758,10.044143567273418,8.28,30.32,20.758,10.044143567273418,8.28,30.32,20.47375,7.602786965505291,8.28,30.32,20.0,0.0,0,0,0,0
2026-07-24 14:40:29.902202,LONDON_CT3,London City of London - Sir John Cass School,51.514,-0.077,31.74,41.48,0.31,71.21,54.46,,,31.74,-0.4999999999999997,-0.8660254037844388,-0.433883739117558,-0.9009688679024191,-0.4999999999999997,-0.8660254037844388,92,Moderate,23.8825,8.01268317523329,14.18,31.74,23.238333333333333,6.292193311291911,14.18,31.74,23.238333333333333,6.292193311291911,14.18,31.74,20.5,0.0,0,0,0,0
2026-07-24 14:40:29.913206,LONDON_SK6,London Southwark - A2 Invaliders,51.491,-0.102,29.5,25.15,1.96,55.25,63.8,,,29.5,-0.4999999999999997,-0.8660254037844388,-0.433883739117558,-0.9009688679024191,-0.4999999999999997,-0.8660254037844388,88,Moderate,23.4125,5.161662361423241,17.82,29.5,21.231666666666666,7.350807892107279,8.71,29.5,15.82111111111111,9.987904490488036,4.2,29.5,14.18,0.0,0,0,0,0
2026-07-24 14:40:29.924619,LONDON_HF1,London Hammersmith and Fulham,51.49,-0.224,24.09,21.1,2.13,47.17,37.33,,,24.09,-0.4999999999999997,-0.8660254037844388,-0.433883739117558,-0.9009688679024191,-0.4999999999999997,-0.8660254037844388,76,Moderate,21.418,12.623318501883725,6.69,34.64,23.668333333333333,12.564335902333504,6.69,34.92,19.667777777777776,11.608506339940746,6.69,34.92,27.7,0.0,0,0,0,0
2026-07-24 14:40:29.935257,LONDON_HIL,London Hillingdon,51.496,-0.46,13.93,36.14,0.55,57.22,29.95,,,13.93,-0.4999999999999997,-0.8660254037844388,-0.433883739117558,-0.9009688679024191,-0.4999999999999997,-0.8660254037844388,55,Moderate,15.985999999999999,7.421406874710482,7.41,23.81,16.313333333333333,6.686157840394337,7.41,23.81,12.986666666666666,7.274879724091663,6.0,23.81,17.87,0.0,0,0,0,0
2026-07-24 14:40:29.945172,LONDON_WL1,London Waltham Forest,51.585,-0.012,14.55,52.78,1.12,79.79,23.99,,,14.55,-0.4999999999999997,-0.8660254037844388,-0.433883739117558,-0.9009688679024191,-0.4999999999999997,-0.8660254037844388,56,Moderate,19.02,9.09953295504775,9.29,32.13,16.75,9.85690620833941,5.4,32.13,16.75,9.85690620833941,5.4,32.13,14.55,0.0,0,0,0,0
2026-07-24 14:40:29.952008,LONDON_BX1,London Bexley - Erith,51.481,0.181,28.78,46.64,0.65,62.43,24.53,,,28.78,-0.4999999999999997,-0.8660254037844388,-0.433883739117558,-0.9009688679024191,-0.4999999999999997,-0.8660254037844388,86,Moderate,15.962,7.8841721188720895,7.55,28.78,15.155000000000001,7.323635026405945,7.55,28.78,15.155000000000001,7.323635026405945,7.55,28.78,20.0,0.0,0,0,0,0
2026-07-24 14:40:30.069413,LONDON_MY7,London Marylebone Road,51.522,-0.154,30.86,27.3,2.11,36.91,49.08,,,30.86,-0.4999999999999997,-0.8660254037844388,-0.433883739117558,-0.9009688679024191,-0.4999999999999997,-0.8660254037844388,90,Moderate,21.58,8.400551569192743,10.96,30.86,22.386666666666667,6.790601347941628,10.96,30.86,22.386666666666667,6.790601347941628,10.96,30.86,16.2,0.0,0,0,0,0
2026-07-24 14:40:30.174564,LONDON_KC1,London N. Kensington,51.521,-0.213,7.8,47.16,0.12,29.63,79.86,,,7.8,-0.4999999999999997,-0.8660254037844388,-0.433883739117558,-0.9009688679024191,-0.4999999999999997,-0.8660254037844388,32,Good,15.4025,9.211371142958757,7.8,28.69,13.641666666666666,7.639446096849344,7.8,28.69,10.56111111111111,7.616778263223311,3.4,28.69,11.67,0.0,0,0,0,0
2026-07-24 14:40:30.189872,LONDON_TH4,London Tower Hamlets - Mile End Road,51.524,-0.033,25.99,27.46,0.57,31.26,41.18,,,25.99,-0.4999999999999997,-0.8660254037844388,-0.433883739117558,-0.9009688679024191,-0.4999999999999997,-0.8660254037844388,80,Moderate,19.252499999999998,5.576398927623452,12.34,25.99,18.296666666666667,4.661813667089951,12.34,25.99,18.064444444444444,4.473438585448309,11.8,25.99,13.93,0.0,0,0,0,0
2026-07-24 14:40:30.202965,LONDON_GR9,London Greenwich - Westhorne Avenue,51.455,0.03,21.78,31.68,2.11,72.97,79.53,,,21.78,-0.4999999999999997,-0.8660254037844388,-0.433883739117558,-0.9009688679024191,-0.4999999999999997,-0.8660254037844388,71,Moderate,18.012500000000003,10.010285959951394,8.28,30.32,20.92833333333333,8.993438534101774,8.28,30.32,20.61888888888889,7.125072709180666,8.28,30.32,34.92,0.0,0,0,0,0
2026-07-24 14:55:29.917239,LONDON_CT3,London City of London - Sir John Cass School,51.514,-0.077,32.86,54.44,1.29,43.11,77.37,,,32.86,-0.4999999999999997,-0.8660254037844388,-0.433883739117558,-0.9009688679024191,-0.4999999999999997,-0.8660254037844388,95,Moderate,24.85,9.006923263060846,14.18,32.86,24.61285714285714,6.798403524077581,14.18,32.86,24.61285714285714,6.798403524077581,14.18,32.86,4.2,0.0,0,0,0,0
2026-07-24 14:55:30.025396,LONDON_SK6,London Southwark - A2 Invaliders,51.491,-0.102,28.42,28.51,0.71,45.01,24.24,,,28.42,-0.4999999999999997,-0.8660254037844388,-0.433883739117558,-0.9009688679024191,-0.4999999999999997,-0.8660254037844388,85,Moderate,24.1275,5.725576390198634,17.82,29.5,22.25857142857143,7.239501429821045,8.71,29.5,17.081,10.224831919292255,4.2,29.5,19.12,0.0,0,0,0,0
2026-07-24 14:55:30.221082,LONDON_HF1,London Hammersmith and Fulham,51.49,-0.224,11.01,22.55,1.69,78.95,20.14,,,11.01,-0.4999999999999997,-0.8660254037844388,-0.433883739117558,-0.9009688679024191,-0.4999999999999997,-0.8660254037844388,46,Good,25.369999999999997,10.557111347333606,11.01,34.64,21.860000000000003,12.427493713536933,6.69,34.92,18.802,11.281847563428807,6.69,34.92,11.17,0.0,0,0,0,0
2026-07-24 14:55:30.242309,LONDON_HIL,London Hillingdon,51.496,-0.46,27.18,43.6,0.81,55.37,49.87,,,27.18,-0.4999999999999997,-0.8660254037844388,-0.433883739117558,-0.9009688679024191,-0.4999999999999997,-0.8660254037844388,83,Moderate,18.0325,9.026872381949353,7.41,27.18,17.865714285714287,7.356842296218437,7.41,27.18,14.406,8.196860103451538,6.0,27.18,23.81,0.0,0,0,0,0
2026-07-24 14:55:30.289768,LONDON_WL1,London Waltham Forest,51.585,-0.012,24.24,38.35,0.65,43.44,77.9,,,24.24,-0.4999999999999997,-0.8660254037844388,-0.433883739117558,-0.9009688679024191,-0.4999999999999997,-0.8660254037844388,77,Moderate,23.795,7.196214282523831,14.55,32.13,17.82,9.432910473443497,5.4,32.13,17.82,9.432910473443497,5.4,32.13,24.24,0.0,0,0,0,0
2026-07-24 14:55:30.312530,LONDON_BX1,London Bexley - Erith,51.481,0.181,11.84,39.66,0.73,56.89,81.17,,,11.84,-0.4999999999999997,-0.8660254037844388,-0.433883739117558,-0.9009688679024191,-0.4999999999999997,-0.8660254037844388,49,Good,17.3225,7.876946849298063,11.84,28.78,14.68142857142857,6.801929698184746,7.55,28.78,14.68142857142857,6.801929698184746,7.55,28.78,5.4,0.0,0,0,0,0
2026-07-24 14:55:30.329021,LONDON_MY7,London Marylebone Road,51.522,-0.154,20.42,26.56,0.85,35.31,24.52,,,20.42,-0.4999999999999997,-0.8660254037844388,-0.433883739117558,-0.9009688679024191,-0.4999999999999997,-0.8660254037844388,68,Moderate,21.7325,8.363162778917234,10.96,30.86,22.10571428571429,6.243350748710869,10.96,30.86,22.10571428571429,6.243350748710869,10.96,30.86,31.74,0.0,0,0,0,0
2026-07-24 14:55:30.338972,LONDON_KC1,London N. Kensington,51.521,-0.213,30.54,34.89,0.57,71.9,69.07,,,30.54,-0.4999999999999997,-0.8660254037844388,-0.433883739117558,-0.9009688679024191,-0.4999999999999997,-0.8660254037844388,90,Moderate,15.865,10.104103126947981,7.8,30.54,16.055714285714284,9.456620004248975,7.8,30.54,12.559000000000001,9.564766884538042,3.4,30.54,16.2,0.0,0,0,0,0
2026-07-24 14:55:30.352284,LONDON_TH4,London Tower Hamlets - Mile End Road,51.524,-0.033,34.58,43.97,0.8,35.01,52.98,,,34.58,-0.4999999999999997,-0.8660254037844388,-0.433883739117558,-0.9009688679024191,-0.4999999999999997,-0.8660254037844388,98,Moderate,23.007499999999997,9.51711221957585,12.34,34.58,20.622857142857146,7.4825501764343105,12.34,34.58,19.716,6.713009260632173,11.8,34.58,11.01,0.0,0,0,0,0
2026-07-24 14:55:30.366135,LONDON_GR9,London Greenwich - Westhorne Avenue,51.455,0.03,26.53,54.44,2.36,37.0,51.07,,,26.53,-0.4999999999999997,-0.8660254037844388,-0.433883739117558,-0.9009688679024191,-0.4999999999999997,-0.8660254037844388,81,Moderate,21.7275,9.621730180516737,8.28,30.32,21.728571428571428,8.478459821947672,8.28,30.32,21.21,6.972807500888322,8.28,30.32,11.12,0.0,0,0,0,0
2026-07-24 15:10:29.912337,LONDON_CT3,London City of London - Sir John Cass School,51.514,-0.077,32.11,54.71,1.61,44.76,26.3,,,32.11,-0.7071067811865471,-0.7071067811865479,-0.433883739117558,-0.9009688679024191,-0.4999999999999997,-0.8660254037844388,93,Moderate,27.7225,9.040347983715375,14.18,32.86,25.549999999999997,6.829463480286825,14.18,32.86,25.549999999999997,6.829463480286825,14.18,32.86,7.0,0.0,0,0,0,0
2026-07-24 15:10:29.940803,LONDON_SK6,London Southwark - A2 Invaliders,51.491,-0.102,13.65,47.22,2.38,60.69,31.69,,,13.65,-0.7071067811865471,-0.7071067811865479,-0.433883739117558,-0.9009688679024191,-0.4999999999999997,-0.8660254037844388,54,Moderate,22.347500000000004,7.835353108401263,13.65,29.5,21.1825,7.361156256225745,8.71,29.5,16.76909090909091,9.755133473761857,4.2,29.5,30.86,0.0,0,0,0,0
2026-07-24 15:10:30.064580,LONDON_HF1,London Hammersmith and Fulham,51.49,-0.224,6.44,10.4,1.11,39.39,85.84,,,6.44,-0.7071067811865471,-0.7071067811865479,-0.433883739117558,-0.9009688679024191,-0.4999999999999997,-0.8660254037844388,27,Good,18.32,11.66132925527789,6.44,31.74,19.9325,12.731905647960614,6.44,34.92,17.67818181818182,11.333345329761922,6.44,34.92,10.28,0.0,0,0,0,0
2026-07-24 15:10:30.211718,LONDON_HIL,London Hillingdon,51.496,-0.46,21.65,52.51,1.77,28.36,25.82,,,21.65,-0.7071067811865471,-0.7071067811865479,-0.433883739117558,-0.9009688679024191,-0.4999999999999997,-0.8660254037844388,71,Moderate,21.5925,5.597847056383967,13.93,27.18,18.33875,6.941279086533177,7.41,27.18,15.064545454545454,8.077138557232214,6.0,27.18,19.56,0.0,0,0,0,0
2026-07-24 15:10:30.232830,LONDON_WL1,London Waltham Forest,51.585,-0.012,22.5,34.73,0.4,76.38,47.83,,,22.5,-0.7071067811865471,-0.7071067811865479,-0.433883739117558,-0.9009688679024191,-0.4999999999999997,-0.8660254037844388,73,Moderate,21.387500000000003,4.632388692672493,14.55,24.26,18.405,8.888543187722046,5.4,32.13,18.405,8.888543187722046,5.4,32.13,22.5,0.0,0,0,0,0
2026-07-24 15:10:30.245883,LONDON_BX1,London Bexley - Erith,51.481,0.181,33.34,22.32,2.21,77.76,43.73,,,33.34,-0.7071067811865471,-0.7071067811865479,-0.433883739117558,-0.9009688679024191,-0.4999999999999997,-0.8660254037844388,96,Moderate,21.6075,11.075412332429586,11.84,33.34,17.01375,9.120009300590496,7.55,33.34,17.01375,9.120009300590496,7.55,33.34,12.0,0.0,0,0,0,0
2026-07-24 15:10:30.270615,LONDON_MY7,London Marylebone Road,51.522,-0.154,27.44,33.47,1.92,69.43,47.49,,,27.44,-0.7071067811865471,-0.7071067811865479,-0.433883739117558,-0.9009688679024191,-0.4999999999999997,-0.8660254037844388,83,Moderate,25.852500000000003,4.414320446002983,20.42,30.86,22.7725,6.080112193513725,10.96,30.86,22.7725,6.080112193513725,10.96,30.86,8.28,0.0,0,0,0,0
2026-07-24 15:10:30.284531,LONDON_KC1,London N. Kensington,51.521,-0.213,19.4,41.53,0.59,70.46,57.79,,,19.4,-0.7071067811865471,-0.7071067811865479,-0.433883739117558,-0.9009688679024191,-0.4999999999999997,-0.8660254037844388,66,Moderate,17.22,10.130442570128247,7.8,30.54,16.47375,8.834608791565136,7.8,30.54,13.180909090909092,9.305416115946084,3.4,30.54,17.82,0.0,0,0,0,0
2026-07-24 15:10:30.301581,LONDON_TH4,London Tower Hamlets - Mile End Road,51.524,-0.033,22.14,35.68,1.57,70.22,43.1,,,22.14,-0.7071067811865471,-0.7071067811865479,-0.433883739117558,-0.9009688679024191,-0.4999999999999997,-0.8660254037844388,72,Moderate,25.4575,6.700081467166397,19.12,34.58,20.8125,6.948230504441915,12.34,34.58,19.936363636363637,6.4103202302650555,11.8,34.58,13.65,0.0,0,0,0,0
2026-07-24 15:10:30.312815,LONDON_GR9,London Greenwich - Westhorne Avenue,51.455,0.03,7.01,23.85,1.9,66.83,86.74,,,7.01,-0.7071067811865471,-0.7071067811865479,-0.433883739117558,-0.9009688679024191,-0.4999999999999997,-0.8660254037844388,29,Good,15.9,9.741112188383148,7.01,26.53,19.88875,9.41778323552993,7.01,30.32,19.91909090909091,7.879654122543013,7.01,30.32,14.9,0.0,0,0,0,0
2026-07-24 15:25:29.916510,LONDON_CT3,London City of London - Sir John Cass School,51.514,-0.077,33.04,26.77,1.91,49.46,27.53,,,33.04,-0.7071067811865471,-0.7071067811865479,-0.433883739117558,-0.9009688679024191,-0.4999999999999997,-0.8660254037844388,95,Moderate,32.4375,0.6151625801363307,31.74,33.04,26.38222222222222,6.8589153256505835,14.18,33.04,26.38222222222222,6.8589153256505835,14.18,33.04,11.8,0.0,0,0,0,0
2026-07-24 15:25:29.943511,LONDON_SK6,London Southwark - A2 Invaliders,51.491,-0.102,20.37,36.36,1.68,29.37,71.49,,,20.37,-0.7071067811865471,-0.7071067811865479,-0.433883739117558,-0.9009688679024191,-0.4999999999999997,-0.8660254037844388,68,Moderate,21.952000000000005,6.843001534414558,13.65,29.5,21.092222222222222,6.891055394092,8.71,29.5,17.069166666666668,9.359061198386913,4.2,29.5,24.24,0.0,0,0,0,0
2026-07-24 15:25:29.972490,LONDON_HF1,London Hammersmith and Fulham,51.49,-0.224,9.79,15.95,1.91,67.54,26.68,,,9.79,-0.7071067811865471,-0.7071067811865479,-0.433883739117558,-0.9009688679024191,-0.4999999999999997,-0.8660254037844388,41,Good,16.614,10.795468030613586,6.44,31.74,18.805555555555557,12.380176807209894,6.44,34.92,17.020833333333332,11.043242654824414,6.44,34.92,25.56,0.0,0,0,0,0
2026-07-24 15:25:29.999007,LONDON_HIL,London Hillingdon,51.496,-0.46,21.87,50.13,1.52,45.82,24.26,,,21.87,-0.7071067811865471,-0.7071067811865479,-0.433883739117558,-0.9009688679024191,-0.4999999999999997,-0.8660254037844388,72,Moderate,21.648000000000003,4.849465949978407,13.93,27.18,18.731111111111108,6.598803763646189,7.41,27.18,15.631666666666666,7.9478777422693545,6.0,27.18,7.41,0.0,0,0,0,0
2026-07-24 15:25:30.026095,LONDON_WL1,London Waltham Forest,51.585,-0.012,28.16,49.49,1.51,46.65,51.98,,,28.16,-0.7071067811865471,-0.7071067811865479,-0.433883739117558,-0.9009688679024191,-0.4999999999999997,-0.8660254037844388,85,Moderate,22.742,5.026690760331291,14.55,28.16,19.48888888888889,8.927696293619709,5.4,32.13,19.48888888888889,8.927696293619709,5.4,32.13,28.16,0.0,0,0,0,0
2026-07-24 15:25:30.060717,LONDON_BX1,London Bexley - Erith,51.481,0.181,11.25,19.15,0.45,65.02,65.77,,,11.25,-0.7071067811865471,-0.7071067811865479,-0.433883739117558,-0.9009688679024191,-0.4999999999999997,-0.8660254037844388,47,Good,19.536,10.651484873011839,11.25,33.34,16.373333333333335,8.74465265176382,7.55,33.34,16.373333333333335,8.74465265176382,7.55,33.34,6.0,0.0,0,0,0,0
2026-07-24 15:25:30.090447,LONDON_MY7,London Marylebone Road,51.522,-0.154,22.84,34.98,0.43,30.93,57.56,,,22.84,-0.7071067811865471,-0.7071067811865479,-0.433883739117558,-0.9009688679024191,-0.4999999999999997,-0.8660254037844388,74,Moderate,25.25,4.053356633704957,20.42,30.86,22.78,5.687468681232451,10.96,30.86,22.78,5.687468681232451,10.96,30.86,30.86,0.0,0,0,0,0
2026-07-24 15:25:30.130340,LONDON_KC1,London N. Kensington,51.521,-0.213,32.0,33.38,1.41,61.66,52.32,,,32.0,-0.7071067811865471,-0.7071067811865479,-0.433883739117558,-0.9009688679024191,-0.4999999999999997,-0.8660254037844388,93,Moderate,20.176,10.984492705628238,7.8,32.0,18.198888888888888,9.750844123003459,7.8,32.0,14.749166666666667,10.403463984596087,3.4,32.0,11.14,0.0,0,0,0,0
2026-07-24 15:25:30.156767,LONDON_TH4,London Tower Hamlets - Mile End Road,51.524,-0.033,8.43,31.0,1.45,18.26,87.4,,,8.43,-0.7071067811865471,-0.7071067811865479,-0.433883739117558,-0.9009688679024191,-0.4999999999999997,-0.8660254037844388,35,Good,22.052,9.573686332860502,8.43,34.58,19.436666666666667,7.699313281066045,8.43,34.58,18.9775,6.95626222125856,8.43,34.58,33.04,0.0,0,0,0,0
2026-07-24 15:25:30.166377,LONDON_GR9,London Greenwich - Westhorne Avenue,51.455,0.03,26.03,25.16,1.85,43.82,69.47,,,26.03,-0.7071067811865471,-0.7071067811865479,-0.433883739117558,-0.9009688679024191,-0.4999999999999997,-0.8660254037844388,80,Moderate,17.926,9.575506775100731,7.01,26.53,20.571111111111108,9.044244640162667,7.01,30.32,20.42833333333333,7.717281472988615,7.01,30.32,25.03,0.0,0,0,0,0
2026-07-24 15:40:29.907480,LONDON_CT3,London City of London - Sir John Cass School,51.514,-0.077,25.52,45.11,2.29,73.09,62.48,,,25.52,-0.7071067811865471,-0.7071067811865479,-0.433883739117558,-0.9009688679024191,-0.4999999999999997,-0.8660254037844388,79,Moderate,30.8825,3.597613792501912,25.52,33.04,26.296,6.472392997270107,14.18,33.04,26.296,6.472392997270107,14.18,33.04,22.38,0.0,0,0,0,0
2026-07-24 15:40:29.933785,LONDON_SK6,London Southwark - A2 Invaliders,51.491,-0.102,29.27,16.74,2.43,61.58,56.88,,,29.27,-0.7071067811865471,-0.7071067811865479,-0.433883739117558,-0.9009688679024191,-0.4999999999999997,-0.8660254037844388,87,Moderate,22.927500000000002,7.371288331537891,13.65,29.27,21.91,6.992707312304409,8.71,29.5,18.007692307692306,9.57828199091235,4.2,29.5,6.44,0.0,0,0,0,0
2026-07-24 15:40:29.964247,LONDON_HF1,London Hammersmith and Fulham,51.49,-0.224,9.44,39.38,0.52,46.19,69.67,,,9.44,-0.7071067811865471,-0.7071067811865479,-0.433883739117558,-0.9009688679024191,-0.4999999999999997,-0.8660254037844388,39,Good,9.17,1.9404295057194645,6.44,11.01,17.869,12.042021286589168,6.44,34.92,16.43769230769231,10.780126896165738,6.44,34.92,7.55,0.0,0,0,0,0
2026-07-24 15:40:29.986406,LONDON_HIL,London Hillingdon,51.496,-0.46,9.46,25.95,2.45,70.71,50.81,,,9.46,-0.7071067811865471,-0.7071067811865479,-0.433883739117558,-0.9009688679024191,-0.4999999999999997,-0.8660254037844388,39,Good,20.04,7.502377400975415,9.46,27.18,17.804,6.877595186949836,7.41,27.18,15.156923076923077,7.7996574546743025,6.0,27.18,12.34,0.0,0,0,0,0
2026-07-24 15:40:30.006791,LONDON_WL1,London Waltham Forest,51.585,-0.012,13.53,40.3,0.5,79.4,60.33,,,13.53,-0.7071067811865471,-0.7071067811865479,-0.433883739117558,-0.9009688679024191,-0.4999999999999997,-0.8660254037844388,54,Moderate,22.1075,6.188911455175294,13.53,28.16,18.893,8.625463659034992,5.4,32.13,18.893,8.625463659034992,5.4,32.13,13.53,0.0,0,0,0,0
2026-07-24 15:40:30.033973,LONDON_BX1,London Bexley - Erith,51.481,0.181,33.01,30.83,1.46,37.84,44.54,,,33.01,-0.7071067811865471,-0.7071067811865479,-0.433883739117558,-0.9009688679024191,-0.4999999999999997,-0.8660254037844388,95,Moderate,22.36,12.491135523508929,11.25,33.34,18.037,9.780095489195276,7.55,33.34,18.037,9.780095489195276,7.55,33.34,4.9,0.0,0,0,0,0
2026-07-24 15:40:30.060559,LONDON_MY7,London Marylebone Road,51.522,-0.154,32.68,47.02,2.33,17.72,45.58,,,32.68,-0.7071067811865471,-0.7071067811865479,-0.433883739117558,-0.9009688679024191,-0.4999999999999997,-0.8660254037844388,94,Moderate,26.848000000000003,5.192352068186438,20.42,32.68,23.77,6.209199268468967,10.96,32.68,23.77,6.209199268468967,10.96,32.68,27.18,0.0,0,0,0,0
2026-07-24 15:40:30.087178,LONDON_KC1,London N. Kensington,51.521,-0.213,17.89,50.65,0.63,23.4,61.3,,,17.89,-0.7071067811865471,-0.7071067811865479,-0.433883739117558,-0.9009688679024191,-0.4999999999999997,-0.8660254037844388,63,Moderate,21.526,9.963688072194953,7.8,32.0,18.168,9.19370291739587,7.8,32.0,14.99076923076923,9.998577783480394,3.4,32.0,13.93,0.0,0,0,0,0
2026-07-24 15:40:30.111070,LONDON_TH4,London Tower Hamlets - Mile End Road,51.524,-0.033,33.34,45.84,0.84,16.78,61.48,,,33.34,-0.7071067811865471,-0.7071067811865479,-0.433883739117558,-0.9009688679024191,-0.4999999999999997,-0.8660254037844388,96,Moderate,24.895999999999997,10.54754141968639,8.43,34.58,20.827,8.486641856470673,8.43,34.58,20.08230769230769,7.760471585591254,8.43,34.58,26.03,0.0,0,0,0,0
2026-07-24 15:40:30.121819,LONDON_GR9,London Greenwich - Westhorne Avenue,51.455,0.03,33.32,40.88,1.2,22.84,89.39,,,33.32,-0.7071067811865471,-0.7071067811865479,-0.433883739117558,-0.9009688679024191,-0.4999999999999997,-0.8660254037844388,96,Moderate,22.934,9.814414399239515,7.01,33.32,21.846,9.432023701789088,7.01,33.32,21.419999999999998,8.208387986281675,7.01,33.32,9.29,0.0,0,0,0,0
2026-07-24 15:57:43.510364,LONDON_CT3,London City of London - Sir John Cass School,51.514,-0.077,34.22,25.32,2.04,49.51,25.7,,,34.22,-0.7071067811865471,-0.7071067811865479,-0.433883739117558,-0.9009688679024191,-0.4999999999999997,-0.8660254037844388,98,Moderate,31.2225,3.898481542002389,25.52,34.22,27.016363636363636,6.588690723849881,14.18,34.22,27.016363636363636,6.588690723849881,14.18,34.22,34.92,0.0,0,0,0,0
2026-07-24 15:57:43.535416,LONDON_SK6,London Southwark - A2 Invaliders,51.491,-0.102,31.06,39.05,2.11,15.55,28.32,,,31.06,-0.7071067811865471,-0.7071067811865479,-0.433883739117558,-0.9009688679024191,-0.4999999999999997,-0.8660254037844388,91,Moderate,23.5875,8.108334703665522,13.65,31.06,22.741818181818182,7.184657010855589,8.71,31.06,18.94,9.841496915533812,4.2,31.06,33.04,0.0,0,0,0,0
2026-07-24 15:57:43.553894,LONDON_HF1,London Hammersmith and Fulham,51.49,-0.224,9.92,14.23,1.97,51.01,65.34,,,9.92,-0.7071067811865471,-0.7071067811865479,-0.433883739117558,-0.9009688679024191,-0.4999999999999997,-0.8660254037844388,41,Good,8.8975,1.6508255510501466,6.44,9.92,17.146363636363635,11.672766829443027,6.44,34.92,15.972142857142856,10.50267231823291,6.44,34.92,11.67,0.0,0,0,0,0
2026-07-24 15:57:43.567827,LONDON_HIL,London Hillingdon,51.496,-0.46,33.76,46.85,1.99,66.93,60.91,,,33.76,-0.7071067811865471,-0.7071067811865479,-0.433883739117558,-0.9009688679024191,-0.4999999999999997,-0.8660254037844388,97,Moderate,21.685000000000002,9.9212180031822,9.46,33.76,19.254545454545454,8.10654595205179,7.41,33.76,16.485714285714288,8.993034667311838,6.0,33.76,23.61,0.0,0,0,0,0
2026-07-24 15:57:43.590819,LONDON_WL1,London Waltham Forest,51.585,-0.012,9.67,50.61,1.68,68.62,31.36,,,9.67,-0.7071067811865471,-0.7071067811865479,-0.433883739117558,-0.9009688679024191,-0.4999999999999997,-0.8660254037844388,40,Good,18.465000000000003,8.405960187073614,9.67,28.16,18.054545454545455,8.642443362425192,5.4,32.13,18.054545454545455,8.642443362425192,5.4,32.13,9.67,0.0,0,0,0,0
2026-07-24 15:57:43.607883,LONDON_BX1,London Bexley - Erith,51.481,0.181,14.03,29.54,0.48,23.4,52.67,,,14.03,-0.7071067811865471,-0.7071067811865479,-0.433883739117558,-0.9009688679024191,-0.4999999999999997,-0.8660254037844388,55,Moderate,22.9075,11.910847646858166,11.25,33.34,17.672727272727272,9.356542193469863,7.55,33.34,17.672727272727272,9.356542193469863,7.55,33.34,20.5,0.0,0,0,0,0
2026-07-24 15:57:43.621297,LONDON_MY7,London Marylebone Road,51.522,-0.154,21.18,42.59,1.23,65.09,48.66,,,21.18,-0.7071067811865471,-0.7071067811865479,-0.433883739117558,-0.9009688679024191,-0.4999999999999997,-0.8660254037844388,70,Moderate,26.035000000000004,5.1610431762064,21.18,32.68,23.534545454545455,5.9421012506290465,10.96,32.68,23.534545454545455,5.9421012506290465,10.96,32.68,32.11,0.0,0,0,0,0
2026-07-24 15:57:43.652308,LONDON_KC1,London N. Kensington,51.521,-0.213,26.04,37.78,0.75,35.69,40.93,,,26.04,-0.7071067811865471,-0.7071067811865479,-0.433883739117558,-0.9009688679024191,-0.4999999999999997,-0.8660254037844388,80,Moderate,23.8325,6.494651004223912,17.89,32.0,18.883636363636363,9.039095389171719,7.8,32.0,15.780000000000001,10.049966704881703,3.4,32.0,21.78,0.0,0,0,0,0
2026-07-24 15:57:43.674699,LONDON_TH4,London Tower Hamlets - Mile End Road,51.524,-0.033,31.77,28.42,0.98,27.88,80.19,,,31.77,-0.7071067811865471,-0.7071067811865479,-0.433883739117558,-0.9009688679024191,-0.4999999999999997,-0.8660254037844388,92,Moderate,23.919999999999998,11.452327274401478,8.43,33.34,21.82181818181818,8.70098134486199,8.43,34.58,20.917142857142856,8.08390559509014,8.43,34.58,33.34,0.0,0,0,0,0
2026-07-24 15:57:43.697833,LONDON_GR9,London Greenwich - Westhorne Avenue,51.455,0.03,22.64,48.98,2.07,24.55,35.77,,,22.64,-0.7071067811865471,-0.7071067811865479,-0.433883739117558,-0.9009688679024191,-0.4999999999999997,-0.8660254037844388,73,Moderate,22.25,11.094187667422972,7.01,33.32,21.918181818181818,8.951205302283954,7.01,33.32,21.50714285714286,7.893101592355995,7.01,33.32,10.28,0.0,0,0,0,0
2026-07-24 16:12:43.514533,LONDON_CT3,London City of London - Sir John Cass School,51.514,-0.077,17.23,10.17,2.05,42.46,73.15,,,17.23,-0.8660254037844385,-0.5000000000000004,-0.433883739117558,-0.9009688679024191,-0.4999999999999997,-0.8660254037844388,62,Moderate,27.5025,7.85797418762198,17.23,34.22,26.200833333333332,6.888068020904415,14.18,34.22,26.200833333333332,6.888068020904415,14.18,34.22,5.4,0.0,0,0,0,0
2026-07-24 16:12:43.525120,LONDON_SK6,London Southwark - A2 Invaliders,51.491,-0.102,12.76,35.75,1.42,60.25,57.36,,,12.76,-0.8660254037844385,-0.5000000000000004,-0.433883739117558,-0.9009688679024191,-0.4999999999999997,-0.8660254037844388,52,Moderate,23.365,8.475810679024553,12.76,31.06,21.91,7.431668110800624,8.71,31.06,19.465714285714288,9.24082639851396,4.2,31.06,8.43,0.0,0,0,0,0
2026-07-24 16:12:43.536922,LONDON_HF1,London Hammersmith and Fulham,51.49,-0.224,31.35,37.64,2.28,50.39,45.85,,,31.35,-0.8660254037844385,-0.5000000000000004,-0.433883739117558,-0.9009688679024191,-0.4999999999999997,-0.8660254037844388,91,Moderate,15.125,10.818565832247206,9.44,31.35,18.330000000000002,11.86080711648855,6.44,34.92,17.354285714285716,11.19043459270579,6.44,34.92,7.41,0.0,0,0,0,0
2026-07-24 16:12:43.547815,LONDON_HIL,London Hillingdon,51.496,-0.46,15.78,13.15,2.16,69.45,58.61,,,15.78,-0.8660254037844385,-0.5000000000000004,-0.433883739117558,-0.9009688679024191,-0.4999999999999997,-0.8660254037844388,59,Moderate,20.217499999999998,10.35286232562441,9.46,33.76,18.965,7.7940962506012434,7.41,33.76,17.184285714285714,8.481139903688305,6.0,33.76,19.12,0.0,0,0,0,0
2026-07-24 16:12:43.561217,LONDON_WL1,London Waltham Forest,51.585,-0.012,14.58,16.67,0.77,40.45,58.08,,,14.58,-0.8660254037844385,-0.5000000000000004,-0.433883739117558,-0.9009688679024191,-0.4999999999999997,-0.8660254037844388,56,Moderate,16.485000000000003,8.064549997778341,9.67,28.16,17.765,8.30106619657981,5.4,32.13,17.765,8.30106619657981,5.4,32.13,14.58,0.0,0,0,0,0
2026-07-24 16:12:43.573321,LONDON_BX1,London Bexley - Erith,51.481,0.181,19.54,34.28,0.63,22.15,65.41,,,19.54,-0.8660254037844385,-0.5000000000000004,-0.433883739117558,-0.9009688679024191,-0.4999999999999997,-0.8660254037844388,67,Moderate,19.4575,9.66950317579278,11.25,33.01,17.828333333333333,8.937383014703753,7.55,33.34,17.828333333333333,8.937383014703753,7.55,33.34,20.0,0.0,0,0,0,0
2026-07-24 16:12:43.584653,LONDON_MY7,London Marylebone Road,51.522,-0.154,10.67,13.74,1.49,49.13,41.38,,,10.67,-0.8660254037844385,-0.5000000000000004,-0.433883739117558,-0.9009688679024191,-0.4999999999999997,-0.8660254037844388,44,Good,21.842499999999998,9.013139944917457,10.67,32.68,22.462500000000002,6.774221357469802,10.67,32.68,22.462500000000002,6.774221357469802,10.67,32.68,19.4,0.0,0,0,0,0
2026-07-24 16:12:43.597953,LONDON_KC1,London N. Kensington,51.521,-0.213,23.51,42.01,0.14,75.37,76.98,,,23.51,-0.8660254037844385,-0.5000000000000004,-0.433883739117558,-0.9009688679024191,-0.4999999999999997,-0.8660254037844388,75,Moderate,24.860000000000003,5.853073266811775,17.89,32.0,19.269166666666667,8.72130146494342,7.8,32.0,17.109285714285715,9.725716476898295,3.4,32.0,11.84,0.0,0,0,0,0
2026-07-24 16:12:43.610418,LONDON_TH4,London Tower Hamlets - Mile End Road,51.524,-0.033,32.34,52.63,1.12,67.5,71.84,,,32.34,-0.8660254037844385,-0.5000000000000004,-0.433883739117558,-0.9009688679024191,-0.4999999999999997,-0.8660254037844388,94,Moderate,26.47,12.044160410755081,8.43,33.34,22.698333333333334,8.834249294991658,8.43,34.58,21.762857142857143,8.637299639062261,8.43,34.58,26.04,0.0,0,0,0,0
2026-07-24 16:12:43.622041,LONDON_GR9,London Greenwich - Westhorne Avenue,51.455,0.03,23.96,19.44,2.14,29.8,70.79,,,23.96,-0.8660254037844385,-0.5000000000000004,-0.433883739117558,-0.9009688679024191,-0.4999999999999997,-0.8660254037844388,76,Moderate,26.487499999999997,4.763887593132303,22.64,33.32,22.088333333333335,8.55496860770324,7.01,33.32,21.79,7.905881938833215,7.01,33.32,28.99,0.0,0,0,0,0
2026-07-24 16:27:43.514388,LONDON_CT3,London City of London - Sir John Cass School,51.514,-0.077,14.68,28.83,0.97,61.69,32.08,,,14.68,-0.8660254037844385,-0.5000000000000004,-0.433883739117558,-0.9009688679024191,-0.4999999999999997,-0.8660254037844388,56,Moderate,22.912499999999998,8.845403231811044,14.68,34.22,25.314615384615383,7.32814166459753,14.18,34.22,25.314615384615383,7.32814166459753,14.18,34.22,21.65,0.0,0,0,0,0
2026-07-24 16:27:43.540321,LONDON_SK6,London Southwark - A2 Invaliders,51.491,-0.102,32.46,13.9,0.92,39.18,56.9,,,32.46,-0.8660254037844385,-0.5000000000000004,-0.433883739117558,-0.9009688679024191,-0.4999999999999997,-0.8660254037844388,94,Moderate,26.387500000000003,9.178327280428972,12.76,32.46,22.72153846153846,7.693435346832873,8.71,32.46,21.398571428571426,8.896029241393949,4.2,32.46,32.68,0.0,0,0,0,0
2026-07-24 16:27:43.558600,LONDON_HF1,London Hammersmith and Fulham,51.49,-0.224,16.89,24.99,2.45,55.8,42.27,,,16.89,-0.8660254037844385,-0.5000000000000004,-0.433883739117558,-0.9009688679024191,-0.4999999999999997,-0.8660254037844388,61,Moderate,16.9,10.217217494667192,9.44,31.35,18.21923076923077,11.362879228389886,6.44,34.92,17.70357142857143,11.086287168696886,6.44,34.92,13.98,0.0,0,0,0,0
2026-07-24 16:27:43.571372,LONDON_HIL,London Hillingdon,51.496,-0.46,33.22,46.16,0.98,72.73,50.82,,,33.22,-0.8660254037844385,-0.5000000000000004,-0.433883739117558,-0.9009688679024191,-0.4999999999999997,-0.8660254037844388,95,Moderate,23.055,12.324418850396148,9.46,33.76,20.06153846153846,8.444925346180632,7.41,33.76,19.12857142857143,8.832714416080934,7.0,33.76,13.93,0.0,0,0,0,0
2026-07-24 16:27:43.591276,LONDON_WL1,London Waltham Forest,51.585,-0.012,20.23,33.56,0.47,45.04,85.21,,,20.23,-0.8660254037844385,-0.5000000000000004,-0.433883739117558,-0.9009688679024191,-0.4999999999999997,-0.8660254037844388,68,Moderate,14.502500000000001,4.363067537104291,9.67,20.23,17.954615384615384,7.977016584522286,5.4,32.13,17.954615384615384,7.977016584522286,5.4,32.13,20.23,0.0,0,0,0,0
2026-07-24 16:27:43.611405,LONDON_BX1,London Bexley - Erith,51.481,0.181,28.79,21.51,1.34,25.73,21.25,,,28.79,-0.8660254037844385,-0.5000000000000004,-0.433883739117558,-0.9009688679024191,-0.4999999999999997,-0.8660254037844388,86,Moderate,23.8425,8.62781306782509,14.03,33.01,18.67153846153846,9.080933180895972,7.55,33.34,18.67153846153846,9.080933180895972,7.55,33.34,4.2,0.0,0,0,0,0
2026-07-24 16:27:43.627212,LONDON_MY7,London Marylebone Road,51.522,-0.154,5.02,18.69,1.03,18.14,46.58,,,5.02,-0.8660254037844385,-0.5000000000000004,-0.433883739117558,-0.9009688679024191,-0.4999999999999997,-0.8660254037844388,21,Good,17.387500000000003,12.19731493676648,5.02,32.68,21.12076923076923,8.091294150235859,5.02,32.68,21.12076923076923,8.091294150235859,5.02,32.68,28.16,0.0,0,0,0,0
2026-07-24 16:27:43.648976,LONDON_KC1,London N. Kensington,51.521,-0.213,24.73,19.33,1.38,24.42,83.86,,,24.73,-0.8660254037844385,-0.5000000000000004,-0.433883739117558,-0.9009688679024191,-0.4999999999999997,-0.8660254037844388,78,Moderate,23.042499999999997,3.5869892203164846,17.89,26.04,19.689230769230768,8.486257971507484,7.8,32.0,18.525714285714287,9.242814851203413,3.4,32.0,13.65,0.0,0,0,0,0
2026-07-24 16:27:43.667002,LONDON_TH4,London Tower Hamlets - Mile End Road,51.524,-0.033,28.13,11.67,0.18,56.66,28.21,,,28.13,-0.8660254037844385,-0.5000000000000004,-0.433883739117558,-0.9009688679024191,-0.4999999999999997,-0.8660254037844388,85,Moderate,31.394999999999996,2.271335877114313,28.13,33.34,23.116153846153846,8.591260616135386,8.43,34.58,22.30785714285714,8.790841544183644,8.43,34.58,10.67,0.0,0,0,0,0
2026-07-24 16:27:43.686199,LONDON_GR9,London Greenwich - Westhorne Avenue,51.455,0.03,20.63,54.87,0.51,23.73,80.84,,,20.63,-0.8660254037844385,-0.5000000000000004,-0.433883739117558,-0.9009688679024191,-0.4999999999999997,-0.8660254037844388,69,Moderate,25.1375,5.62419994310301,20.63,33.32,21.976153846153846,8.200739335024961,7.01,33.32,21.835,7.896697216119972,7.01,33.32,23.81,0.0,0,0,0,0
2026-07-24 16:42:43.513723,LONDON_CT3,London City of London - Sir John Cass School,51.514,-0.077,24.71,47.23,1.3,62.55,67.27,,,24.71,-0.8660254037844385,-0.5000000000000004,-0.433883739117558,-0.9009688679024191,-0.4999999999999997,-0.8660254037844388,78,Moderate,22.71,8.774801042378868,14.68,34.22,25.271428571428572,7.042504861572672,14.18,34.22,25.271428571428572,7.042504861572672,14.18,34.22,14.9,0.0,0,0,0,0
2026-07-24 16:42:43.539669,LONDON_SK6,London Southwark - A2 Invaliders,51.491,-0.102,16.75,44.58,1.1,63.67,78.34,,,16.75,-0.8660254037844385,-0.5000000000000004,-0.433883739117558,-0.9009688679024191,-0.4999999999999997,-0.8660254037844388,61,Moderate,23.2575,9.968451484558672,12.76,32.46,22.294999999999998,7.561946991859458,8.71,32.46,22.294999999999998,7.561946991859452,8.71,32.46,9.67,0.0,0,0,0,0
2026-07-24 16:42:43.558807,LONDON_HF1,London Hammersmith and Fulham,51.49,-0.224,32.23,35.21,1.37,59.93,48.35,,,32.23,-0.8660254037844385,-0.5000000000000004,-0.433883739117558,-0.9009688679024191,-0.4999999999999997,-0.8660254037844388,93,Moderate,22.5975,10.995239500195828,9.92,32.23,19.22,11.5414317202783,6.44,34.92,19.22,11.541431720278304,6.44,34.92,17.82,0.0,0,0,0,0
2026-07-24 16:42:43.577212,LONDON_HIL,London Hillingdon,51.496,-0.46,24.09,20.22,0.14,52.88,50.31,,,24.09,-0.8660254037844385,-0.5000000000000004,-0.433883739117558,-0.9009688679024191,-0.4999999999999997,-0.8660254037844388,76,Moderate,26.7125,8.53252356183874,15.78,33.76,20.349285714285713,8.184744217878034,7.41,33.76,20.349285714285713,8.184744217878034,7.41,33.76,25.99,0.0,0,0,0,0
2026-07-24 16:42:43.597319,LONDON_WL1,London Waltham Forest,51.585,-0.012,11.17,43.56,1.94,61.05,77.07,,,11.17,-0.8660254037844385,-0.5000000000000004,-0.433883739117558,-0.9009688679024191,-0.4999999999999997,-0.8660254037844388,47,Good,13.912500000000001,4.686024434421994,9.67,20.23,17.470000000000002,7.875651865572291,5.4,32.13,17.470000000000002,7.875651865572291,5.4,32.13,11.17,0.0,0,0,0,0
2026-07-24 16:42:43.609289,LONDON_BX1,London Bexley - Erith,51.481,0.181,24.01,54.29,0.83,21.91,40.66,,,24.01,-0.8660254037844385,-0.5000000000000004,-0.433883739117558,-0.9009688679024191,-0.4999999999999997,-0.8660254037844388,76,Moderate,21.5925,6.299536358600794,14.03,28.79,19.052857142857142,8.840569446131179,7.55,33.34,19.052857142857142,8.840569446131179,7.55,33.34,11.0,0.0,0,0,0,0
2026-07-24 16:42:43.636722,LONDON_MY7,London Marylebone Road,51.522,-0.154,25.64,30.6,1.85,48.4,70.19,,,25.64,-0.8660254037844385,-0.5000000000000004,-0.433883739117558,-0.9009688679024191,-0.4999999999999997,-0.8660254037844388,79,Moderate,15.6275,9.454739111507346,5.02,25.64,21.443571428571428,7.867132804995006,5.02,32.68,21.443571428571428,7.867132804995006,5.02,32.68,29.27,0.0,0,0,0,0
2026-07-24 16:42:43.659100,LONDON_KC1,London N. Kensington,51.521,-0.213,7.74,27.47,0.46,57.22,81.02,,,7.74,-0.8660254037844385,-0.5000000000000004,-0.433883739117558,-0.9009688679024191,-0.4999999999999997,-0.8660254037844388,32,Good,20.505000000000003,8.572477277115798,7.74,26.04,18.835714285714285,8.756466370443233,7.74,32.0,18.835714285714285,8.756466370443235,7.74,32.0,19.4,0.0,0,0,0,0
2026-07-24 16:42:43.690778,LONDON_TH4,London Tower Hamlets - Mile End Road,51.524,-0.033,29.32,31.79,1.5,66.99,33.62,,,29.32,-0.8660254037844385,-0.5000000000000004,-0.433883739117558,-0.9009688679024191,-0.4999999999999997,-0.8660254037844388,87,Moderate,30.389999999999997,1.9966138000791842,28.13,32.34,23.559285714285714,8.41909776299439,8.43,34.58,23.559285714285714,8.419097762994392,8.43,34.58,28.79,0.0,0,0,0,0
2026-07-24 16:42:43.712073,LONDON_GR9,London Greenwich - Westhorne Avenue,51.455,0.03,6.66,11.16,1.9,43.79,59.55,,,6.66,-0.8660254037844385,-0.5000000000000004,-0.433883739117558,-0.9009688679024191,-0.4999999999999997,-0.8660254037844388,28,Good,18.4725,7.993136117945193,6.66,23.96,20.88214285714286,8.878903413382524,6.66,33.32,20.88214285714286,8.878903413382524,6.66,33.32,19.81,0.0,0,0,0,0
2026-07-24 17:31:39.143793,LONDON_CT3,London City of London - Sir John Cass School,51.514,-0.077,18.24,37.23,2.03,78.58,51.85,,,18.24,-0.9659258262890683,-0.25881904510252063,-0.433883739117558,-0.9009688679024191,-0.4999999999999997,-0.8660254037844388,64,Moderate,21.475,4.574980874276942,18.24,24.71,24.802666666666664,7.024977342786713,14.18,34.22,24.802666666666664,7.024977342786713,14.18,34.22,21.52,0.0,0,0,0,0
2026-07-24 17:31:39.171944,LONDON_SK6,London Southwark - A2 Invaliders,51.491,-0.102,33.76,11.66,2.23,66.8,56.17,,,33.76,-0.9659258262890683,-0.25881904510252063,-0.433883739117558,-0.9009688679024191,-0.4999999999999997,-0.8660254037844388,97,Moderate,25.255,12.027886347983173,16.75,33.76,23.05933333333333,7.86521588720748,8.71,33.76,23.05933333333333,7.865215887207475,8.71,33.76,31.35,0.0,0,0,0,0
2026-07-24 17:31:39.195373,LONDON_HF1,London Hammersmith and Fulham,51.49,-0.224,20.24,18.98,1.95,57.45,88.48,,,20.24,-0.9659258262890683,-0.25881904510252063,-0.433883739117558,-0.9009688679024191,-0.4999999999999997,-0.8660254037844388,68,Moderate,26.235,8.47821030642669,20.24,32.23,19.288,11.12471970754448,6.44,34.92,19.288,11.124719707544484,6.44,34.92,12.47,0.0,0,0,0,0
2026-07-24 17:31:39.228309,LONDON_HIL,London Hillingdon,51.496,-0.46,10.83,28.58,2.09,52.28,77.42,,,10.83,-0.9659258262890683,-0.25881904510252063,-0.433883739117558,-0.9009688679024191,-0.4999999999999997,-0.8660254037844388,45,Good,17.46,9.376235918533615,10.83,24.09,19.714666666666666,8.261123122075789,7.41,33.76,19.714666666666666,8.261123122075789,7.41,33.76,27.18,0.0,0,0,0,0
2026-07-24 17:31:39.250618,LONDON_WL1,London Waltham Forest,51.585,-0.012,17.86,41.02,0.27,50.51,57.54,,,17.86,-0.9659258262890683,-0.25881904510252063,-0.433883739117558,-0.9009688679024191,-0.4999999999999997,-0.8660254037844388,63,Moderate,14.515000000000004,4.730544366137993,11.17,17.86,17.496,7.589836060717743,5.4,32.13,17.496,7.589836060717743,5.4,32.13,17.86,0.0,0,0,0,0
2026-07-24 17:31:39.270736,LONDON_BX1,London Bexley - Erith,51.481,0.181,5.99,33.82,0.85,42.75,51.5,,,5.99,-0.9659258262890683,-0.25881904510252063,-0.433883739117558,-0.9009688679024191,-0.4999999999999997,-0.8660254037844388,25,Good,15.0,12.742064196981582,5.99,24.01,18.182000000000002,9.162368845290112,5.99,33.34,18.182000000000002,9.162368845290112,5.99,33.34,7.0,0.0,0,0,0,0
2026-07-24 17:31:39.277265,LONDON_MY7,London Marylebone Road,51.522,-0.154,23.59,43.35,0.23,74.52,41.05,,,23.59,-0.9659258262890683,-0.25881904510252063,-0.433883739117558,-0.9009688679024191,-0.4999999999999997,-0.8660254037844388,75,Moderate,24.615000000000002,1.449568901432417,23.59,25.64,21.586666666666666,7.601189443263531,5.02,32.68,21.586666666666666,7.601189443263531,5.02,32.68,33.34,0.0,0,0,0,0
2026-07-24 17:31:39.288084,LONDON_KC1,London N. Kensington,51.521,-0.213,11.92,44.62,1.37,40.47,24.76,,,11.92,-0.9659258262890683,-0.25881904510252063,-0.433883739117558,-0.9009688679024191,-0.4999999999999997,-0.8660254037844388,50,Good,9.83,2.955706345359821,7.74,11.92,18.374666666666666,8.62480961832671,7.74,32.0,18.374666666666666,8.624809618326712,7.74,32.0,21.87,0.0,0,0,0,0
2026-07-24 17:31:39.307660,LONDON_TH4,London Tower Hamlets - Mile End Road,51.524,-0.033,34.49,15.21,1.42,40.01,23.1,,,34.49,-0.9659258262890683,-0.25881904510252063,-0.433883739117558,-0.9009688679024191,-0.4999999999999997,-0.8660254037844388,98,Moderate,31.904999999999994,3.6557420587344396,29.32,34.49,24.288,8.589739892952023,8.43,34.58,24.288,8.589739892952023,8.43,34.58,11.17,0.0,0,0,0,0
2026-07-24 17:31:39.322137,LONDON_GR9,London Greenwich - Westhorne Avenue,51.455,0.03,11.86,31.96,2.26,15.84,33.17,,,11.86,-0.9659258262890683,-0.25881904510252063,-0.433883739117558,-0.9009688679024191,-0.4999999999999997,-0.8660254037844388,49,Good,9.26,3.676955262170067,6.66,11.86,20.280666666666665,8.86738201554009,6.66,33.32,20.280666666666665,8.86738201554009,6.66,33.32,11.67,0.0,0,0,0,0
2026-08-10 11:58:20.767833,LONDON_SK6,London Southwark - A2 Invaliders,51.491,-0.102,10.9,,,,0.027,,,10.9,0.258819045102521,-0.9659258262890682,0.0,1.0,-0.8660254037844385,-0.5000000000000004,45,Good,10.9,0.0,10.9,10.9,10.9,0.0,10.9,10.9,10.9,0.0,10.9,10.9,6.0,0.0,0,0,0,0
2026-08-10 11:58:21.643799,LONDON_HF1,London Hammersmith and Fulham,51.49,-0.224,7.0,8.0,,9.9,32.6,,,7.0,0.258819045102521,-0.9659258262890682,0.0,1.0,-0.8660254037844385,-0.5000000000000004,29,Good,7.0,0.0,7.0,7.0,7.0,0.0,7.0,7.0,7.0,0.0,7.0,7.0,10.9,0.0,0,0,0,0
2026-08-10 11:58:22.246187,LONDON_HIL,London Hillingdon,51.496,-0.46,6.0,,,,0.008,,,6.0,0.258819045102521,-0.9659258262890682,0.0,1.0,-0.8660254037844385,-0.5000000000000004,25,Good,6.0,0.0,6.0,6.0,6.0,0.0,6.0,6.0,6.0,0.0,6.0,6.0,7.0,0.0,0,0,0,0
2026-08-10 11:58:24.354930,LONDON_KC1,London N. Kensington,51.521,-0.213,8.1,17.0,0.1145,0.002,0.053,,,8.1,0.258819045102521,-0.9659258262890682,0.0,1.0,-0.8660254037844385,-0.5000000000000004,34,Good,8.1,0.0,8.1,8.1,8.1,0.0,8.1,8.1,8.1,0.0,8.1,8.1,8.1,0.0,0,0,0,0
2026-08-10 11:58:25.121510,LONDON_TH4,London Tower Hamlets - Mile End Road,51.524,-0.033,4.1,,,,,,,4.1,0.258819045102521,-0.9659258262890682,0.0,1.0,-0.8660254037844385,-0.5000000000000004,17,Good,4.1,0.0,4.1,4.1,4.1,0.0,4.1,4.1,4.1,0.0,4.1,4.1,17.0,0.0,0,0,0,0
2026-08-10 11:58:25.732630,LONDON_GR9,London Greenwich - Westhorne Avenue,51.455,0.03,17.0,33.0,,13.0,34.0,,,17.0,0.258819045102521,-0.9659258262890682,0.0,1.0,-0.8660254037844385,-0.5000000000000004,61,Moderate,17.0,0.0,17.0,17.0,17.0,0.0,17.0,17.0,17.0,0.0,17.0,17.0,10.9,0.0,0,0,0,0
2026-08-10 12:04:27.247428,LONDON_SK6,London Southwark - A2 Invaliders,51.491,-0.102,10.9,,,,0.027,,,10.9,1.2246467991473532e-16,-1.0,0.0,1.0,-0.8660254037844385,-0.5000000000000004,45,Good,10.9,0.0,10.9,10.9,10.9,0.0,10.9,10.9,10.9,0.0,10.9,10.9,7.0,0.0,0,0,0,0
2026-08-10 12:04:27.838176,LONDON_HF1,London Hammersmith and Fulham,51.49,-0.224,7.0,21.0,,9.9,32.6,,,7.0,1.2246467991473532e-16,-1.0,0.0,1.0,-0.8660254037844385,-0.5000000000000004,29,Good,7.0,0.0,7.0,7.0,7.0,0.0,7.0,7.0,7.0,0.0,7.0,7.0,6.0,0.0,0,0,0,0
2026-08-10 12:04:28.252697,LONDON_HIL,London Hillingdon,51.496,-0.46,6.0,,,,0.008,,,6.0,1.2246467991473532e-16,-1.0,0.0,1.0,-0.8660254037844385,-0.5000000000000004,25,Good,6.0,0.0,6.0,6.0,6.0,0.0,6.0,6.0,6.0,0.0,6.0,6.0,4.1,0.0,0,0,0,0
2026-08-10 12:04:30.796511,LONDON_KC1,London N. Kensington,51.521,-0.213,8.1,17.0,0.1145,0.002,0.053,,,8.1,1.2246467991473532e-16,-1.0,0.0,1.0,-0.8660254037844385,-0.5000000000000004,34,Good,8.1,0.0,8.1,8.1,8.1,0.0,8.1,8.1,8.1,0.0,8.1,8.1,7.0,0.0,0,0,0,0
2026-08-10 12:04:31.257724,LONDON_TH4,London Tower Hamlets - Mile End Road,51.524,-0.033,4.1,,,,,,,4.1,1.2246467991473532e-16,-1.0,0.0,1.0,-0.8660254037844385,-0.5000000000000004,17,Good,4.1,0.0,4.1,4.1,4.1,0.0,4.1,4.1,4.1,0.0,4.1,4.1,17.0,0.0,0,0,0,0
2026-08-10 12:04:31.850450,LONDON_GR9,London Greenwich - Westhorne Avenue,51.455,0.03,17.0,33.0,,13.0,34.0,,,17.0,1.2246467991473532e-16,-1.0,0.0,1.0,-0.8660254037844385,-0.5000000000000004,61,Moderate,17.0,0.0,17.0,17.0,17.0,0.0,17.0,17.0,17.0,0.0,17.0,17.0,7.0,0.0,0,0,0,0
2026-08-10 12:13:17.498391,LONDON_SK6,London Southwark - A2 Invaliders,51.491,-0.102,10.9,,,,0.027,,,10.9,1.2246467991473532e-16,-1.0,0.0,1.0,-0.8660254037844385,-0.5000000000000004,45,Good,10.9,0.0,10.9,10.9,10.9,0.0,10.9,10.9,10.9,0.0,10.9,10.9,10.9,0.0,0,0,0,0
2026-08-10 12:13:17.999288,LONDON_HF1,London Hammersmith and Fulham,51.49,-0.224,7.0,21.0,,9.9,32.6,,,7.0,1.2246467991473532e-16,-1.0,0.0,1.0,-0.8660254037844385,-0.5000000000000004,29,Good,7.0,0.0,7.0,7.0,7.0,0.0,7.0,7.0,7.0,0.0,7.0,7.0,4.1,0.0,0,0,0,0
2026-08-10 12:13:18.493468,LONDON_HIL,London Hillingdon,51.496,-0.46,6.0,,,,0.008,,,6.0,1.2246467991473532e-16,-1.0,0.0,1.0,-0.8660254037844385,-0.5000000000000004,25,Good,6.0,0.0,6.0,6.0,6.0,0.0,6.0,6.0,6.0,0.0,6.0,6.0,7.0,0.0,0,0,0,0
2026-08-10 12:13:19.777036,LONDON_KC1,London N. Kensington,51.521,-0.213,8.1,17.0,0.1145,0.002,0.053,,,8.1,1.2246467991473532e-16,-1.0,0.0,1.0,-0.8660254037844385,-0.5000000000000004,34,Good,8.1,0.0,8.1,8.1,8.1,0.0,8.1,8.1,8.1,0.0,8.1,8.1,17.0,0.0,0,0,0,0
2026-08-10 12:13:20.186872,LONDON_TH4,London Tower Hamlets - Mile End Road,51.524,-0.033,4.1,,,,,,,4.1,1.2246467991473532e-16,-1.0,0.0,1.0,-0.8660254037844385,-0.5000000000000004,17,Good,4.1,0.0,4.1,4.1,4.1,0.0,4.1,4.1,4.1,0.0,4.1,4.1,17.0,0.0,0,0,0,0
2026-08-10 12:13:20.394488,LONDON_GR9,London Greenwich - Westhorne Avenue,51.455,0.03,17.0,33.0,,13.0,34.0,,,17.0,1.2246467991473532e-16,-1.0,0.0,1.0,-0.8660254037844385,-0.5000000000000004,61,Moderate,17.0,0.0,17.0,17.0,17.0,0.0,17.0,17.0,17.0,0.0,17.0,17.0,6.0,0.0,0,0,0,0
2026-08-10 12:19:26.206266,LONDON_SK6,London Southwark - A2 Invaliders,51.491,-0.102,10.9,,,,0.027,,,10.9,1.2246467991473532e-16,-1.0,0.0,1.0,-0.8660254037844385,-0.5000000000000004,45,Good,10.9,0.0,10.9,10.9,10.9,0.0,10.9,10.9,10.9,0.0,10.9,10.9,17.0,0.0,0,0,0,0
2026-08-10 12:19:26.605126,LONDON_HF1,London Hammersmith and Fulham,51.49,-0.224,7.0,21.0,,9.9,32.6,,,7.0,1.2246467991473532e-16,-1.0,0.0,1.0,-0.8660254037844385,-0.5000000000000004,29,Good,7.0,0.0,7.0,7.0,7.0,0.0,7.0,7.0,7.0,0.0,7.0,7.0,10.9,0.0,0,0,0,0
2026-08-10 12:19:27.017665,LONDON_HIL,London Hillingdon,51.496,-0.46,6.0,,,,0.008,,,6.0,1.2246467991473532e-16,-1.0,0.0,1.0,-0.8660254037844385,-0.5000000000000004,25,Good,6.0,0.0,6.0,6.0,6.0,0.0,6.0,6.0,6.0,0.0,6.0,6.0,4.1,0.0,0,0,0,0
2026-08-10 12:19:28.120237,LONDON_KC1,London N. Kensington,51.521,-0.213,8.1,17.0,0.1145,0.002,0.053,,,8.1,1.2246467991473532e-16,-1.0,0.0,1.0,-0.8660254037844385,-0.5000000000000004,34,Good,8.1,0.0,8.1,8.1,8.1,0.0,8.1,8.1,8.1,0.0,8.1,8.1,8.1,0.0,0,0,0,0
2026-08-10 12:19:28.532794,LONDON_TH4,London Tower Hamlets - Mile End Road,51.524,-0.033,4.1,,,,,,,4.1,1.2246467991473532e-16,-1.0,0.0,1.0,-0.8660254037844385,-0.5000000000000004,17,Good,4.1,0.0,4.1,4.1,4.1,0.0,4.1,4.1,4.1,0.0,4.1,4.1,17.0,0.0,0,0,0,0
2026-08-10 12:19:28.938298,LONDON_GR9,London Greenwich - Westhorne Avenue,51.455,0.03,17.0,33.0,,13.0,34.0,,,17.0,1.2246467991473532e-16,-1.0,0.0,1.0,-0.8660254037844385,-0.5000000000000004,61,Moderate,17.0,0.0,17.0,17.0,17.0,0.0,17.0,17.0,17.0,0.0,17.0,17.0,8.1,0.0,0,0,0,0
2026-08-10 12:28:18.080188,LONDON_SK6,London Southwark - A2 Invaliders,51.491,-0.102,10.9,,,,0.027,,,10.9,1.2246467991473532e-16,-1.0,0.0,1.0,-0.8660254037844385,-0.5000000000000004,45,Good,10.9,0.0,10.9,10.9,10.9,0.0,10.9,10.9,10.9,0.0,10.9,10.9,4.1,0.0,0,0,0,0
2026-08-10 12:28:18.300791,LONDON_HF1,London Hammersmith and Fulham,51.49,-0.224,7.0,21.0,,9.9,32.6,,,7.0,1.2246467991473532e-16,-1.0,0.0,1.0,-0.8660254037844385,-0.5000000000000004,29,Good,7.0,0.0,7.0,7.0,7.0,0.0,7.0,7.0,7.0,0.0,7.0,7.0,6.0,0.0,0,0,0,0
2026-08-10 12:28:18.729809,LONDON_HIL,London Hillingdon,51.496,-0.46,6.0,,,,0.008,,,6.0,1.2246467991473532e-16,-1.0,0.0,1.0,-0.8660254037844385,-0.5000000000000004,25,Good,6.0,0.0,6.0,6.0,6.0,0.0,6.0,6.0,6.0,0.0,6.0,6.0,7.0,0.0,0,0,0,0
2026-08-10 12:28:20.114413,LONDON_KC1,London N. Kensington,51.521,-0.213,8.1,17.0,0.1145,0.002,0.053,,,8.1,1.2246467991473532e-16,-1.0,0.0,1.0,-0.8660254037844385,-0.5000000000000004,34,Good,8.1,0.0,8.1,8.1,8.1,0.0,8.1,8.1,8.1,0.0,8.1,8.1,7.0,0.0,0,0,0,0
2026-08-10 12:28:20.569522,LONDON_TH4,London Tower Hamlets - Mile End Road,51.524,-0.033,4.1,,,,,,,4.1,1.2246467991473532e-16,-1.0,0.0,1.0,-0.8660254037844385,-0.5000000000000004,17,Good,4.1,0.0,4.1,4.1,4.1,0.0,4.1,4.1,4.1,0.0,4.1,4.1,17.0,0.0,0,0,0,0
2026-08-10 12:28:21.046078,LONDON_GR9,London Greenwich - Westhorne Avenue,51.455,0.03,17.0,33.0,,13.0,34.0,,,17.0,1.2246467991473532e-16,-1.0,0.0,1.0,-0.8660254037844385,-0.5000000000000004,61,Moderate,17.0,0.0,17.0,17.0,17.0,0.0,17.0,17.0,17.0,0.0,17.0,17.0,4.1,0.0,0,0,0,0
2026-08-10 12:34:26.006715,LONDON_SK6,London Southwark - A2 Invaliders,51.491,-0.102,14.6,,,,0.024,,,14.6,1.2246467991473532e-16,-1.0,0.0,1.0,-0.8660254037844385,-0.5000000000000004,56,Moderate,11.516666666666666,1.5105186747162926,10.9,14.6,11.516666666666666,1.5105186747162926,10.9,14.6,11.516666666666666,1.5105186747162926,10.9,14.6,8.1,0.0,0,0,0,0
2026-08-10 12:34:26.407523,LONDON_HF1,London Hammersmith and Fulham,51.49,-0.224,11.0,21.0,,9.9,32.6,,,11.0,1.2246467991473532e-16,-1.0,0.0,1.0,-0.8660254037844385,-0.5000000000000004,46,Good,7.666666666666667,1.632993161855452,7.0,11.0,7.666666666666667,1.632993161855452,7.0,11.0,7.666666666666667,1.632993161855452,7.0,11.0,4.1,0.0,0,0,0,0
2026-08-10 12:34:26.624256,LONDON_HIL,London Hillingdon,51.496,-0.46,7.0,,,,0.011,,,7.0,1.2246467991473532e-16,-1.0,0.0,1.0,-0.8660254037844385,-0.5000000000000004,29,Good,6.166666666666667,0.40824829046386296,6.0,7.0,6.166666666666667,0.40824829046386296,6.0,7.0,6.166666666666667,0.40824829046386296,6.0,7.0,4.1,0.0,0,0,0,0
2026-08-10 12:34:28.004982,LONDON_KC1,London N. Kensington,51.521,-0.213,8.3,17.0,0.1145,0.006,0.045,,,8.3,1.2246467991473532e-16,-1.0,0.0,1.0,-0.8660254037844385,-0.5000000000000004,35,Good,8.133333333333333,0.08164965809277311,8.1,8.3,8.133333333333333,0.08164965809277311,8.1,8.3,8.133333333333333,0.08164965809277311,8.1,8.3,17.0,0.0,0,0,0,0
2026-08-10 12:34:28.388535,LONDON_TH4,London Tower Hamlets - Mile End Road,51.524,-0.033,4.2,,,,,,,4.2,1.2246467991473532e-16,-1.0,0.0,1.0,-0.8660254037844385,-0.5000000000000004,18,Good,4.116666666666666,0.040824829046386554,4.1,4.2,4.116666666666666,0.040824829046386554,4.1,4.2,4.116666666666666,0.040824829046386554,4.1,4.2,17.0,0.0,0,0,0,0
2026-08-10 12:34:28.781007,LONDON_GR9,London Greenwich - Westhorne Avenue,51.455,0.03,17.0,33.0,,13.0,34.0,,,17.0,1.2246467991473532e-16,-1.0,0.0,1.0,-0.8660254037844385,-0.5000000000000004,61,Moderate,17.0,0.0,17.0,17.0,17.0,0.0,17.0,17.0,17.0,0.0,17.0,17.0,17.0,0.0,0,0,0,0
2026-08-10 12:43:17.787619,LONDON_SK6,London Southwark - A2 Invaliders,51.491,-0.102,14.6,,,,0.024,,,14.6,1.2246467991473532e-16,-1.0,0.0,1.0,-0.8660254037844385,-0.5000000000000004,56,Moderate,11.957142857142857,1.8054151349547858,10.9,14.6,11.957142857142857,1.8054151349547858,10.9,14.6,11.957142857142857,1.8054151349547858,10.9,14.6,7.0,0.0,0,0,0,0
2026-08-10 12:43:18.177931,LONDON_HF1,London Hammersmith and Fulham,51.49,-0.224,11.0,21.0,,9.9,32.6,,,11.0,1.2246467991473532e-16,-1.0,0.0,1.0,-0.8660254037844385,-0.5000000000000004,46,Good,8.142857142857142,1.9518001458970664,7.0,11.0,8.142857142857142,1.9518001458970664,7.0,11.0,8.142857142857142,1.9518001458970664,7.0,11.0,10.9,0.0,0,0,0,0
2026-08-10 12:43:18.374848,LONDON_HIL,London Hillingdon,51.496,-0.46,7.0,,,,0.011,,,7.0,1.2246467991473532e-16,-1.0,0.0,1.0,-0.8660254037844385,-0.5000000000000004,29,Good,6.285714285714286,0.48795003647426655,6.0,7.0,6.285714285714286,0.48795003647426655,6.0,7.0,6.285714285714286,0.48795003647426655,6.0,7.0,7.0,0.0,0,0,0,0
2026-08-10 12:43:19.719382,LONDON_KC1,London N. Kensington,51.521,-0.213,8.3,17.0,0.1145,0.006,0.045,,,8.3,1.2246467991473532e-16,-1.0,0.0,1.0,-0.8660254037844385,-0.5000000000000004,35,Good,8.157142857142857,0.097590007294854,8.1,8.3,8.157142857142857,0.097590007294854,8.1,8.3,8.157142857142857,0.097590007294854,8.1,8.3,8.1,0.0,0,0,0,0
2026-08-10 12:43:19.939393,LONDON_TH4,London Tower Hamlets - Mile End Road,51.524,-0.033,4.2,,,,,,,4.2,1.2246467991473532e-16,-1.0,0.0,1.0,-0.8660254037844385,-0.5000000000000004,18,Good,4.128571428571428,0.048795003647427,4.1,4.2,4.128571428571428,0.048795003647427,4.1,4.2,4.128571428571428,0.048795003647427,4.1,4.2,17.0,0.0,0,0,0,0
2026-08-10 12:43:20.330171,LONDON_GR9,London Greenwich - Westhorne Avenue,51.455,0.03,17.0,33.0,,13.0,34.0,,,17.0,1.2246467991473532e-16,-1.0,0.0,1.0,-0.8660254037844385,-0.5000000000000004,61,Moderate,17.0,0.0,17.0,17.0,17.0,0.0,17.0,17.0,17.0,0.0,17.0,17.0,10.9,0.0,0,0,0,0
2026-08-10 12:49:26.403724,LONDON_SK6,London Southwark - A2 Invaliders,51.491,-0.102,14.6,,,,0.024,,,14.6,1.2246467991473532e-16,-1.0,0.0,1.0,-0.8660254037844385,-0.5000000000000004,56,Moderate,12.2875,1.9149319271750325,10.9,14.6,12.2875,1.9149319271750325,10.9,14.6,12.2875,1.9149319271750325,10.9,14.6,11.0,0.0,0,0,0,0
2026-08-10 12:49:26.788711,LONDON_HF1,London Hammersmith and Fulham,51.49,-0.224,11.0,21.0,,9.9,32.6,,,11.0,1.2246467991473532e-16,-1.0,0.0,1.0,-0.8660254037844385,-0.5000000000000004,46,Good,8.5,2.0701966780270626,7.0,11.0,8.5,2.0701966780270626,7.0,11.0,8.5,2.0701966780270626,7.0,11.0,6.0,0.0,0,0,0,0
2026-08-10 12:49:27.178121,LONDON_HIL,London Hillingdon,51.496,-0.46,7.0,,,,0.011,,,7.0,1.2246467991473532e-16,-1.0,0.0,1.0,-0.8660254037844385,-0.5000000000000004,29,Good,6.375,0.5175491695067655,6.0,7.0,6.375,0.5175491695067655,6.0,7.0,6.375,0.5175491695067655,6.0,7.0,4.1,0.0,0,0,0,0
2026-08-10 12:49:28.368305,LONDON_KC1,London N. Kensington,51.521,-0.213,8.3,17.0,0.1145,0.006,0.045,,,8.3,1.2246467991473532e-16,-1.0,0.0,1.0,-0.8660254037844385,-0.5000000000000004,35,Good,8.175,0.10350983390135396,8.1,8.3,8.175,0.10350983390135396,8.1,8.3,8.175,0.10350983390135396,8.1,8.3,11.0,0.0,0,0,0,0
2026-08-10 12:49:28.755655,LONDON_TH4,London Tower Hamlets - Mile End Road,51.524,-0.033,4.2,,,,,,,4.2,1.2246467991473532e-16,-1.0,0.0,1.0,-0.8660254037844385,-0.5000000000000004,18,Good,4.1375,0.05175491695067698,4.1,4.2,4.1375,0.05175491695067698,4.1,4.2,4.1375,0.05175491695067698,4.1,4.2,17.0,0.0,0,0,0,0
2026-08-10 12:49:28.955300,LONDON_GR9,London Greenwich - Westhorne Avenue,51.455,0.03,17.0,33.0,,13.0,34.0,,,17.0,1.2246467991473532e-16,-1.0,0.0,1.0,-0.8660254037844385,-0.5000000000000004,61,Moderate,17.0,0.0,17.0,17.0,17.0,0.0,17.0,17.0,17.0,0.0,17.0,17.0,7.0,0.0,0,0,0,0
2026-08-10 12:58:17.381824,LONDON_SK6,London Southwark - A2 Invaliders,51.491,-0.102,14.6,,,,0.024,,,14.6,1.2246467991473532e-16,-1.0,0.0,1.0,-0.8660254037844385,-0.5000000000000004,56,Moderate,12.544444444444444,1.9500712237705,10.9,14.6,12.544444444444444,1.9500712237705,10.9,14.6,12.544444444444444,1.9500712237705,10.9,14.6,14.6,0.0,0,0,0,0
2026-08-10 12:58:17.772157,LONDON_HF1,London Hammersmith and Fulham,51.49,-0.224,11.0,21.0,,9.9,32.6,,,11.0,1.2246467991473532e-16,-1.0,0.0,1.0,-0.8660254037844385,-0.5000000000000004,46,Good,8.777777777777779,2.1081851067789197,7.0,11.0,8.777777777777779,2.1081851067789197,7.0,11.0,8.777777777777779,2.1081851067789197,7.0,11.0,4.1,0.0,0,0,0,0
2026-08-10 12:58:18.172102,LONDON_HIL,London Hillingdon,51.496,-0.46,7.0,,,,0.011,,,7.0,1.2246467991473532e-16,-1.0,0.0,1.0,-0.8660254037844385,-0.5000000000000004,29,Good,6.444444444444445,0.5270462766947298,6.0,7.0,6.444444444444445,0.5270462766947298,6.0,7.0,6.444444444444445,0.5270462766947298,6.0,7.0,7.0,0.0,0,0,0,0
2026-08-10 12:58:19.622848,LONDON_KC1,London N. Kensington,51.521,-0.213,8.3,17.0,0.1145,0.006,0.045,,,8.3,1.2246467991473532e-16,-1.0,0.0,1.0,-0.8660254037844385,-0.5000000000000004,35,Good,8.18888888888889,0.1054092553389469,8.1,8.3,8.18888888888889,0.1054092553389469,8.1,8.3,8.18888888888889,0.1054092553389469,8.1,8.3,17.0,0.0,0,0,0,0
2026-08-10 12:58:19.851457,LONDON_TH4,London Tower Hamlets - Mile End Road,51.524,-0.033,4.2,,,,,,,4.2,1.2246467991473532e-16,-1.0,0.0,1.0,-0.8660254037844385,-0.5000000000000004,18,Good,4.144444444444444,0.05270462766947345,4.1,4.2,4.144444444444444,0.05270462766947345,4.1,4.2,4.144444444444444,0.05270462766947345,4.1,4.2,17.0,0.0,0,0,0,0
2026-08-10 12:58:20.257533,LONDON_GR9,London Greenwich - Westhorne Avenue,51.455,0.03,17.0,33.0,,13.0,34.0,,,17.0,1.2246467991473532e-16,-1.0,0.0,1.0,-0.8660254037844385,-0.5000000000000004,61,Moderate,17.0,0.0,17.0,17.0,17.0,0.0,17.0,17.0,17.0,0.0,17.0,17.0,6.0,0.0,0,0,0,0
2026-08-10 13:04:27.087540,LONDON_SK6,London Southwark - A2 Invaliders,51.491,-0.102,14.6,,,,0.024,,,14.6,-0.2588190451025208,-0.9659258262890683,0.0,1.0,-0.8660254037844385,-0.5000000000000004,56,Moderate,12.955555555555556,1.9500712237705,10.9,14.6,12.75,1.9500712237705,10.9,14.6,12.75,1.9500712237705,10.9,14.6,17.0,0.0,0,0,0,0
2026-08-10 13:04:27.597096,LONDON_HF1,London Hammersmith and Fulham,51.49,-0.224,11.0,23.0,,9.9,32.6,,,11.0,-0.2588190451025208,-0.9659258262890683,0.0,1.0,-0.8660254037844385,-0.5000000000000004,46,Good,9.222222222222221,2.1081851067789197,7.0,11.0,9.0,2.1081851067789197,7.0,11.0,9.0,2.1081851067789197,7.0,11.0,10.9,0.0,0,0,0,0
2026-08-10 13:04:28.001561,LONDON_HIL,London Hillingdon,51.496,-0.46,7.0,,,,0.011,,,7.0,-0.2588190451025208,-0.9659258262890683,0.0,1.0,-0.8660254037844385,-0.5000000000000004,29,Good,6.555555555555555,0.5270462766947298,6.0,7.0,6.5,0.5270462766947298,6.0,7.0,6.5,0.5270462766947298,6.0,7.0,4.1,0.0,0,0,0,0
2026-08-10 13:04:29.633187,LONDON_KC1,London N. Kensington,51.521,-0.213,8.3,17.0,0.1145,0.006,0.045,,,8.3,-0.2588190451025208,-0.9659258262890683,0.0,1.0,-0.8660254037844385,-0.5000000000000004,35,Good,8.211111111111112,0.10540925533894711,8.1,8.3,8.2,0.10540925533894696,8.1,8.3,8.2,0.10540925533894696,8.1,8.3,8.3,0.0,0,0,0,0
2026-08-10 13:04:30.028980,LONDON_TH4,London Tower Hamlets - Mile End Road,51.524,-0.033,4.2,,,,,,,4.2,-0.2588190451025208,-0.9659258262890683,0.0,1.0,-0.8660254037844385,-0.5000000000000004,18,Good,4.155555555555555,0.05270462766947356,4.1,4.2,4.15,0.05270462766947348,4.1,4.2,4.15,0.05270462766947348,4.1,4.2,17.0,0.0,0,0,0,0
2026-08-10 13:04:30.247776,LONDON_GR9,London Greenwich - Westhorne Avenue,51.455,0.03,17.0,33.0,,13.0,34.0,,,17.0,-0.2588190451025208,-0.9659258262890683,0.0,1.0,-0.8660254037844385,-0.5000000000000004,61,Moderate,17.0,0.0,17.0,17.0,17.0,0.0,17.0,17.0,17.0,0.0,17.0,17.0,8.1,0.0,0,0,0,0
2026-08-10 13:06:02.425637,LONDON_SK6,London Southwark - A2 Invaliders,51.491,-0.102,14.6,,,,0.024,,,14.6,-0.2588190451025208,-0.9659258262890683,0.0,1.0,-0.8660254037844385,-0.5000000000000004,56,Moderate,13.366666666666667,1.8499999999999994,10.9,14.6,12.918181818181818,1.9322619811082455,10.9,14.6,12.918181818181818,1.9322619811082455,10.9,14.6,4.2,0.0,0,0,0,0
2026-08-10 13:06:03.206863,LONDON_HF1,London Hammersmith and Fulham,51.49,-0.224,11.0,23.0,,9.9,32.6,,,11.0,-0.2588190451025208,-0.9659258262890683,0.0,1.0,-0.8660254037844385,-0.5000000000000004,46,Good,9.666666666666666,2.0,7.0,11.0,9.181818181818182,2.088931871468374,7.0,11.0,9.181818181818182,2.088931871468374,7.0,11.0,6.0,0.0,0,0,0,0
2026-08-10 13:06:04.048515,LONDON_HIL,London Hillingdon,51.496,-0.46,7.0,,,,0.011,,,7.0,-0.2588190451025208,-0.9659258262890683,0.0,1.0,-0.8660254037844385,-0.5000000000000004,29,Good,6.666666666666667,0.4999999999999999,6.0,7.0,6.545454545454546,0.5222329678670934,6.0,7.0,6.545454545454546,0.5222329678670934,6.0,7.0,11.0,0.0,0,0,0,0
2026-08-10 13:06:06.782117,LONDON_KC1,London N. Kensington,51.521,-0.213,8.3,17.0,0.1145,0.006,0.045,,,8.3,-0.2588190451025208,-0.9659258262890683,0.0,1.0,-0.8660254037844385,-0.5000000000000004,35,Good,8.233333333333333,0.10000000000000134,8.1,8.3,8.209090909090909,0.10444659357341969,8.1,8.3,8.209090909090909,0.10444659357341969,8.1,8.3,11.0,0.0,0,0,0,0
2026-08-10 13:06:07.222671,LONDON_TH4,London Tower Hamlets - Mile End Road,51.524,-0.033,4.2,,,,,,,4.2,-0.2588190451025208,-0.9659258262890683,0.0,1.0,-0.8660254037844385,-0.5000000000000004,18,Good,4.166666666666667,0.05000000000000067,4.1,4.2,4.154545454545455,0.052223296786709845,4.1,4.2,4.154545454545455,0.052223296786709845,4.1,4.2,17.0,0.0,0,0,0,0
2026-08-10 13:06:07.652050,LONDON_GR9,London Greenwich - Westhorne Avenue,51.455,0.03,17.0,33.0,,13.0,34.0,,,17.0,-0.2588190451025208,-0.9659258262890683,0.0,1.0,-0.8660254037844385,-0.5000000000000004,61,Moderate,17.0,0.0,17.0,17.0,17.0,0.0,17.0,17.0,17.0,0.0,17.0,17.0,4.1,0.0,0,0,0,0
2026-08-10 13:13:18.443369,LONDON_SK6,London Southwark - A2 Invaliders,51.491,-0.102,14.6,,,,0.024,,,14.6,-0.2588190451025208,-0.9659258262890683,0.0,1.0,-0.8660254037844385,-0.5000000000000004,56,Moderate,13.777777777777779,1.6315466418231632,10.9,14.6,13.058333333333332,1.9052360070144172,10.9,14.6,13.058333333333332,1.9052360070144172,10.9,14.6,8.3,0.0,0,0,0,0
2026-08-10 13:13:18.958524,LONDON_HF1,London Hammersmith and Fulham,51.49,-0.224,11.0,23.0,,9.9,32.6,,,11.0,-0.2588190451025208,-0.9659258262890683,0.0,1.0,-0.8660254037844385,-0.5000000000000004,46,Good,10.11111111111111,1.763834207376394,7.0,11.0,9.333333333333334,2.059714602177749,7.0,11.0,9.333333333333334,2.059714602177749,7.0,11.0,4.1,0.0,0,0,0,0
2026-08-10 13:13:19.472954,LONDON_HIL,London Hillingdon,51.496,-0.46,7.0,,,,0.011,,,7.0,-0.2588190451025208,-0.9659258262890683,0.0,1.0,-0.8660254037844385,-0.5000000000000004,29,Good,6.777777777777778,0.44095855184409827,6.0,7.0,6.583333333333333,0.5149286505444371,6.0,7.0,6.583333333333333,0.5149286505444371,6.0,7.0,4.2,0.0,0,0,0,0
2026-08-10 13:13:20.995617,LONDON_KC1,London N. Kensington,51.521,-0.213,8.3,17.0,0.1145,0.006,0.045,,,8.3,-0.2588190451025208,-0.9659258262890683,0.0,1.0,-0.8660254037844385,-0.5000000000000004,35,Good,8.255555555555556,0.08819171036882123,8.1,8.3,8.216666666666667,0.10298573010888842,8.1,8.3,8.216666666666667,0.10298573010888842,8.1,8.3,17.0,0.0,0,0,0,0
2026-08-10 13:13:21.270304,LONDON_TH4,London Tower Hamlets - Mile End Road,51.524,-0.033,4.2,,,,,,,4.2,-0.2588190451025208,-0.9659258262890683,0.0,1.0,-0.8660254037844385,-0.5000000000000004,18,Good,4.177777777777778,0.04409585518441076,4.1,4.2,4.158333333333333,0.05149286505444421,4.1,4.2,4.158333333333333,0.05149286505444421,4.1,4.2,17.0,0.0,0,0,0,0
2026-08-10 13:13:21.506760,LONDON_GR9,London Greenwich - Westhorne Avenue,51.455,0.03,17.0,33.0,,13.0,34.0,,,17.0,-0.2588190451025208,-0.9659258262890683,0.0,1.0,-0.8660254037844385,-0.5000000000000004,61,Moderate,17.0,0.0,17.0,17.0,17.0,0.0,17.0,17.0,17.0,0.0,17.0,17.0,17.0,0.0,0,0,0,0
2026-08-10 13:19:27.378956,LONDON_SK6,London Southwark - A2 Invaliders,51.491,-0.102,14.6,,,,0.024,,,14.6,-0.2588190451025208,-0.9659258262890683,0.0,1.0,-0.8660254037844385,-0.5000000000000004,56,Moderate,14.188888888888888,1.2333333333333318,10.9,14.6,13.176923076923078,1.8735678291047828,10.9,14.6,13.176923076923078,1.8735678291047828,10.9,14.6,7.0,0.0,0,0,0,0
2026-08-10 13:19:27.916214,LONDON_HF1,London Hammersmith and Fulham,51.49,-0.224,11.0,23.0,,9.9,32.6,,,11.0,-0.2588190451025208,-0.9659258262890683,0.0,1.0,-0.8660254037844385,-0.5000000000000004,46,Good,10.555555555555555,1.3333333333333337,7.0,11.0,9.461538461538462,2.0254787341673333,7.0,11.0,9.461538461538462,2.0254787341673333,7.0,11.0,10.9,0.0,0,0,0,0
2026-08-10 13:19:28.731495,LONDON_HIL,London Hillingdon,51.496,-0.46,7.0,,,,0.011,,,7.0,-0.2588190451025208,-0.9659258262890683,0.0,1.0,-0.8660254037844385,-0.5000000000000004,29,Good,6.888888888888889,0.33333333333333315,6.0,7.0,6.615384615384615,0.5063696835418331,6.0,7.0,6.615384615384615,0.5063696835418331,6.0,7.0,11.0,0.0,0,0,0,0
2026-08-10 13:19:30.250562,LONDON_KC1,London N. Kensington,51.521,-0.213,8.3,17.0,0.1145,0.006,0.045,,,8.3,-0.2588190451025208,-0.9659258262890683,0.0,1.0,-0.8660254037844385,-0.5000000000000004,35,Good,8.277777777777779,0.06666666666666841,8.1,8.3,8.223076923076924,0.10127393670836757,8.1,8.3,8.223076923076924,0.10127393670836757,8.1,8.3,8.3,0.0,0,0,0,0
2026-08-10 13:19:30.762164,LONDON_TH4,London Tower Hamlets - Mile End Road,51.524,-0.033,4.2,,,,,,,4.2,-0.2588190451025208,-0.9659258262890683,0.0,1.0,-0.8660254037844385,-0.5000000000000004,18,Good,4.188888888888889,0.033333333333334714,4.1,4.2,4.161538461538462,0.050636968354183784,4.1,4.2,4.161538461538462,0.050636968354183784,4.1,4.2,17.0,0.0,0,0,0,0
2026-08-10 13:19:31.066250,LONDON_GR9,London Greenwich - Westhorne Avenue,51.455,0.03,17.0,33.0,,13.0,34.0,,,17.0,-0.2588190451025208,-0.9659258262890683,0.0,1.0,-0.8660254037844385,-0.5000000000000004,61,Moderate,17.0,0.0,17.0,17.0,17.0,0.0,17.0,17.0,17.0,0.0,17.0,17.0,10.9,0.0,0,0,0,0
2026-08-10 13:21:02.102220,LONDON_SK6,London Southwark - A2 Invaliders,51.491,-0.102,14.6,,,,0.024,,,14.6,-0.2588190451025208,-0.9659258262890683,0.0,1.0,-0.8660254037844385,-0.5000000000000004,56,Moderate,14.229999999999999,1.170042734262299,10.9,14.6,13.278571428571428,1.839807084965733,10.9,14.6,13.278571428571428,1.839807084965733,10.9,14.6,11.0,0.0,0,0,0,0
2026-08-10 13:21:02.613050,LONDON_HF1,London Hammersmith and Fulham,51.49,-0.224,11.0,23.0,,9.9,32.6,,,11.0,-0.2588190451025208,-0.9659258262890683,0.0,1.0,-0.8660254037844385,-0.5000000000000004,46,Good,10.6,1.2649110640673522,7.0,11.0,9.571428571428571,1.9889806323953876,7.0,11.0,9.571428571428571,1.9889806323953876,7.0,11.0,6.0,0.0,0,0,0,0
2026-08-10 13:21:03.024158,LONDON_HIL,London Hillingdon,51.496,-0.46,7.0,,,,0.011,,,7.0,-0.2588190451025208,-0.9659258262890683,0.0,1.0,-0.8660254037844385,-0.5000000000000004,29,Good,6.9,0.3162277660168377,6.0,7.0,6.642857142857143,0.49724515809884673,6.0,7.0,6.642857142857143,0.49724515809884673,6.0,7.0,4.2,0.0,0,0,0,0
2026-08-10 13:21:04.433510,LONDON_KC1,London N. Kensington,51.521,-0.213,8.3,17.0,0.1145,0.006,0.045,,,8.3,-0.2588190451025208,-0.9659258262890683,0.0,1.0,-0.8660254037844385,-0.5000000000000004,35,Good,8.280000000000001,0.06324555320336922,8.1,8.3,8.22857142857143,0.09944903161977023,8.1,8.3,8.22857142857143,0.09944903161977023,8.1,8.3,11.0,0.0,0,0,0,0
2026-08-10 13:21:04.817245,LONDON_TH4,London Tower Hamlets - Mile End Road,51.524,-0.033,4.2,,,,,,,4.2,-0.2588190451025208,-0.9659258262890683,0.0,1.0,-0.8660254037844385,-0.5000000000000004,18,Good,4.1899999999999995,0.03162277660168512,4.1,4.2,4.164285714285714,0.049724515809885114,4.1,4.2,4.164285714285714,0.049724515809885114,4.1,4.2,17.0,0.0,0,0,0,0
2026-08-10 13:21:05.032362,LONDON_GR9,London Greenwich - Westhorne Avenue,51.455,0.03,17.0,33.0,,13.0,34.0,,,17.0,-0.2588190451025208,-0.9659258262890683,0.0,1.0,-0.8660254037844385,-0.5000000000000004,61,Moderate,17.0,0.0,17.0,17.0,17.0,0.0,17.0,17.0,17.0,0.0,17.0,17.0,7.0,0.0,0,0,0,0
2026-08-10 13:28:18.647338,LONDON_SK6,London Southwark - A2 Invaliders,51.491,-0.102,14.6,,,,0.024,,,14.6,-0.2588190451025208,-0.9659258262890683,0.0,1.0,-0.8660254037844385,-0.5000000000000004,56,Moderate,14.6,0.0,14.6,14.6,13.366666666666667,1.805415134954786,10.9,14.6,13.366666666666667,1.805415134954786,10.9,14.6,14.6,0.0,0,0,0,0
2026-08-10 13:28:19.050111,LONDON_HF1,London Hammersmith and Fulham,51.49,-0.224,11.0,23.0,,9.9,32.6,,,11.0,-0.2588190451025208,-0.9659258262890683,0.0,1.0,-0.8660254037844385,-0.5000000000000004,46,Good,11.0,0.0,11.0,11.0,9.666666666666666,1.9518001458970664,7.0,11.0,9.666666666666666,1.9518001458970664,7.0,11.0,4.1,0.0,0,0,0,0
2026-08-10 13:28:19.561081,LONDON_HIL,London Hillingdon,51.496,-0.46,7.0,,,,0.011,,,7.0,-0.2588190451025208,-0.9659258262890683,0.0,1.0,-0.8660254037844385,-0.5000000000000004,29,Good,7.0,0.0,7.0,7.0,6.666666666666667,0.4879500364742664,6.0,7.0,6.666666666666667,0.4879500364742664,6.0,7.0,11.0,0.0,0,0,0,0
2026-08-10 13:28:20.918304,LONDON_KC1,London N. Kensington,51.521,-0.213,8.3,17.0,0.1145,0.006,0.045,,,8.3,-0.2588190451025208,-0.9659258262890683,0.0,1.0,-0.8660254037844385,-0.5000000000000004,35,Good,8.3,0.0,8.3,8.3,8.233333333333333,0.09759000729485409,8.1,8.3,8.233333333333333,0.09759000729485409,8.1,8.3,17.0,0.0,0,0,0,0
2026-08-10 13:28:21.409296,LONDON_TH4,London Tower Hamlets - Mile End Road,51.524,-0.033,4.2,,,,,,,4.2,-0.2588190451025208,-0.9659258262890683,0.0,1.0,-0.8660254037844385,-0.5000000000000004,18,Good,4.2,0.0,4.2,4.2,4.166666666666667,0.048795003647427046,4.1,4.2,4.166666666666667,0.048795003647427046,4.1,4.2,17.0,0.0,0,0,0,0
2026-08-10 13:28:21.637816,LONDON_GR9,London Greenwich - Westhorne Avenue,51.455,0.03,17.0,33.0,,13.0,34.0,,,17.0,-0.2588190451025208,-0.9659258262890683,0.0,1.0,-0.8660254037844385,-0.5000000000000004,61,Moderate,17.0,0.0,17.0,17.0,17.0,0.0,17.0,17.0,17.0,0.0,17.0,17.0,6.0,0.0,0,0,0,0
2026-08-10 13:34:27.725515,LONDON_SK6,London Southwark - A2 Invaliders,51.491,-0.102,14.6,,,,0.024,,,14.6,-0.2588190451025208,-0.9659258262890683,0.0,1.0,-0.8660254037844385,-0.5000000000000004,56,Moderate,14.6,0.0,14.6,14.6,13.44375,1.771240149349225,10.9,14.6,13.44375,1.771240149349225,10.9,14.6,17.0,0.0,0,0,0,0
2026-08-10 13:34:28.823954,LONDON_HF1,London Hammersmith and Fulham,51.49,-0.224,10.0,23.0,,9.9,32.6,,,10.0,-0.2588190451025208,-0.9659258262890683,0.0,1.0,-0.8660254037844385,-0.5000000000000004,42,Good,10.9,0.3162277660168399,10.0,11.0,9.6875,1.8874586088176875,7.0,11.0,9.6875,1.8874586088176875,7.0,11.0,14.6,0.0,0,0,0,0
2026-08-10 13:34:29.233244,LONDON_HIL,London Hillingdon,51.496,-0.46,7.0,,,,0.011,,,7.0,-0.2588190451025208,-0.9659258262890683,0.0,1.0,-0.8660254037844385,-0.5000000000000004,29,Good,7.0,0.0,7.0,7.0,6.6875,0.47871355387816883,6.0,7.0,6.6875,0.47871355387816883,6.0,7.0,4.2,0.0,0,0,0,0
2026-08-10 13:34:30.874415,LONDON_KC1,London N. Kensington,51.521,-0.213,8.3,17.0,0.1145,0.006,0.045,,,8.3,-0.2588190451025208,-0.9659258262890683,0.0,1.0,-0.8660254037844385,-0.5000000000000004,35,Good,8.3,0.0,8.3,8.3,8.2375,0.09574271077563455,8.1,8.3,8.2375,0.09574271077563455,8.1,8.3,8.3,0.0,0,0,0,0
2026-08-10 13:34:31.386332,LONDON_TH4,London Tower Hamlets - Mile End Road,51.524,-0.033,4.2,,,,,,,4.2,-0.2588190451025208,-0.9659258262890683,0.0,1.0,-0.8660254037844385,-0.5000000000000004,18,Good,4.2,0.0,4.2,4.2,4.16875,0.047871355387817276,4.1,4.2,4.16875,0.047871355387817276,4.1,4.2,17.0,0.0,0,0,0,0
2026-08-10 13:34:31.890881,LONDON_GR9,London Greenwich - Westhorne Avenue,51.455,0.03,17.0,33.0,,13.0,34.0,,,17.0,-0.2588190451025208,-0.9659258262890683,0.0,1.0,-0.8660254037844385,-0.5000000000000004,61,Moderate,17.0,0.0,17.0,17.0,17.0,0.0,17.0,17.0,17.0,0.0,17.0,17.0,8.1,0.0,0,0,0,0
2026-08-10 13:36:01.804400,LONDON_SK6,London Southwark - A2 Invaliders,51.491,-0.102,14.6,,,,0.024,,,14.6,-0.2588190451025208,-0.9659258262890683,0.0,1.0,-0.8660254037844385,-0.5000000000000004,56,Moderate,14.6,0.0,14.6,14.6,13.511764705882353,1.7377724077612893,10.9,14.6,13.511764705882353,1.7377724077612893,10.9,14.6,4.2,0.0,0,0,0,0
2026-08-10 13:36:02.196924,LONDON_HF1,London Hammersmith and Fulham,51.49,-0.224,10.0,23.0,,9.9,32.6,,,10.0,-0.2588190451025208,-0.9659258262890683,0.0,1.0,-0.8660254037844385,-0.5000000000000004,42,Good,10.818181818181818,0.40451991747794663,10.0,11.0,9.705882352941176,1.829094922439543,7.0,11.0,9.705882352941176,1.829094922439543,7.0,11.0,7.0,0.0,0,0,0,0
2026-08-10 13:36:02.516710,LONDON_HIL,London Hillingdon,51.496,-0.46,7.0,,,,0.011,,,7.0,-0.2588190451025208,-0.9659258262890683,0.0,1.0,-0.8660254037844385,-0.5000000000000004,29,Good,7.0,0.0,7.0,7.0,6.705882352941177,0.4696682183138619,6.0,7.0,6.705882352941177,0.4696682183138619,6.0,7.0,11.0,0.0,0,0,0,0
2026-08-10 13:36:04.150879,LONDON_KC1,London N. Kensington,51.521,-0.213,8.3,17.0,0.1145,0.006,0.045,,,8.3,-0.2588190451025208,-0.9659258262890683,0.0,1.0,-0.8660254037844385,-0.5000000000000004,35,Good,8.3,0.0,8.3,8.3,8.241176470588234,0.09393364366277313,8.1,8.3,8.241176470588234,0.09393364366277313,8.1,8.3,11.0,0.0,0,0,0,0
2026-08-10 13:36:04.460378,LONDON_TH4,London Tower Hamlets - Mile End Road,51.524,-0.033,4.2,,,,,,,4.2,-0.2588190451025208,-0.9659258262890683,0.0,1.0,-0.8660254037844385,-0.5000000000000004,18,Good,4.2,0.0,4.2,4.2,4.170588235294118,0.04696682183138656,4.1,4.2,4.170588235294118,0.04696682183138656,4.1,4.2,17.0,0.0,0,0,0,0
2026-08-10 13:36:04.853611,LONDON_GR9,London Greenwich - Westhorne Avenue,51.455,0.03,17.0,33.0,,13.0,34.0,,,17.0,-0.2588190451025208,-0.9659258262890683,0.0,1.0,-0.8660254037844385,-0.5000000000000004,61,Moderate,17.0,0.0,17.0,17.0,17.0,0.0,17.0,17.0,17.0,0.0,17.0,17.0,4.1,0.0,0,0,0,0
2026-08-10 13:43:18.661765,LONDON_SK6,London Southwark - A2 Invaliders,51.491,-0.102,14.6,,,,0.024,,,14.6,-0.2588190451025208,-0.9659258262890683,0.0,1.0,-0.8660254037844385,-0.5000000000000004,56,Moderate,14.6,0.0,14.6,14.6,13.572222222222223,1.7052878161611635,10.9,14.6,13.572222222222223,1.7052878161611635,10.9,14.6,8.3,0.0,0,0,0,0
2026-08-10 13:43:19.068041,LONDON_HF1,London Hammersmith and Fulham,51.49,-0.224,10.0,23.0,,9.9,32.6,,,10.0,-0.2588190451025208,-0.9659258262890683,0.0,1.0,-0.8660254037844385,-0.5000000000000004,42,Good,10.727272727272727,0.4670993664969152,10.0,11.0,9.722222222222221,1.7758363582385148,7.0,11.0,9.722222222222221,1.7758363582385148,7.0,11.0,4.2,0.0,0,0,0,0
2026-08-10 13:43:19.333049,LONDON_HIL,London Hillingdon,51.496,-0.46,7.0,,,,0.011,,,7.0,-0.2588190451025208,-0.9659258262890683,0.0,1.0,-0.8660254037844385,-0.5000000000000004,29,Good,7.0,0.0,7.0,7.0,6.722222222222222,0.46088859896247664,6.0,7.0,6.722222222222222,0.46088859896247664,6.0,7.0,4.2,0.0,0,0,0,0
2026-08-10 13:43:20.772492,LONDON_KC1,London N. Kensington,51.521,-0.213,8.3,17.0,0.1145,0.006,0.045,,,8.3,-0.2588190451025208,-0.9659258262890683,0.0,1.0,-0.8660254037844385,-0.5000000000000004,35,Good,8.3,0.0,8.3,8.3,8.244444444444445,0.09217771979249602,8.1,8.3,8.244444444444445,0.09217771979249602,8.1,8.3,17.0,0.0,0,0,0,0
2026-08-10 13:43:21.192925,LONDON_TH4,London Tower Hamlets - Mile End Road,51.524,-0.033,4.2,,,,,,,4.2,-0.2588190451025208,-0.9659258262890683,0.0,1.0,-0.8660254037844385,-0.5000000000000004,18,Good,4.2,0.0,4.2,4.2,4.172222222222222,0.04608885989624801,4.1,4.2,4.172222222222222,0.04608885989624801,4.1,4.2,17.0,0.0,0,0,0,0
2026-08-10 13:43:21.593270,LONDON_GR9,London Greenwich - Westhorne Avenue,51.455,0.03,17.0,33.0,,13.0,34.0,,,17.0,-0.2588190451025208,-0.9659258262890683,0.0,1.0,-0.8660254037844385,-0.5000000000000004,61,Moderate,17.0,0.0,17.0,17.0,17.0,0.0,17.0,17.0,17.0,0.0,17.0,17.0,17.0,0.0,0,0,0,0
2026-08-10 13:49:27.150715,LONDON_SK6,London Southwark - A2 Invaliders,51.491,-0.102,14.3,,,,0.02,,,14.3,-0.2588190451025208,-0.9659258262890683,0.0,1.0,-0.8660254037844385,-0.5000000000000004,56,Moderate,14.572727272727274,0.09045340337331303,14.3,14.6,13.610526315789475,1.665631257325617,10.9,14.6,13.610526315789475,1.665631257325617,10.9,14.6,7.0,0.0,0,0,0,0
2026-08-10 13:49:27.545569,LONDON_HF1,London Hammersmith and Fulham,51.49,-0.224,10.0,23.0,,9.9,32.6,,,10.0,-0.2588190451025208,-0.9659258262890683,0.0,1.0,-0.8660254037844385,-0.5000000000000004,42,Good,10.636363636363637,0.5045249791095144,10.0,11.0,9.736842105263158,1.7269789055894336,7.0,11.0,9.736842105263158,1.7269789055894336,7.0,11.0,14.6,0.0,0,0,0,0
2026-08-10 13:49:28.011415,LONDON_HIL,London Hillingdon,51.496,-0.46,7.0,,,,0.014,,,7.0,-0.2588190451025208,-0.9659258262890683,0.0,1.0,-0.8660254037844385,-0.5000000000000004,29,Good,7.0,0.0,7.0,7.0,6.7368421052631575,0.4524139283588639,6.0,7.0,6.7368421052631575,0.4524139283588639,6.0,7.0,11.0,0.0,0,0,0,0
2026-08-10 13:49:29.563476,LONDON_KC1,London N. Kensington,51.521,-0.213,10.0,24.0,0.229,0.017,0.026,,,10.0,-0.2588190451025208,-0.9659258262890683,0.0,1.0,-0.8660254037844385,-0.5000000000000004,42,Good,8.454545454545455,0.5125692857821981,8.3,10.0,8.336842105263159,0.4125941324457425,8.1,10.0,8.336842105263159,0.4125941324457425,8.1,10.0,8.3,0.0,0,1,0,1
2026-08-10 13:49:29.851208,LONDON_TH4,London Tower Hamlets - Mile End Road,51.524,-0.033,4.1,,,,,,,4.1,-0.2588190451025208,-0.9659258262890683,0.0,1.0,-0.8660254037844385,-0.5000000000000004,17,Good,4.190909090909091,0.030151134457777617,4.1,4.2,4.1684210526315795,0.047756693294092295,4.1,4.2,4.1684210526315795,0.047756693294092295,4.1,4.2,17.0,0.0,0,0,0,0
2026-08-10 13:49:30.068549,LONDON_GR9,London Greenwich - Westhorne Avenue,51.455,0.03,17.0,33.0,,13.0,34.0,,,17.0,-0.2588190451025208,-0.9659258262890683,0.0,1.0,-0.8660254037844385,-0.5000000000000004,61,Moderate,17.0,0.0,17.0,17.0,17.0,0.0,17.0,17.0,17.0,0.0,17.0,17.0,10.9,0.0,0,0,0,0
2026-08-10 13:51:02.130670,LONDON_SK6,London Southwark - A2 Invaliders,51.491,-0.102,14.3,,,,0.02,,,14.3,-0.2588190451025208,-0.9659258262890683,0.0,1.0,-0.8660254037844385,-0.5000000000000004,56,Moderate,14.549999999999999,0.11677484162421684,14.3,14.6,13.645,1.6285204780316456,10.9,14.6,13.645,1.6285204780316456,10.9,14.6,10.0,0.0,0,0,0,0
2026-08-10 13:51:02.517986,LONDON_HF1,London Hammersmith and Fulham,51.49,-0.224,10.0,23.0,,9.9,32.6,,,10.0,-0.2588190451025208,-0.9659258262890683,0.0,1.0,-0.8660254037844385,-0.5000000000000004,42,Good,10.583333333333334,0.5149286505444386,10.0,11.0,9.75,1.681947492765768,7.0,11.0,9.75,1.681947492765768,7.0,11.0,7.0,0.0,0,0,0,0
2026-08-10 13:51:02.906115,LONDON_HIL,London Hillingdon,51.496,-0.46,7.0,,,,0.014,,,7.0,-0.2588190451025208,-0.9659258262890683,0.0,1.0,-0.8660254037844385,-0.5000000000000004,29,Good,7.0,0.0,7.0,7.0,6.75,0.4442616583193191,6.0,7.0,6.75,0.4442616583193191,6.0,7.0,4.2,0.0,0,0,0,0
2026-08-10 13:51:03.935055,LONDON_KC1,London N. Kensington,51.521,-0.213,10.0,24.0,0.229,0.017,0.026,,,10.0,-0.2588190451025208,-0.9659258262890683,0.0,1.0,-0.8660254037844385,-0.5000000000000004,42,Good,8.583333333333334,0.6617241025372944,8.3,10.0,8.42,0.5473380558379078,8.1,10.0,8.42,0.5473380558379078,8.1,10.0,11.0,0.0,0,0,0,0
2026-08-10 13:51:04.149288,LONDON_TH4,London Tower Hamlets - Mile End Road,51.524,-0.033,4.1,,,,,,,4.1,-0.2588190451025208,-0.9659258262890683,0.0,1.0,-0.8660254037844385,-0.5000000000000004,17,Good,4.183333333333333,0.038924947208076995,4.1,4.2,4.165,0.04893604849295971,4.1,4.2,4.165,0.04893604849295971,4.1,4.2,17.0,0.0,0,0,0,0
2026-08-10 13:51:04.538755,LONDON_GR9,London Greenwich - Westhorne Avenue,51.455,0.03,17.0,33.0,,13.0,34.0,,,17.0,-0.2588190451025208,-0.9659258262890683,0.0,1.0,-0.8660254037844385,-0.5000000000000004,61,Moderate,17.0,0.0,17.0,17.0,17.0,0.0,17.0,17.0,17.0,0.0,17.0,17.0,7.0,0.0,0,0,0,0
2026-08-10 13:58:18.970181,LONDON_SK6,London Southwark - A2 Invaliders,51.491,-0.102,14.3,,,,0.02,,,14.3,-0.2588190451025208,-0.9659258262890683,0.0,1.0,-0.8660254037844385,-0.5000000000000004,56,Moderate,14.525,0.1356801050599835,14.3,14.6,13.676190476190476,1.5937078659229742,10.9,14.6,13.676190476190476,1.5937078659229742,10.9,14.6,14.6,0.0,0,0,0,0
2026-08-10 13:58:19.276299,LONDON_HF1,London Hammersmith and Fulham,51.49,-0.224,10.0,23.0,,9.9,32.6,,,10.0,-0.2588190451025208,-0.9659258262890683,0.0,1.0,-0.8660254037844385,-0.5000000000000004,42,Good,10.5,0.522232967867095,10.0,11.0,9.761904761904763,1.6402671094904606,7.0,11.0,9.761904761904763,1.6402671094904606,7.0,11.0,4.2,0.0,0,0,0,0
2026-08-10 13:58:19.766046,LONDON_HIL,London Hillingdon,51.496,-0.46,7.0,,,,0.014,,,7.0,-0.2588190451025208,-0.9659258262890683,0.0,1.0,-0.8660254037844385,-0.5000000000000004,29,Good,7.0,0.0,7.0,7.0,6.761904761904762,0.43643578047198456,6.0,7.0,6.761904761904762,0.43643578047198456,6.0,7.0,11.0,0.0,0,0,0,0
2026-08-10 13:58:21.517131,LONDON_KC1,London N. Kensington,51.521,-0.213,10.0,24.0,0.229,0.017,0.026,,,10.0,-0.2588190451025208,-0.9659258262890683,0.0,1.0,-0.8660254037844385,-0.5000000000000004,42,Good,8.725,0.7688539286732972,8.3,10.0,8.495238095238095,0.6351977569829651,8.1,10.0,8.495238095238095,0.6351977569829651,8.1,10.0,17.0,0.0,0,0,0,0
2026-08-10 13:58:21.920891,LONDON_TH4,London Tower Hamlets - Mile End Road,51.524,-0.033,4.1,,,,,,,4.1,-0.2588190451025208,-0.9659258262890683,0.0,1.0,-0.8660254037844385,-0.5000000000000004,17,Good,4.175,0.04522670168666513,4.1,4.2,4.161904761904762,0.04976133515281241,4.1,4.2,4.161904761904762,0.04976133515281241,4.1,4.2,17.0,0.0,0,0,0,0
2026-08-10 13:58:22.149774,LONDON_GR9,London Greenwich - Westhorne Avenue,51.455,0.03,17.0,33.0,,13.0,34.0,,,17.0,-0.2588190451025208,-0.9659258262890683,0.0,1.0,-0.8660254037844385,-0.5000000000000004,61,Moderate,17.0,0.0,17.0,17.0,17.0,0.0,17.0,17.0,17.0,0.0,17.0,17.0,6.0,0.0,0,0,0,0
2026-08-10 14:04:26.831781,LONDON_SK6,London Southwark - A2 Invaliders,51.491,-0.102,14.3,,,,0.02,,,14.3,-0.4999999999999997,-0.8660254037844388,0.0,1.0,-0.8660254037844385,-0.5000000000000004,56,Moderate,14.50769230769231,0.1441153384245696,14.3,14.6,13.704545454545455,1.5609756633737184,10.9,14.6,13.704545454545455,1.5609756633737184,10.9,14.6,17.0,0.0,0,0,0,0
2026-08-10 14:04:27.260274,LONDON_HF1,London Hammersmith and Fulham,51.49,-0.224,10.0,15.0,,9.9,32.6,,,10.0,-0.4999999999999997,-0.8660254037844388,0.0,1.0,-0.8660254037844385,-0.5000000000000004,42,Good,10.461538461538462,0.5188745216627724,10.0,11.0,9.772727272727273,1.6015414652562279,7.0,11.0,9.772727272727273,1.6015414652562279,7.0,11.0,14.6,0.0,0,0,0,0
2026-08-10 14:04:27.706242,LONDON_HIL,London Hillingdon,51.496,-0.46,7.0,,,,0.014,,,7.0,-0.4999999999999997,-0.8660254037844388,0.0,1.0,-0.8660254037844385,-0.5000000000000004,29,Good,7.0,0.0,7.0,7.0,6.7727272727272725,0.4289320272288883,6.0,7.0,6.7727272727272725,0.4289320272288883,6.0,7.0,4.2,0.0,0,0,0,0
2026-08-10 14:04:29.310052,LONDON_KC1,London N. Kensington,51.521,-0.213,10.0,24.0,0.229,0.017,0.026,,,10.0,-0.4999999999999997,-0.8660254037844388,0.0,1.0,-0.8660254037844385,-0.5000000000000004,42,Good,8.823076923076924,0.8166535844059444,8.3,10.0,8.563636363636364,0.6979872113342381,8.1,10.0,8.563636363636364,0.6979872113342381,8.1,10.0,8.3,0.0,0,0,0,0
2026-08-10 14:04:29.708298,LONDON_TH4,London Tower Hamlets - Mile End Road,51.524,-0.033,4.1,,,,,,,4.1,-0.4999999999999997,-0.8660254037844388,0.0,1.0,-0.8660254037844385,-0.5000000000000004,17,Good,4.1692307692307695,0.04803844614152659,4.1,4.2,4.159090909090909,0.05032362797402018,4.1,4.2,4.159090909090909,0.05032362797402018,4.1,4.2,17.0,0.0,0,0,0,0
2026-08-10 14:04:30.099138,LONDON_GR9,London Greenwich - Westhorne Avenue,51.455,0.03,17.0,33.0,,13.0,34.0,,,17.0,-0.4999999999999997,-0.8660254037844388,0.0,1.0,-0.8660254037844385,-0.5000000000000004,61,Moderate,17.0,0.0,17.0,17.0,17.0,0.0,17.0,17.0,17.0,0.0,17.0,17.0,8.1,0.0,0,0,0,0
2026-08-10 14:06:02.425328,LONDON_SK6,London Southwark - A2 Invaliders,51.491,-0.102,14.3,,,,0.02,,,14.3,-0.4999999999999997,-0.8660254037844388,0.0,1.0,-0.8660254037844385,-0.5000000000000004,56,Moderate,14.484615384615383,0.1519109050625416,14.3,14.6,13.730434782608697,1.5301321341067526,10.9,14.6,13.730434782608697,1.5301321341067526,10.9,14.6,4.1,0.0,0,0,0,0
2026-08-10 14:06:02.901741,LONDON_HF1,London Hammersmith and Fulham,51.49,-0.224,10.0,15.0,,9.9,32.6,,,10.0,-0.4999999999999997,-0.8660254037844388,0.0,1.0,-0.8660254037844385,-0.5000000000000004,42,Good,10.384615384615385,0.5063696835418351,10.0,11.0,9.782608695652174,1.5654369630794767,7.0,11.0,9.782608695652174,1.5654369630794767,7.0,11.0,7.0,0.0,0,0,0,0
2026-08-10 14:06:03.268801,LONDON_HIL,London Hillingdon,51.496,-0.46,7.0,,,,0.014,,,7.0,-0.4999999999999997,-0.8660254037844388,0.0,1.0,-0.8660254037844385,-0.5000000000000004,29,Good,7.0,0.0,7.0,7.0,6.782608695652174,0.42174116783664967,6.0,7.0,6.782608695652174,0.42174116783664967,6.0,7.0,11.0,0.0,0,0,0,0
2026-08-10 14:06:05.083037,LONDON_KC1,London N. Kensington,51.521,-0.213,10.0,24.0,0.229,0.017,0.026,,,10.0,-0.4999999999999997,-0.8660254037844388,0.0,1.0,-0.8660254037844385,-0.5000000000000004,42,Good,8.953846153846154,0.8608284620211168,8.3,10.0,8.626086956521739,0.7448107699301558,8.1,10.0,8.626086956521739,0.7448107699301558,8.1,10.0,10.0,0.0,0,0,0,0
2026-08-10 14:06:05.320456,LONDON_TH4,London Tower Hamlets - Mile End Road,51.524,-0.033,4.1,,,,,,,4.1,-0.4999999999999997,-0.8660254037844388,0.0,1.0,-0.8660254037844385,-0.5000000000000004,17,Good,4.161538461538462,0.05063696835418369,4.1,4.2,4.156521739130435,0.050686980186970765,4.1,4.2,4.156521739130435,0.050686980186970765,4.1,4.2,17.0,0.0,0,0,0,0
2026-08-10 14:06:05.555470,LONDON_GR9,London Greenwich - Westhorne Avenue,51.455,0.03,17.0,33.0,,13.0,34.0,,,17.0,-0.4999999999999997,-0.8660254037844388,0.0,1.0,-0.8660254037844385,-0.5000000000000004,61,Moderate,17.0,0.0,17.0,17.0,17.0,0.0,17.0,17.0,17.0,0.0,17.0,17.0,4.1,0.0,0,0,0,0
2026-08-10 14:13:18.678921,LONDON_SK6,London Southwark - A2 Invaliders,51.491,-0.102,14.3,,,,0.02,,,14.3,-0.4999999999999997,-0.8660254037844388,0.0,1.0,-0.8660254037844385,-0.5000000000000004,56,Moderate,14.450000000000001,0.15666989036011902,14.3,14.6,13.754166666666668,1.5010081153407662,10.9,14.6,13.754166666666668,1.5010081153407662,10.9,14.6,10.0,0.0,0,0,0,0
2026-08-10 14:13:19.161803,LONDON_HF1,London Hammersmith and Fulham,51.49,-0.224,10.0,15.0,,9.9,32.6,,,10.0,-0.4999999999999997,-0.8660254037844388,0.0,1.0,-0.8660254037844385,-0.5000000000000004,42,Good,10.25,0.45226701686664783,10.0,11.0,9.791666666666666,1.5316704909195136,7.0,11.0,9.791666666666666,1.5316704909195136,7.0,11.0,4.2,0.0,0,0,0,0
2026-08-10 14:13:19.592097,LONDON_HIL,London Hillingdon,51.496,-0.46,7.0,,,,0.014,,,7.0,-0.4999999999999997,-0.8660254037844388,0.0,1.0,-0.8660254037844385,-0.5000000000000004,29,Good,7.0,0.0,7.0,7.0,6.791666666666667,0.41485111699905314,6.0,7.0,6.791666666666667,0.41485111699905314,6.0,7.0,4.2,0.0,0,0,0,0
2026-08-10 14:13:21.328229,LONDON_KC1,London N. Kensington,51.521,-0.213,10.0,24.0,0.229,0.017,0.026,,,10.0,-0.4999999999999997,-0.8660254037844388,0.0,1.0,-0.8660254037844385,-0.5000000000000004,42,Good,9.15,0.8877960453740598,8.3,10.0,8.683333333333334,0.7805609279991149,8.1,10.0,8.683333333333334,0.7805609279991149,8.1,10.0,17.0,0.0,0,0,0,0
2026-08-10 14:13:21.622630,LONDON_TH4,London Tower Hamlets - Mile End Road,51.524,-0.033,4.1,,,,,,,4.1,-0.4999999999999997,-0.8660254037844388,0.0,1.0,-0.8660254037844385,-0.5000000000000004,17,Good,4.1499999999999995,0.052223296786709485,4.1,4.2,4.154166666666667,0.050897737770405765,4.1,4.2,4.154166666666667,0.050897737770405765,4.1,4.2,17.0,0.0,0,0,0,0
2026-08-10 14:13:22.034528,LONDON_GR9,London Greenwich - Westhorne Avenue,51.455,0.03,17.0,33.0,,13.0,34.0,,,17.0,-0.4999999999999997,-0.8660254037844388,0.0,1.0,-0.8660254037844385,-0.5000000000000004,61,Moderate,17.0,0.0,17.0,17.0,17.0,0.0,17.0,17.0,17.0,0.0,17.0,17.0,17.0,0.0,0,0,0,0
2026-08-10 14:19:26.980338,LONDON_SK6,London Southwark - A2 Invaliders,51.491,-0.102,14.3,,,,0.02,,,14.3,-0.4999999999999997,-0.8660254037844388,0.0,1.0,-0.8660254037844385,-0.5000000000000004,56,Moderate,14.438461538461537,0.15566235649882285,14.3,14.6,13.776,1.4734539920427325,10.9,14.6,13.776,1.4734539920427325,10.9,14.6,7.0,0.0,0,0,0,0
2026-08-10 14:19:27.390655,LONDON_HF1,London Hammersmith and Fulham,51.49,-0.224,10.0,15.0,,9.9,32.6,,,10.0,-0.4999999999999997,-0.8660254037844388,0.0,1.0,-0.8660254037844385,-0.5000000000000004,42,Good,10.23076923076923,0.4385290096535168,10.0,11.0,9.8,1.5000000000000002,7.0,11.0,9.8,1.5000000000000002,7.0,11.0,14.6,0.0,0,0,0,0
2026-08-10 14:19:27.698855,LONDON_HIL,London Hillingdon,51.496,-0.46,7.0,,,,0.014,,,7.0,-0.4999999999999997,-0.8660254037844388,0.0,1.0,-0.8660254037844385,-0.5000000000000004,29,Good,7.0,0.0,7.0,7.0,6.8,0.40824829046386274,6.0,7.0,6.8,0.40824829046386274,6.0,7.0,11.0,0.0,0,0,0,0
2026-08-10 14:19:29.340873,LONDON_KC1,London N. Kensington,51.521,-0.213,10.0,24.0,0.229,0.017,0.026,,,10.0,-0.4999999999999997,-0.8660254037844388,0.0,1.0,-0.8660254037844385,-0.5000000000000004,42,Good,9.215384615384615,0.8820866868267112,8.3,10.0,8.736,0.808228515540829,8.1,10.0,8.736,0.808228515540829,8.1,10.0,8.3,0.0,0,0,0,0
2026-08-10 14:19:29.645835,LONDON_TH4,London Tower Hamlets - Mile End Road,51.524,-0.033,4.1,,,,,,,4.1,-0.4999999999999997,-0.8660254037844388,0.0,1.0,-0.8660254037844385,-0.5000000000000004,17,Good,4.146153846153846,0.051887452166277125,4.1,4.2,4.152,0.05099019513592849,4.1,4.2,4.152,0.05099019513592849,4.1,4.2,17.0,0.0,0,0,0,0
2026-08-10 14:19:30.155895,LONDON_GR9,London Greenwich - Westhorne Avenue,51.455,0.03,17.0,33.0,,13.0,34.0,,,17.0,-0.4999999999999997,-0.8660254037844388,0.0,1.0,-0.8660254037844385,-0.5000000000000004,61,Moderate,17.0,0.0,17.0,17.0,17.0,0.0,17.0,17.0,17.0,0.0,17.0,17.0,10.9,0.0,0,0,0,0
2026-08-10 14:21:02.338290,LONDON_SK6,London Southwark - A2 Invaliders,51.491,-0.102,14.3,,,,0.02,,,14.3,-0.4999999999999997,-0.8660254037844388,0.0,1.0,-0.8660254037844385,-0.5000000000000004,56,Moderate,14.4,0.14770978917518984,14.3,14.6,13.796153846153846,1.4473370773197978,10.9,14.6,13.796153846153846,1.4473370773197978,10.9,14.6,10.0,0.0,0,0,0,0
2026-08-10 14:21:02.828900,LONDON_HF1,London Hammersmith and Fulham,51.49,-0.224,10.0,15.0,,9.9,32.6,,,10.0,-0.4999999999999997,-0.8660254037844388,0.0,1.0,-0.8660254037844385,-0.5000000000000004,42,Good,10.083333333333334,0.28867513459481614,10.0,11.0,9.807692307692308,1.4702171477501076,7.0,11.0,9.807692307692308,1.4702171477501076,7.0,11.0,7.0,0.0,0,0,0,0
2026-08-10 14:21:03.225744,LONDON_HIL,London Hillingdon,51.496,-0.46,7.0,,,,0.014,,,7.0,-0.4999999999999997,-0.8660254037844388,0.0,1.0,-0.8660254037844385,-0.5000000000000004,29,Good,7.0,0.0,7.0,7.0,6.8076923076923075,0.4019184762342499,6.0,7.0,6.8076923076923075,0.4019184762342499,6.0,7.0,4.2,0.0,0,0,0,0
2026-08-10 14:21:04.406015,LONDON_KC1,London N. Kensington,51.521,-0.213,10.0,24.0,0.229,0.017,0.026,,,10.0,-0.4999999999999997,-0.8660254037844388,0.0,1.0,-0.8660254037844385,-0.5000000000000004,42,Good,9.346153846153847,0.8608284620211176,8.3,10.0,8.784615384615385,0.8297914473853323,8.1,10.0,8.784615384615385,0.8297914473853323,8.1,10.0,10.0,0.0,0,0,0,0
2026-08-10 14:21:04.605760,LONDON_TH4,London Tower Hamlets - Mile End Road,51.524,-0.033,4.1,,,,,,,4.1,-0.4999999999999997,-0.8660254037844388,0.0,1.0,-0.8660254037844385,-0.5000000000000004,17,Good,4.138461538461538,0.050636968354183125,4.1,4.2,4.1499999999999995,0.05099019513592852,4.1,4.2,4.1499999999999995,0.05099019513592852,4.1,4.2,17.0,0.0,0,0,0,0
2026-08-10 14:21:04.820442,LONDON_GR9,London Greenwich - Westhorne Avenue,51.455,0.03,17.0,33.0,,13.0,34.0,,,17.0,-0.4999999999999997,-0.8660254037844388,0.0,1.0,-0.8660254037844385,-0.5000000000000004,61,Moderate,17.0,0.0,17.0,17.0,17.0,0.0,17.0,17.0,17.0,0.0,17.0,17.0,7.0,0.0,0,0,0,0
2026-08-10 14:28:18.305024,LONDON_SK6,London Southwark - A2 Invaliders,51.491,-0.102,14.3,,,,0.02,,,14.3,-0.4999999999999997,-0.8660254037844388,0.0,1.0,-0.8660254037844385,-0.5000000000000004,56,Moderate,14.392307692307694,0.14411533842456953,14.3,14.6,13.814814814814815,1.4225393610084158,10.9,14.6,13.814814814814815,1.4225393610084158,10.9,14.6,14.3,0.0,0,0,0,0
2026-08-10 14:28:18.765428,LONDON_HF1,London Hammersmith and Fulham,51.49,-0.224,10.0,15.0,,9.9,32.6,,,10.0,-0.4999999999999997,-0.8660254037844388,0.0,1.0,-0.8660254037844385,-0.5000000000000004,42,Good,10.076923076923077,0.2773500981126176,10.0,11.0,9.814814814814815,1.4421414908988923,7.0,11.0,9.814814814814815,1.4421414908988923,7.0,11.0,4.2,0.0,0,0,0,0
2026-08-10 14:28:19.276700,LONDON_HIL,London Hillingdon,51.496,-0.46,7.0,,,,0.014,,,7.0,-0.4999999999999997,-0.8660254037844388,0.0,1.0,-0.8660254037844385,-0.5000000000000004,29,Good,7.0,0.0,7.0,7.0,6.814814814814815,0.3958473906635693,6.0,7.0,6.814814814814815,0.3958473906635693,6.0,7.0,11.0,0.0,0,0,0,0
2026-08-10 14:28:21.208020,LONDON_KC1,London N. Kensington,51.521,-0.213,10.0,24.0,0.229,0.017,0.026,,,10.0,-0.4999999999999997,-0.8660254037844388,0.0,1.0,-0.8660254037844385,-0.5000000000000004,42,Good,9.575000000000001,0.7688539286732992,8.3,10.0,8.829629629629629,0.8466289782310933,8.1,10.0,8.829629629629629,0.8466289782310933,8.1,10.0,17.0,0.0,0,0,0,0
2026-08-10 14:28:21.530960,LONDON_TH4,London Tower Hamlets - Mile End Road,51.524,-0.033,4.1,,,,,,,4.1,-0.4999999999999997,-0.8660254037844388,0.0,1.0,-0.8660254037844385,-0.5000000000000004,17,Good,4.125,0.04522670168666385,4.1,4.2,4.148148148148148,0.05091750772173227,4.1,4.2,4.148148148148148,0.05091750772173227,4.1,4.2,17.0,0.0,0,0,0,0
2026-08-10 14:28:21.920609,LONDON_GR9,London Greenwich - Westhorne Avenue,51.455,0.03,17.0,33.0,,13.0,34.0,,,17.0,-0.4999999999999997,-0.8660254037844388,0.0,1.0,-0.8660254037844385,-0.5000000000000004,61,Moderate,17.0,0.0,17.0,17.0,17.0,0.0,17.0,17.0,17.0,0.0,17.0,17.0,6.0,0.0,0,0,0,0
2026-08-14 11:56:23.832042,LONDON_CT3,London City of London - Sir John Cass School,51.514,-0.077,17.0,,,11.7,105.8,,,17.0,0.258819045102521,-0.9659258262890682,-0.433883739117558,-0.9009688679024191,-0.8660254037844385,-0.5000000000000004,61,Moderate,17.0,0.0,17.0,17.0,17.0,0.0,17.0,17.0,17.0,0.0,17.0,17.0,17.0,0.0,0,0,0,0
2026-08-14 11:56:24.871511,LONDON_SK6,London Southwark - A2 Invaliders,51.491,-0.102,7.9,,,,0.03,,,7.9,0.258819045102521,-0.9659258262890682,-0.433883739117558,-0.9009688679024191,-0.8660254037844385,-0.5000000000000004,33,Good,7.9,0.0,7.9,7.9,7.9,0.0,7.9,7.9,7.9,0.0,7.9,7.9,24.0,0.0,0,0,0,0
2026-08-14 11:56:25.269135,LONDON_HF1,London Hammersmith and Fulham,51.49,-0.224,17.0,24.0,,30.4,32.6,,,17.0,0.258819045102521,-0.9659258262890682,-0.433883739117558,-0.9009688679024191,-0.8660254037844385,-0.5000000000000004,61,Moderate,17.0,0.0,17.0,17.0,17.0,0.0,17.0,17.0,17.0,0.0,17.0,17.0,7.9,0.0,0,0,0,0
2026-08-14 11:56:26.066600,LONDON_HIL,London Hillingdon,51.496,-0.46,24.0,,,,0.033,,,24.0,0.258819045102521,-0.9659258262890682,-0.433883739117558,-0.9009688679024191,-0.8660254037844385,-0.5000000000000004,76,Moderate,24.0,0.0,24.0,24.0,24.0,0.0,24.0,24.0,24.0,0.0,24.0,24.0,17.0,0.0,0,0,0,0
2026-08-14 11:56:26.701274,LONDON_WL1,London Waltham Forest,51.585,-0.012,17.0,28.0,360.0,39.5,,,,17.0,0.258819045102521,-0.9659258262890682,-0.433883739117558,-0.9009688679024191,-0.8660254037844385,-0.5000000000000004,61,Moderate,17.0,0.0,17.0,17.0,17.0,0.0,17.0,17.0,17.0,0.0,17.0,17.0,17.0,0.0,0,0,0,0
2026-08-14 11:56:27.315286,LONDON_BX1,London Bexley - Erith,51.481,0.181,10.0,,,0.0,,,,10.0,0.258819045102521,-0.9659258262890682,-0.433883739117558,-0.9009688679024191,-0.8660254037844385,-0.5000000000000004,42,Good,10.0,0.0,10.0,10.0,10.0,0.0,10.0,10.0,10.0,0.0,10.0,10.0,17.0,0.0,0,0,0,0
2026-08-14 11:56:28.002031,LONDON_MY7,London Marylebone Road,51.522,-0.154,10.0,,,,0.001,,,10.0,0.258819045102521,-0.9659258262890682,-0.433883739117558,-0.9009688679024191,-0.8660254037844385,-0.5000000000000004,42,Good,10.0,0.0,10.0,10.0,10.0,0.0,10.0,10.0,10.0,0.0,10.0,10.0,10.0,0.0,0,0,0,0
2026-08-14 11:56:28.850930,LONDON_KC1,London N. Kensington,51.521,-0.213,4.2,17.0,0.0,0.003,0.047,,,4.2,0.258819045102521,-0.9659258262890682,-0.433883739117558,-0.9009688679024191,-0.8660254037844385,-0.5000000000000004,18,Good,4.2,0.0,4.2,4.2,4.2,0.0,4.2,4.2,4.2,0.0,4.2,4.2,10.0,0.0,0,0,0,0
2026-08-14 11:56:29.538648,LONDON_TH4,London Tower Hamlets - Mile End Road,51.524,-0.033,37.1,,,,,,,37.1,0.258819045102521,-0.9659258262890682,-0.433883739117558,-0.9009688679024191,-0.8660254037844385,-0.5000000000000004,105,Unhealthy for Sensitive Groups,37.1,0.0,37.1,37.1,37.1,0.0,37.1,37.1,37.1,0.0,37.1,37.1,37.1,0.0,0,0,0,0
2026-08-14 11:56:29.979741,LONDON_GR9,London Greenwich - Westhorne Avenue,51.455,0.03,10.0,45.0,,20.0,59.0,,,10.0,0.258819045102521,-0.9659258262890682,-0.433883739117558,-0.9009688679024191,-0.8660254037844385,-0.5000000000000004,42,Good,10.0,0.0,10.0,10.0,10.0,0.0,10.0,10.0,10.0,0.0,10.0,10.0,17.0,0.0,0,0,0,0
2026-08-14 12:06:29.440230,LONDON_CT3,London City of London - Sir John Cass School,51.514,-0.077,17.0,,,11.7,105.8,,,17.0,1.2246467991473532e-16,-1.0,-0.433883739117558,-0.9009688679024191,-0.8660254037844385,-0.5000000000000004,61,Moderate,17.0,0.0,17.0,17.0,17.0,0.0,17.0,17.0,17.0,0.0,17.0,17.0,17.0,0.0,0,0,0,0
2026-08-14 12:06:29.855181,LONDON_SK6,London Southwark - A2 Invaliders,51.491,-0.102,7.9,,,,0.03,,,7.9,1.2246467991473532e-16,-1.0,-0.433883739117558,-0.9009688679024191,-0.8660254037844385,-0.5000000000000004,33,Good,7.9,0.0,7.9,7.9,7.9,0.0,7.9,7.9,7.9,0.0,7.9,7.9,7.9,0.0,0,0,0,0
2026-08-14 12:06:30.251595,LONDON_HF1,London Hammersmith and Fulham,51.49,-0.224,17.0,26.0,,30.4,32.6,,,17.0,1.2246467991473532e-16,-1.0,-0.433883739117558,-0.9009688679024191,-0.8660254037844385,-0.5000000000000004,61,Moderate,17.0,0.0,17.0,17.0,17.0,0.0,17.0,17.0,17.0,0.0,17.0,17.0,10.0,0.0,0,0,0,0
2026-08-14 12:06:30.668582,LONDON_HIL,London Hillingdon,51.496,-0.46,24.0,,,,0.033,,,24.0,1.2246467991473532e-16,-1.0,-0.433883739117558,-0.9009688679024191,-0.8660254037844385,-0.5000000000000004,76,Moderate,24.0,0.0,24.0,24.0,24.0,0.0,24.0,24.0,24.0,0.0,24.0,24.0,4.2,0.0,0,0,0,0
2026-08-14 12:06:31.083235,LONDON_WL1,London Waltham Forest,51.585,-0.012,17.0,28.0,360.0,39.5,,,,17.0,1.2246467991473532e-16,-1.0,-0.433883739117558,-0.9009688679024191,-0.8660254037844385,-0.5000000000000004,61,Moderate,17.0,0.0,17.0,17.0,17.0,0.0,17.0,17.0,17.0,0.0,17.0,17.0,17.0,0.0,0,0,0,0
2026-08-14 12:06:31.489573,LONDON_BX1,London Bexley - Erith,51.481,0.181,11.0,,,0.0,,,,11.0,1.2246467991473532e-16,-1.0,-0.433883739117558,-0.9009688679024191,-0.8660254037844385,-0.5000000000000004,46,Good,10.5,0.7071067811865476,10.0,11.0,10.5,0.7071067811865476,10.0,11.0,10.5,0.7071067811865476,10.0,11.0,7.9,0.0,0,0,0,0
2026-08-14 12:06:31.895370,LONDON_MY7,London Marylebone Road,51.522,-0.154,11.0,,,,0.001,,,11.0,1.2246467991473532e-16,-1.0,-0.433883739117558,-0.9009688679024191,-0.8660254037844385,-0.5000000000000004,46,Good,10.5,0.7071067811865476,10.0,11.0,10.5,0.7071067811865476,10.0,11.0,10.5,0.7071067811865476,10.0,11.0,24.0,0.0,0,0,0,0
2026-08-14 12:06:32.276480,LONDON_KC1,London N. Kensington,51.521,-0.213,4.2,17.0,0.0,0.003,0.047,,,4.2,1.2246467991473532e-16,-1.0,-0.433883739117558,-0.9009688679024191,-0.8660254037844385,-0.5000000000000004,18,Good,4.2,0.0,4.2,4.2,4.2,0.0,4.2,4.2,4.2,0.0,4.2,4.2,7.9,0.0,0,0,0,0
2026-08-14 12:06:32.711106,LONDON_TH4,London Tower Hamlets - Mile End Road,51.524,-0.033,37.1,,,,,,,37.1,1.2246467991473532e-16,-1.0,-0.433883739117558,-0.9009688679024191,-0.8660254037844385,-0.5000000000000004,105,Unhealthy for Sensitive Groups,37.1,0.0,37.1,37.1,37.1,0.0,37.1,37.1,37.1,0.0,37.1,37.1,4.2,0.0,0,0,0,0
2026-08-14 12:06:32.914119,LONDON_GR9,London Greenwich - Westhorne Avenue,51.455,0.03,11.0,45.0,,20.0,59.0,,,11.0,1.2246467991473532e-16,-1.0,-0.433883739117558,-0.9009688679024191,-0.8660254037844385,-0.5000000000000004,46,Good,10.5,0.7071067811865476,10.0,11.0,10.5,0.7071067811865476,10.0,11.0,10.5,0.7071067811865476,10.0,11.0,10.0,0.0,0,0,0,0
2026-08-14 12:11:23.299304,LONDON_CT3,London City of London - Sir John Cass School,51.514,-0.077,17.0,,,11.7,105.8,,,17.0,1.2246467991473532e-16,-1.0,-0.433883739117558,-0.9009688679024191,-0.8660254037844385,-0.5000000000000004,61,Moderate,17.0,0.0,17.0,17.0,17.0,0.0,17.0,17.0,17.0,0.0,17.0,17.0,17.0,0.0,0,0,0,0
2026-08-14 12:11:23.838375,LONDON_SK6,London Southwark - A2 Invaliders,51.491,-0.102,7.9,,,,0.03,,,7.9,1.2246467991473532e-16,-1.0,-0.433883739117558,-0.9009688679024191,-0.8660254037844385,-0.5000000000000004,33,Good,7.9,0.0,7.9,7.9,7.9,0.0,7.9,7.9,7.9,0.0,7.9,7.9,11.0,0.0,0,0,0,0
2026-08-14 12:11:24.236895,LONDON_HF1,London Hammersmith and Fulham,51.49,-0.224,17.0,26.0,,30.4,32.6,,,17.0,1.2246467991473532e-16,-1.0,-0.433883739117558,-0.9009688679024191,-0.8660254037844385,-0.5000000000000004,61,Moderate,17.0,0.0,17.0,17.0,17.0,0.0,17.0,17.0,17.0,0.0,17.0,17.0,10.0,0.0,0,0,0,0
2026-08-14 12:11:24.647533,LONDON_HIL,London Hillingdon,51.496,-0.46,24.0,,,,0.033,,,24.0,1.2246467991473532e-16,-1.0,-0.433883739117558,-0.9009688679024191,-0.8660254037844385,-0.5000000000000004,76,Moderate,24.0,0.0,24.0,24.0,24.0,0.0,24.0,24.0,24.0,0.0,24.0,24.0,17.0,0.0,0,0,0,0
2026-08-14 12:11:25.063054,LONDON_WL1,London Waltham Forest,51.585,-0.012,17.0,28.0,360.0,39.5,,,,17.0,1.2246467991473532e-16,-1.0,-0.433883739117558,-0.9009688679024191,-0.8660254037844385,-0.5000000000000004,61,Moderate,17.0,0.0,17.0,17.0,17.0,0.0,17.0,17.0,17.0,0.0,17.0,17.0,17.0,0.0,0,0,0,0
2026-08-14 12:11:25.372594,LONDON_BX1,London Bexley - Erith,51.481,0.181,11.0,,,0.0,,,,11.0,1.2246467991473532e-16,-1.0,-0.433883739117558,-0.9009688679024191,-0.8660254037844385,-0.5000000000000004,46,Good,10.666666666666666,0.5773502691896258,10.0,11.0,10.666666666666666,0.5773502691896258,10.0,11.0,10.666666666666666,0.5773502691896258,10.0,11.0,17.0,0.0,0,0,0,0
2026-08-14 12:11:25.775063,LONDON_MY7,London Marylebone Road,51.522,-0.154,11.0,,,,0.001,,,11.0,1.2246467991473532e-16,-1.0,-0.433883739117558,-0.9009688679024191,-0.8660254037844385,-0.5000000000000004,46,Good,10.666666666666666,0.5773502691896258,10.0,11.0,10.666666666666666,0.5773502691896258,10.0,11.0,10.666666666666666,0.5773502691896258,10.0,11.0,17.0,0.0,0,0,0,0
2026-08-14 12:11:26.174206,LONDON_KC1,London N. Kensington,51.521,-0.213,4.2,17.0,0.0,0.003,0.047,,,4.2,1.2246467991473532e-16,-1.0,-0.433883739117558,-0.9009688679024191,-0.8660254037844385,-0.5000000000000004,18,Good,4.2,0.0,4.2,4.2,4.2,0.0,4.2,4.2,4.2,0.0,4.2,4.2,4.2,0.0,0,0,0,0
2026-08-14 12:11:26.413591,LONDON_TH4,London Tower Hamlets - Mile End Road,51.524,-0.033,37.1,,,,,,,37.1,1.2246467991473532e-16,-1.0,-0.433883739117558,-0.9009688679024191,-0.8660254037844385,-0.5000000000000004,105,Unhealthy for Sensitive Groups,37.1,0.0,37.1,37.1,37.1,0.0,37.1,37.1,37.1,0.0,37.1,37.1,11.0,0.0,0,0,0,0
2026-08-14 12:11:26.732133,LONDON_GR9,London Greenwich - Westhorne Avenue,51.455,0.03,11.0,45.0,,20.0,59.0,,,11.0,1.2246467991473532e-16,-1.0,-0.433883739117558,-0.9009688679024191,-0.8660254037844385,-0.5000000000000004,46,Good,10.666666666666666,0.5773502691896258,10.0,11.0,10.666666666666666,0.5773502691896258,10.0,11.0,10.666666666666666,0.5773502691896258,10.0,11.0,37.1,0.0,0,0,0,0
2026-08-14 12:21:29.545363,LONDON_CT3,London City of London - Sir John Cass School,51.514,-0.077,17.0,,,11.7,105.8,,,17.0,1.2246467991473532e-16,-1.0,-0.433883739117558,-0.9009688679024191,-0.8660254037844385,-0.5000000000000004,61,Moderate,17.0,0.0,17.0,17.0,17.0,0.0,17.0,17.0,17.0,0.0,17.0,17.0,10.0,0.0,0,0,0,0
2026-08-14 12:21:29.849395,LONDON_SK6,London Southwark - A2 Invaliders,51.491,-0.102,7.9,,,,0.03,,,7.9,1.2246467991473532e-16,-1.0,-0.433883739117558,-0.9009688679024191,-0.8660254037844385,-0.5000000000000004,33,Good,7.9,0.0,7.9,7.9,7.9,0.0,7.9,7.9,7.9,0.0,7.9,7.9,4.2,0.0,0,0,0,0
2026-08-14 12:21:30.259655,LONDON_HF1,London Hammersmith and Fulham,51.49,-0.224,17.0,26.0,,54.9,32.6,,,17.0,1.2246467991473532e-16,-1.0,-0.433883739117558,-0.9009688679024191,-0.8660254037844385,-0.5000000000000004,61,Moderate,17.0,0.0,17.0,17.0,17.0,0.0,17.0,17.0,17.0,0.0,17.0,17.0,24.0,0.0,0,0,0,0
2026-08-14 12:21:30.661020,LONDON_HIL,London Hillingdon,51.496,-0.46,24.0,,,,0.033,,,24.0,1.2246467991473532e-16,-1.0,-0.433883739117558,-0.9009688679024191,-0.8660254037844385,-0.5000000000000004,76,Moderate,24.0,0.0,24.0,24.0,24.0,0.0,24.0,24.0,24.0,0.0,24.0,24.0,4.2,0.0,0,0,0,0
2026-08-14 12:21:30.985730,LONDON_WL1,London Waltham Forest,51.585,-0.012,17.0,28.0,360.0,39.5,,,,17.0,1.2246467991473532e-16,-1.0,-0.433883739117558,-0.9009688679024191,-0.8660254037844385,-0.5000000000000004,61,Moderate,17.0,0.0,17.0,17.0,17.0,0.0,17.0,17.0,17.0,0.0,17.0,17.0,17.0,0.0,0,0,0,0
2026-08-14 12:21:31.382734,LONDON_BX1,London Bexley - Erith,51.481,0.181,11.0,,,0.0,,,,11.0,1.2246467991473532e-16,-1.0,-0.433883739117558,-0.9009688679024191,-0.8660254037844385,-0.5000000000000004,46,Good,10.75,0.5000000000000001,10.0,11.0,10.75,0.5000000000000001,10.0,11.0,10.75,0.5000000000000001,10.0,11.0,24.0,0.0,0,0,0,0
2026-08-14 12:21:31.781913,LONDON_MY7,London Marylebone Road,51.522,-0.154,11.0,,,,0.001,,,11.0,1.2246467991473532e-16,-1.0,-0.433883739117558,-0.9009688679024191,-0.8660254037844385,-0.5000000000000004,46,Good,10.75,0.5000000000000001,10.0,11.0,10.75,0.5000000000000001,10.0,11.0,10.75,0.5000000000000001,10.0,11.0,4.2,0.0,0,0,0,0
2026-08-14 12:21:32.099239,LONDON_KC1,London N. Kensington,51.521,-0.213,4.2,17.0,0.0,0.003,0.047,,,4.2,1.2246467991473532e-16,-1.0,-0.433883739117558,-0.9009688679024191,-0.8660254037844385,-0.5000000000000004,18,Good,4.2,0.0,4.2,4.2,4.2,0.0,4.2,4.2,4.2,0.0,4.2,4.2,24.0,0.0,0,0,0,0
2026-08-14 12:21:32.420573,LONDON_TH4,London Tower Hamlets - Mile End Road,51.524,-0.033,37.1,,,,,,,37.1,1.2246467991473532e-16,-1.0,-0.433883739117558,-0.9009688679024191,-0.8660254037844385,-0.5000000000000004,105,Unhealthy for Sensitive Groups,37.1,0.0,37.1,37.1,37.1,0.0,37.1,37.1,37.1,0.0,37.1,37.1,11.0,0.0,0,0,0,0
2026-08-14 12:21:32.852549,LONDON_GR9,London Greenwich - Westhorne Avenue,51.455,0.03,11.0,48.0,,23.0,72.0,,,11.0,1.2246467991473532e-16,-1.0,-0.433883739117558,-0.9009688679024191,-0.8660254037844385,-0.5000000000000004,46,Good,10.75,0.5000000000000001,10.0,11.0,10.75,0.5000000000000001,10.0,11.0,10.75,0.5000000000000001,10.0,11.0,7.9,0.0,0,0,0,0
2026-08-14 12:28:36.943600,LONDON_CT3,London City of London - Sir John Cass School,51.514,-0.077,17.0,,,11.7,105.8,,,17.0,1.2246467991473532e-16,-1.0,-0.433883739117558,-0.9009688679024191,-0.8660254037844385,-0.5000000000000004,61,Moderate,17.0,0.0,17.0,17.0,17.0,0.0,17.0,17.0,17.0,0.0,17.0,17.0,17.0,0.0,0,0,0,0
2026-08-14 12:28:40.604974,LONDON_SK6,London Southwark - A2 Invaliders,51.491,-0.102,7.9,,,,0.03,,,7.9,1.2246467991473532e-16,-1.0,-0.433883739117558,-0.9009688679024191,-0.8660254037844385,-0.5000000000000004,33,Good,7.9,0.0,7.9,7.9,7.9,0.0,7.9,7.9,7.9,0.0,7.9,7.9,24.0,0.0,0,0,0,0
2026-08-14 12:28:41.426296,LONDON_HF1,London Hammersmith and Fulham,51.49,-0.224,17.0,26.0,,54.9,32.6,,,17.0,1.2246467991473532e-16,-1.0,-0.433883739117558,-0.9009688679024191,-0.8660254037844385,-0.5000000000000004,61,Moderate,17.0,0.0,17.0,17.0,17.0,0.0,17.0,17.0,17.0,0.0,17.0,17.0,7.9,0.0,0,0,0,0
2026-08-14 12:28:42.038836,LONDON_HIL,London Hillingdon,51.496,-0.46,24.0,,,,0.033,,,24.0,1.2246467991473532e-16,-1.0,-0.433883739117558,-0.9009688679024191,-0.8660254037844385,-0.5000000000000004,76,Moderate,24.0,0.0,24.0,24.0,24.0,0.0,24.0,24.0,24.0,0.0,24.0,24.0,17.0,0.0,0,0,0,0
2026-08-14 12:28:42.835781,LONDON_WL1,London Waltham Forest,51.585,-0.012,17.0,28.0,360.0,39.5,,,,17.0,1.2246467991473532e-16,-1.0,-0.433883739117558,-0.9009688679024191,-0.8660254037844385,-0.5000000000000004,61,Moderate,17.0,0.0,17.0,17.0,17.0,0.0,17.0,17.0,17.0,0.0,17.0,17.0,17.0,0.0,0,0,0,0
2026-08-14 12:28:43.636113,LONDON_BX1,London Bexley - Erith,51.481,0.181,11.0,,,0.0,,,,11.0,1.2246467991473532e-16,-1.0,-0.433883739117558,-0.9009688679024191,-0.8660254037844385,-0.5000000000000004,46,Good,11.0,0.0,11.0,11.0,11.0,0.0,11.0,11.0,11.0,0.0,11.0,11.0,17.0,0.0,0,0,0,0
2026-08-14 12:28:44.279326,LONDON_MY7,London Marylebone Road,51.522,-0.154,11.0,,,,0.001,,,11.0,1.2246467991473532e-16,-1.0,-0.433883739117558,-0.9009688679024191,-0.8660254037844385,-0.5000000000000004,46,Good,11.0,0.0,11.0,11.0,11.0,0.0,11.0,11.0,11.0,0.0,11.0,11.0,11.0,0.0,0,0,0,0
2026-08-14 12:28:44.945065,LONDON_KC1,London N. Kensington,51.521,-0.213,4.2,17.0,0.0,0.003,0.047,,,4.2,1.2246467991473532e-16,-1.0,-0.433883739117558,-0.9009688679024191,-0.8660254037844385,-0.5000000000000004,18,Good,4.2,0.0,4.2,4.2,4.2,0.0,4.2,4.2,4.2,0.0,4.2,4.2,11.0,0.0,0,0,0,0
2026-08-14 12:28:45.572866,LONDON_TH4,London Tower Hamlets - Mile End Road,51.524,-0.033,37.1,,,,,,,37.1,1.2246467991473532e-16,-1.0,-0.433883739117558,-0.9009688679024191,-0.8660254037844385,-0.5000000000000004,105,Unhealthy for Sensitive Groups,37.1,0.0,37.1,37.1,37.1,0.0,37.1,37.1,37.1,0.0,37.1,37.1,37.1,0.0,0,0,0,0
2026-08-14 12:28:46.049244,LONDON_GR9,London Greenwich - Westhorne Avenue,51.455,0.03,11.0,48.0,,23.0,72.0,,,11.0,1.2246467991473532e-16,-1.0,-0.433883739117558,-0.9009688679024191,-0.8660254037844385,-0.5000000000000004,46,Good,11.0,0.0,11.0,11.0,11.0,0.0,11.0,11.0,11.0,0.0,11.0,11.0,17.0,0.0,0,0,0,0
2026-08-14 12:36:24.547213,LONDON_CT3,London City of London - Sir John Cass School,51.514,-0.077,23.0,,,11.7,105.8,,,23.0,1.2246467991473532e-16,-1.0,-0.433883739117558,-0.9009688679024191,-0.8660254037844385,-0.5000000000000004,74,Moderate,20.0,4.242640687119285,17.0,23.0,20.0,4.242640687119285,17.0,23.0,20.0,4.242640687119285,17.0,23.0,17.0,0.0,0,0,0,0
2026-08-14 12:36:25.303049,LONDON_SK6,London Southwark - A2 Invaliders,51.491,-0.102,8.6,,,,0.03,,,8.6,1.2246467991473532e-16,-1.0,-0.433883739117558,-0.9009688679024191,-0.8660254037844385,-0.5000000000000004,36,Good,8.25,0.49497474683058273,7.9,8.6,8.25,0.49497474683058273,7.9,8.6,8.25,0.49497474683058273,7.9,8.6,8.6,0.0,0,0,0,0
2026-08-14 12:36:26.063184,LONDON_HF1,London Hammersmith and Fulham,51.49,-0.224,23.0,26.0,,54.9,32.6,,,23.0,1.2246467991473532e-16,-1.0,-0.433883739117558,-0.9009688679024191,-0.8660254037844385,-0.5000000000000004,74,Moderate,20.0,4.242640687119285,17.0,23.0,20.0,4.242640687119285,17.0,23.0,20.0,4.242640687119285,17.0,23.0,11.0,0.0,0,0,0,0
2026-08-14 12:36:26.637996,LONDON_HIL,London Hillingdon,51.496,-0.46,23.0,,,,0.031,,,23.0,1.2246467991473532e-16,-1.0,-0.433883739117558,-0.9009688679024191,-0.8660254037844385,-0.5000000000000004,74,Moderate,23.5,0.7071067811865476,23.0,24.0,23.5,0.7071067811865476,23.0,24.0,23.5,0.7071067811865476,23.0,24.0,4.2,0.0,0,0,0,0
2026-08-14 12:36:27.205455,LONDON_WL1,London Waltham Forest,51.585,-0.012,23.0,28.0,360.0,39.5,,,,23.0,1.2246467991473532e-16,-1.0,-0.433883739117558,-0.9009688679024191,-0.8660254037844385,-0.5000000000000004,74,Moderate,20.0,4.242640687119285,17.0,23.0,20.0,4.242640687119285,17.0,23.0,20.0,4.242640687119285,17.0,23.0,23.0,0.0,0,0,0,0
2026-08-14 12:36:27.805766,LONDON_BX1,London Bexley - Erith,51.481,0.181,11.0,,,0.0,,,,11.0,1.2246467991473532e-16,-1.0,-0.433883739117558,-0.9009688679024191,-0.8660254037844385,-0.5000000000000004,46,Good,11.0,0.0,11.0,11.0,11.0,0.0,11.0,11.0,11.0,0.0,11.0,11.0,7.9,0.0,0,0,0,0
2026-08-14 12:36:28.206010,LONDON_MY7,London Marylebone Road,51.522,-0.154,11.0,,,,0.003,,,11.0,1.2246467991473532e-16,-1.0,-0.433883739117558,-0.9009688679024191,-0.8660254037844385,-0.5000000000000004,46,Good,11.0,0.0,11.0,11.0,11.0,0.0,11.0,11.0,11.0,0.0,11.0,11.0,23.0,0.0,0,0,0,0
2026-08-14 12:36:28.772125,LONDON_KC1,London N. Kensington,51.521,-0.213,4.0,10.0,0.0,0.005,0.048,,,4.0,1.2246467991473532e-16,-1.0,-0.433883739117558,-0.9009688679024191,-0.8660254037844385,-0.5000000000000004,17,Good,4.1,0.1414213562373093,4.0,4.2,4.1,0.1414213562373093,4.0,4.2,4.1,0.1414213562373093,4.0,4.2,8.6,0.0,0,0,0,0
2026-08-14 12:36:29.155286,LONDON_TH4,London Tower Hamlets - Mile End Road,51.524,-0.033,37.5,,,,,,,37.5,1.2246467991473532e-16,-1.0,-0.433883739117558,-0.9009688679024191,-0.8660254037844385,-0.5000000000000004,106,Unhealthy for Sensitive Groups,37.3,0.2828427124746205,37.1,37.5,37.3,0.2828427124746205,37.1,37.5,37.3,0.2828427124746205,37.1,37.5,4.0,0.0,0,0,0,0
2026-08-14 12:36:29.555157,LONDON_GR9,London Greenwich - Westhorne Avenue,51.455,0.03,11.0,48.0,,23.0,72.0,,,11.0,1.2246467991473532e-16,-1.0,-0.433883739117558,-0.9009688679024191,-0.8660254037844385,-0.5000000000000004,46,Good,11.0,0.0,11.0,11.0,11.0,0.0,11.0,11.0,11.0,0.0,11.0,11.0,11.0,0.0,0,0,0,0
2026-08-14 12:43:35.166227,LONDON_CT3,London City of London - Sir John Cass School,51.514,-0.077,23.0,,,11.7,105.8,,,23.0,1.2246467991473532e-16,-1.0,-0.433883739117558,-0.9009688679024191,-0.8660254037844385,-0.5000000000000004,74,Moderate,21.0,3.4641016151377544,17.0,23.0,21.0,3.4641016151377544,17.0,23.0,21.0,3.4641016151377544,17.0,23.0,17.0,0.0,0,0,0,0
2026-08-14 12:43:35.557844,LONDON_SK6,London Southwark - A2 Invaliders,51.491,-0.102,8.6,,,,0.03,,,8.6,1.2246467991473532e-16,-1.0,-0.433883739117558,-0.9009688679024191,-0.8660254037844385,-0.5000000000000004,36,Good,8.366666666666667,0.4041451884327375,7.9,8.6,8.366666666666667,0.4041451884327375,7.9,8.6,8.366666666666667,0.4041451884327375,7.9,8.6,11.0,0.0,0,0,0,0
2026-08-14 12:43:35.968406,LONDON_HF1,London Hammersmith and Fulham,51.49,-0.224,23.0,26.0,,54.9,32.6,,,23.0,1.2246467991473532e-16,-1.0,-0.433883739117558,-0.9009688679024191,-0.8660254037844385,-0.5000000000000004,74,Moderate,21.0,3.4641016151377544,17.0,23.0,21.0,3.4641016151377544,17.0,23.0,21.0,3.4641016151377544,17.0,23.0,11.0,0.0,0,0,0,0
2026-08-14 12:43:36.361682,LONDON_HIL,London Hillingdon,51.496,-0.46,23.0,,,,0.031,,,23.0,1.2246467991473532e-16,-1.0,-0.433883739117558,-0.9009688679024191,-0.8660254037844385,-0.5000000000000004,74,Moderate,23.333333333333332,0.5773502691896255,23.0,24.0,23.333333333333332,0.5773502691896255,23.0,24.0,23.333333333333332,0.5773502691896255,23.0,24.0,23.0,0.0,0,0,0,0
2026-08-14 12:43:36.569737,LONDON_WL1,London Waltham Forest,51.585,-0.012,23.0,28.0,360.0,39.5,,,,23.0,1.2246467991473532e-16,-1.0,-0.433883739117558,-0.9009688679024191,-0.8660254037844385,-0.5000000000000004,74,Moderate,21.0,3.4641016151377544,17.0,23.0,21.0,3.4641016151377544,17.0,23.0,21.0,3.4641016151377544,17.0,23.0,23.0,0.0,0,0,0,0
2026-08-14 12:43:36.958787,LONDON_BX1,London Bexley - Erith,51.481,0.181,11.0,,,0.0,,,,11.0,1.2246467991473532e-16,-1.0,-0.433883739117558,-0.9009688679024191,-0.8660254037844385,-0.5000000000000004,46,Good,11.0,0.0,11.0,11.0,11.0,0.0,11.0,11.0,11.0,0.0,11.0,11.0,17.0,0.0,0,0,0,0
2026-08-14 12:43:37.382487,LONDON_MY7,London Marylebone Road,51.522,-0.154,11.0,,,,0.003,,,11.0,1.2246467991473532e-16,-1.0,-0.433883739117558,-0.9009688679024191,-0.8660254037844385,-0.5000000000000004,46,Good,11.0,0.0,11.0,11.0,11.0,0.0,11.0,11.0,11.0,0.0,11.0,11.0,23.0,0.0,0,0,0,0
2026-08-14 12:43:37.794592,LONDON_KC1,London N. Kensington,51.521,-0.213,4.0,10.0,0.0,0.005,0.048,,,4.0,1.2246467991473532e-16,-1.0,-0.433883739117558,-0.9009688679024191,-0.8660254037844385,-0.5000000000000004,17,Good,4.066666666666666,0.11547005383792494,4.0,4.2,4.066666666666666,0.11547005383792494,4.0,4.2,4.066666666666666,0.11547005383792494,4.0,4.2,4.0,0.0,0,0,0,0
2026-08-14 12:43:37.997619,LONDON_TH4,London Tower Hamlets - Mile End Road,51.524,-0.033,37.5,,,,,,,37.5,1.2246467991473532e-16,-1.0,-0.433883739117558,-0.9009688679024191,-0.8660254037844385,-0.5000000000000004,106,Unhealthy for Sensitive Groups,37.36666666666667,0.23094010767585152,37.1,37.5,37.36666666666667,0.23094010767585152,37.1,37.5,37.36666666666667,0.23094010767585152,37.1,37.5,11.0,0.0,0,0,0,0
2026-08-14 12:43:38.198037,LONDON_GR9,London Greenwich - Westhorne Avenue,51.455,0.03,11.0,48.0,,23.0,72.0,,,11.0,1.2246467991473532e-16,-1.0,-0.433883739117558,-0.9009688679024191,-0.8660254037844385,-0.5000000000000004,46,Good,11.0,0.0,11.0,11.0,11.0,0.0,11.0,11.0,11.0,0.0,11.0,11.0,37.1,0.0,0,0,0,0
2026-08-14 12:51:23.971132,LONDON_CT3,London City of London - Sir John Cass School,51.514,-0.077,23.0,,,11.7,105.8,,,23.0,1.2246467991473532e-16,-1.0,-0.433883739117558,-0.9009688679024191,-0.8660254037844385,-0.5000000000000004,74,Moderate,21.5,3.0,17.0,23.0,21.5,3.0,17.0,23.0,21.5,3.0,17.0,23.0,11.0,0.0,0,0,0,0
2026-08-14 12:51:24.348053,LONDON_SK6,London Southwark - A2 Invaliders,51.491,-0.102,8.6,,,,0.03,,,8.6,1.2246467991473532e-16,-1.0,-0.433883739117558,-0.9009688679024191,-0.8660254037844385,-0.5000000000000004,36,Good,8.425,0.34999999999999937,7.9,8.6,8.425,0.34999999999999937,7.9,8.6,8.425,0.34999999999999937,7.9,8.6,4.0,0.0,0,0,0,0
2026-08-14 12:51:24.725239,LONDON_HF1,London Hammersmith and Fulham,51.49,-0.224,23.0,26.0,,54.9,32.6,,,23.0,1.2246467991473532e-16,-1.0,-0.433883739117558,-0.9009688679024191,-0.8660254037844385,-0.5000000000000004,74,Moderate,21.5,3.0,17.0,23.0,21.5,3.0,17.0,23.0,21.5,3.0,17.0,23.0,23.0,0.0,0,0,0,0
2026-08-14 12:51:25.105423,LONDON_HIL,London Hillingdon,51.496,-0.46,23.0,,,,0.031,,,23.0,1.2246467991473532e-16,-1.0,-0.433883739117558,-0.9009688679024191,-0.8660254037844385,-0.5000000000000004,74,Moderate,23.25,0.49999999999999967,23.0,24.0,23.25,0.49999999999999967,23.0,24.0,23.25,0.49999999999999967,23.0,24.0,4.0,0.0,0,0,0,0
2026-08-14 12:51:25.293913,LONDON_WL1,London Waltham Forest,51.585,-0.012,23.0,28.0,360.0,39.5,,,,23.0,1.2246467991473532e-16,-1.0,-0.433883739117558,-0.9009688679024191,-0.8660254037844385,-0.5000000000000004,74,Moderate,21.5,3.0,17.0,23.0,21.5,3.0,17.0,23.0,21.5,3.0,17.0,23.0,23.0,0.0,0,0,0,0
2026-08-14 12:51:25.656422,LONDON_BX1,London Bexley - Erith,51.481,0.181,11.0,,,0.0,,,,11.0,1.2246467991473532e-16,-1.0,-0.433883739117558,-0.9009688679024191,-0.8660254037844385,-0.5000000000000004,46,Good,11.0,0.0,11.0,11.0,11.0,0.0,11.0,11.0,11.0,0.0,11.0,11.0,24.0,0.0,0,0,0,0
2026-08-14 12:51:25.864803,LONDON_MY7,London Marylebone Road,51.522,-0.154,11.0,,,,0.003,,,11.0,1.2246467991473532e-16,-1.0,-0.433883739117558,-0.9009688679024191,-0.8660254037844385,-0.5000000000000004,46,Good,11.0,0.0,11.0,11.0,11.0,0.0,11.0,11.0,11.0,0.0,11.0,11.0,4.0,0.0,0,0,0,0
2026-08-14 12:51:26.243648,LONDON_KC1,London N. Kensington,51.521,-0.213,4.0,10.0,0.0,0.005,0.048,,,4.0,1.2246467991473532e-16,-1.0,-0.433883739117558,-0.9009688679024191,-0.8660254037844385,-0.5000000000000004,17,Good,4.05,0.0999999999999998,4.0,4.2,4.05,0.0999999999999998,4.0,4.2,4.05,0.0999999999999998,4.0,4.2,23.0,0.0,0,0,0,0
2026-08-14 12:51:26.624076,LONDON_TH4,London Tower Hamlets - Mile End Road,51.524,-0.033,37.5,,,,,,,37.5,1.2246467991473532e-16,-1.0,-0.433883739117558,-0.9009688679024191,-0.8660254037844385,-0.5000000000000004,106,Unhealthy for Sensitive Groups,37.4,0.20000000000000107,37.1,37.5,37.4,0.20000000000000107,37.1,37.5,37.4,0.20000000000000107,37.1,37.5,11.0,0.0,0,0,0,0
2026-08-14 12:51:27.003244,LONDON_GR9,London Greenwich - Westhorne Avenue,51.455,0.03,11.0,48.0,,23.0,72.0,,,11.0,1.2246467991473532e-16,-1.0,-0.433883739117558,-0.9009688679024191,-0.8660254037844385,-0.5000000000000004,46,Good,11.0,0.0,11.0,11.0,11.0,0.0,11.0,11.0,11.0,0.0,11.0,11.0,8.6,0.0,0,0,0,0
2026-08-14 12:58:35.255376,LONDON_CT3,London City of London - Sir John Cass School,51.514,-0.077,23.0,,,11.7,105.8,,,23.0,1.2246467991473532e-16,-1.0,-0.433883739117558,-0.9009688679024191,-0.8660254037844385,-0.5000000000000004,74,Moderate,21.8,2.6832815729997477,17.0,23.0,21.8,2.6832815729997477,17.0,23.0,21.8,2.6832815729997477,17.0,23.0,37.1,0.0,0,0,0,0
2026-08-14 12:58:35.455692,LONDON_SK6,London Southwark - A2 Invaliders,51.491,-0.102,8.6,,,,0.03,,,8.6,1.2246467991473532e-16,-1.0,-0.433883739117558,-0.9009688679024191,-0.8660254037844385,-0.5000000000000004,36,Good,8.459999999999999,0.3130495168499699,7.9,8.6,8.459999999999999,0.3130495168499699,7.9,8.6,8.459999999999999,0.3130495168499699,7.9,8.6,11.0,0.0,0,0,0,0
2026-08-14 12:58:35.872891,LONDON_HF1,London Hammersmith and Fulham,51.49,-0.224,23.0,26.0,,54.9,32.6,,,23.0,1.2246467991473532e-16,-1.0,-0.433883739117558,-0.9009688679024191,-0.8660254037844385,-0.5000000000000004,74,Moderate,21.8,2.6832815729997477,17.0,23.0,21.8,2.6832815729997477,17.0,23.0,21.8,2.6832815729997477,17.0,23.0,4.0,0.0,0,0,0,0
2026-08-14 12:58:36.287408,LONDON_HIL,London Hillingdon,51.496,-0.46,23.0,,,,0.031,,,23.0,1.2246467991473532e-16,-1.0,-0.433883739117558,-0.9009688679024191,-0.8660254037844385,-0.5000000000000004,74,Moderate,23.2,0.44721359549995765,23.0,24.0,23.2,0.44721359549995765,23.0,24.0,23.2,0.44721359549995765,23.0,24.0,23.0,0.0,0,0,0,0
2026-08-14 12:58:36.736970,LONDON_WL1,London Waltham Forest,51.585,-0.012,23.0,28.0,360.0,39.5,,,,23.0,1.2246467991473532e-16,-1.0,-0.433883739117558,-0.9009688679024191,-0.8660254037844385,-0.5000000000000004,74,Moderate,21.8,2.6832815729997477,17.0,23.0,21.8,2.6832815729997477,17.0,23.0,21.8,2.6832815729997477,17.0,23.0,23.0,0.0,0,0,0,0
2026-08-14 12:58:37.137529,LONDON_BX1,London Bexley - Erith,51.481,0.181,11.0,,,0.0,,,,11.0,1.2246467991473532e-16,-1.0,-0.433883739117558,-0.9009688679024191,-0.8660254037844385,-0.5000000000000004,46,Good,11.0,0.0,11.0,11.0,11.0,0.0,11.0,11.0,11.0,0.0,11.0,11.0,17.0,0.0,0,0,0,0
2026-08-14 12:58:37.542577,LONDON_MY7,London Marylebone Road,51.522,-0.154,11.0,,,,0.003,,,11.0,1.2246467991473532e-16,-1.0,-0.433883739117558,-0.9009688679024191,-0.8660254037844385,-0.5000000000000004,46,Good,11.0,0.0,11.0,11.0,11.0,0.0,11.0,11.0,11.0,0.0,11.0,11.0,23.0,0.0,0,0,0,0
2026-08-14 12:58:37.959801,LONDON_KC1,London N. Kensington,51.521,-0.213,4.0,10.0,0.0,0.005,0.048,,,4.0,1.2246467991473532e-16,-1.0,-0.433883739117558,-0.9009688679024191,-0.8660254037844385,-0.5000000000000004,17,Good,4.04,0.08944271909999141,4.0,4.2,4.04,0.08944271909999141,4.0,4.2,4.04,0.08944271909999141,4.0,4.2,11.0,0.0,0,0,0,0
2026-08-14 12:58:38.183877,LONDON_TH4,London Tower Hamlets - Mile End Road,51.524,-0.033,37.5,,,,,,,37.5,1.2246467991473532e-16,-1.0,-0.433883739117558,-0.9009688679024191,-0.8660254037844385,-0.5000000000000004,106,Unhealthy for Sensitive Groups,37.42,0.17888543819998404,37.1,37.5,37.42,0.17888543819998404,37.1,37.5,37.42,0.17888543819998404,37.1,37.5,23.0,0.0,0,0,0,0
2026-08-14 12:58:38.397480,LONDON_GR9,London Greenwich - Westhorne Avenue,51.455,0.03,11.0,48.0,,23.0,72.0,,,11.0,1.2246467991473532e-16,-1.0,-0.433883739117558,-0.9009688679024191,-0.8660254037844385,-0.5000000000000004,46,Good,11.0,0.0,11.0,11.0,11.0,0.0,11.0,11.0,11.0,0.0,11.0,11.0,23.0,0.0,0,0,0,0
2026-08-14 13:05:30.100904,LONDON_CT3,London City of London - Sir John Cass School,51.514,-0.077,23.0,,,11.7,105.8,,,23.0,-0.2588190451025208,-0.9659258262890683,-0.433883739117558,-0.9009688679024191,-0.8660254037844385,-0.5000000000000004,74,Moderate,22.0,2.449489742783178,17.0,23.0,22.0,2.449489742783178,17.0,23.0,22.0,2.449489742783178,17.0,23.0,23.0,0.0,0,0,0,0
2026-08-14 13:05:30.947197,LONDON_SK6,London Southwark - A2 Invaliders,51.491,-0.102,8.6,,,,0.03,,,8.6,-0.2588190451025208,-0.9659258262890683,-0.433883739117558,-0.9009688679024191,-0.8660254037844385,-0.5000000000000004,36,Good,8.483333333333333,0.2857738033247034,7.9,8.6,8.483333333333333,0.2857738033247034,7.9,8.6,8.483333333333333,0.2857738033247034,7.9,8.6,23.0,0.0,0,0,0,0
2026-08-14 13:05:31.348424,LONDON_HF1,London Hammersmith and Fulham,51.49,-0.224,23.0,37.0,,54.9,32.6,,,23.0,-0.2588190451025208,-0.9659258262890683,-0.433883739117558,-0.9009688679024191,-0.8660254037844385,-0.5000000000000004,74,Moderate,22.0,2.449489742783178,17.0,23.0,22.0,2.449489742783178,17.0,23.0,22.0,2.449489742783178,17.0,23.0,8.6,0.0,0,0,0,0
2026-08-14 13:05:32.166888,LONDON_HIL,London Hillingdon,51.496,-0.46,23.0,,,,0.031,,,23.0,-0.2588190451025208,-0.9659258262890683,-0.433883739117558,-0.9009688679024191,-0.8660254037844385,-0.5000000000000004,74,Moderate,23.166666666666668,0.40824829046386263,23.0,24.0,23.166666666666668,0.40824829046386263,23.0,24.0,23.166666666666668,0.40824829046386263,23.0,24.0,4.0,0.0,0,0,0,0
2026-08-14 13:05:32.990240,LONDON_WL1,London Waltham Forest,51.585,-0.012,23.0,28.0,360.0,39.5,,,,23.0,-0.2588190451025208,-0.9659258262890683,-0.433883739117558,-0.9009688679024191,-0.8660254037844385,-0.5000000000000004,74,Moderate,22.0,2.449489742783178,17.0,23.0,22.0,2.449489742783178,17.0,23.0,22.0,2.449489742783178,17.0,23.0,23.0,0.0,0,0,0,0
2026-08-14 13:05:33.500804,LONDON_BX1,London Bexley - Erith,51.481,0.181,11.0,,,0.0,,,,11.0,-0.2588190451025208,-0.9659258262890683,-0.433883739117558,-0.9009688679024191,-0.8660254037844385,-0.5000000000000004,46,Good,11.0,0.0,11.0,11.0,11.0,0.0,11.0,11.0,11.0,0.0,11.0,11.0,11.0,0.0,0,0,0,0
2026-08-14 13:05:34.133734,LONDON_MY7,London Marylebone Road,51.522,-0.154,11.0,,,,0.003,,,11.0,-0.2588190451025208,-0.9659258262890683,-0.433883739117558,-0.9009688679024191,-0.8660254037844385,-0.5000000000000004,46,Good,11.0,0.0,11.0,11.0,11.0,0.0,11.0,11.0,11.0,0.0,11.0,11.0,8.6,0.0,0,0,0,0
2026-08-14 13:05:35.039514,LONDON_KC1,London N. Kensington,51.521,-0.213,4.0,10.0,0.0,0.005,0.048,,,4.0,-0.2588190451025208,-0.9659258262890683,-0.433883739117558,-0.9009688679024191,-0.8660254037844385,-0.5000000000000004,17,Good,4.033333333333333,0.08164965809277246,4.0,4.2,4.033333333333333,0.08164965809277246,4.0,4.2,4.033333333333333,0.08164965809277246,4.0,4.2,11.0,0.0,0,0,0,0
2026-08-14 13:05:35.755390,LONDON_TH4,London Tower Hamlets - Mile End Road,51.524,-0.033,37.5,,,,,,,37.5,-0.2588190451025208,-0.9659258262890683,-0.433883739117558,-0.9009688679024191,-0.8660254037844385,-0.5000000000000004,106,Unhealthy for Sensitive Groups,37.43333333333333,0.1632993161855457,37.1,37.5,37.43333333333333,0.1632993161855457,37.1,37.5,37.43333333333333,0.1632993161855457,37.1,37.5,23.0,0.0,0,0,0,0
2026-08-14 13:05:36.366192,LONDON_GR9,London Greenwich - Westhorne Avenue,51.455,0.03,11.0,48.0,,23.0,72.0,,,11.0,-0.2588190451025208,-0.9659258262890683,-0.433883739117558,-0.9009688679024191,-0.8660254037844385,-0.5000000000000004,46,Good,11.0,0.0,11.0,11.0,11.0,0.0,11.0,11.0,11.0,0.0,11.0,11.0,4.0,0.0,0,0,0,0
2026-08-14 13:06:24.596040,LONDON_CT3,London City of London - Sir John Cass School,51.514,-0.077,23.0,,,11.7,105.8,,,23.0,-0.2588190451025208,-0.9659258262890683,-0.433883739117558,-0.9009688679024191,-0.8660254037844385,-0.5000000000000004,74,Moderate,22.142857142857142,2.2677868380553634,17.0,23.0,22.142857142857142,2.2677868380553634,17.0,23.0,22.142857142857142,2.2677868380553634,17.0,23.0,23.0,0.0,0,0,0,0
2026-08-14 13:06:24.805403,LONDON_SK6,London Southwark - A2 Invaliders,51.491,-0.102,8.6,,,,0.03,,,8.6,-0.2588190451025208,-0.9659258262890683,-0.433883739117558,-0.9009688679024191,-0.8660254037844385,-0.5000000000000004,36,Good,8.5,0.2645751311064584,7.9,8.6,8.5,0.2645751311064584,7.9,8.6,8.5,0.2645751311064584,7.9,8.6,8.6,0.0,0,0,0,0
2026-08-14 13:06:25.206129,LONDON_HF1,London Hammersmith and Fulham,51.49,-0.224,23.0,37.0,,54.9,32.6,,,23.0,-0.2588190451025208,-0.9659258262890683,-0.433883739117558,-0.9009688679024191,-0.8660254037844385,-0.5000000000000004,74,Moderate,22.142857142857142,2.2677868380553634,17.0,23.0,22.142857142857142,2.2677868380553634,17.0,23.0,22.142857142857142,2.2677868380553634,17.0,23.0,11.0,0.0,0,0,0,0
2026-08-14 13:06:25.624699,LONDON_HIL,London Hillingdon,51.496,-0.46,23.0,,,,0.031,,,23.0,-0.2588190451025208,-0.9659258262890683,-0.433883739117558,-0.9009688679024191,-0.8660254037844385,-0.5000000000000004,74,Moderate,23.142857142857142,0.37796447300922675,23.0,24.0,23.142857142857142,0.37796447300922675,23.0,24.0,23.142857142857142,0.37796447300922675,23.0,24.0,23.0,0.0,0,0,0,0
2026-08-14 13:06:25.932411,LONDON_WL1,London Waltham Forest,51.585,-0.012,23.0,28.0,360.0,39.5,,,,23.0,-0.2588190451025208,-0.9659258262890683,-0.433883739117558,-0.9009688679024191,-0.8660254037844385,-0.5000000000000004,74,Moderate,22.142857142857142,2.2677868380553634,17.0,23.0,22.142857142857142,2.2677868380553634,17.0,23.0,22.142857142857142,2.2677868380553634,17.0,23.0,23.0,0.0,0,0,0,0
2026-08-14 13:06:26.339644,LONDON_BX1,London Bexley - Erith,51.481,0.181,11.0,,,0.0,,,,11.0,-0.2588190451025208,-0.9659258262890683,-0.433883739117558,-0.9009688679024191,-0.8660254037844385,-0.5000000000000004,46,Good,11.0,0.0,11.0,11.0,11.0,0.0,11.0,11.0,11.0,0.0,11.0,11.0,11.0,0.0,0,0,0,0
2026-08-14 13:06:26.646684,LONDON_MY7,London Marylebone Road,51.522,-0.154,11.0,,,,0.003,,,11.0,-0.2588190451025208,-0.9659258262890683,-0.433883739117558,-0.9009688679024191,-0.8660254037844385,-0.5000000000000004,46,Good,11.0,0.0,11.0,11.0,11.0,0.0,11.0,11.0,11.0,0.0,11.0,11.0,37.5,0.0,0,0,0,0
2026-08-14 13:06:26.955404,LONDON_KC1,London N. Kensington,51.521,-0.213,4.0,10.0,0.0,0.005,0.048,,,4.0,-0.2588190451025208,-0.9659258262890683,-0.433883739117558,-0.9009688679024191,-0.8660254037844385,-0.5000000000000004,17,Good,4.0285714285714285,0.0755928946018453,4.0,4.2,4.0285714285714285,0.0755928946018453,4.0,4.2,4.0285714285714285,0.0755928946018453,4.0,4.2,8.6,0.0,0,0,0,0
2026-08-14 13:06:27.367597,LONDON_TH4,London Tower Hamlets - Mile End Road,51.524,-0.033,37.5,,,,,,,37.5,-0.2588190451025208,-0.9659258262890683,-0.433883739117558,-0.9009688679024191,-0.8660254037844385,-0.5000000000000004,106,Unhealthy for Sensitive Groups,37.44285714285714,0.1511857892036912,37.1,37.5,37.44285714285714,0.1511857892036912,37.1,37.5,37.44285714285714,0.1511857892036912,37.1,37.5,23.0,0.0,0,0,0,0
2026-08-14 13:06:27.671403,LONDON_GR9,London Greenwich - Westhorne Avenue,51.455,0.03,11.0,48.0,,23.0,72.0,,,11.0,-0.2588190451025208,-0.9659258262890683,-0.433883739117558,-0.9009688679024191,-0.8660254037844385,-0.5000000000000004,46,Good,11.0,0.0,11.0,11.0,11.0,0.0,11.0,11.0,11.0,0.0,11.0,11.0,23.0,0.0,0,0,0,0
2026-08-14 13:13:35.507517,LONDON_CT3,London City of London - Sir John Cass School,51.514,-0.077,23.0,,,11.7,105.8,,,23.0,-0.2588190451025208,-0.9659258262890683,-0.433883739117558,-0.9009688679024191,-0.8660254037844385,-0.5000000000000004,74,Moderate,22.25,2.1213203435596424,17.0,23.0,22.25,2.1213203435596424,17.0,23.0,22.25,2.1213203435596424,17.0,23.0,23.0,0.0,0,0,0,0
2026-08-14 13:13:35.810202,LONDON_SK6,London Southwark - A2 Invaliders,51.491,-0.102,8.6,,,,0.03,,,8.6,-0.2588190451025208,-0.9659258262890683,-0.433883739117558,-0.9009688679024191,-0.8660254037844385,-0.5000000000000004,36,Good,8.5125,0.247487373415291,7.9,8.6,8.5125,0.247487373415291,7.9,8.6,8.5125,0.247487373415291,7.9,8.6,11.0,0.0,0,0,0,0
2026-08-14 13:13:36.221383,LONDON_HF1,London Hammersmith and Fulham,51.49,-0.224,23.0,37.0,,54.9,32.6,,,23.0,-0.2588190451025208,-0.9659258262890683,-0.433883739117558,-0.9009688679024191,-0.8660254037844385,-0.5000000000000004,74,Moderate,22.25,2.1213203435596424,17.0,23.0,22.25,2.1213203435596424,17.0,23.0,22.25,2.1213203435596424,17.0,23.0,11.0,0.0,0,0,0,0
2026-08-14 13:13:36.445449,LONDON_HIL,London Hillingdon,51.496,-0.46,23.0,,,,0.031,,,23.0,-0.2588190451025208,-0.9659258262890683,-0.433883739117558,-0.9009688679024191,-0.8660254037844385,-0.5000000000000004,74,Moderate,23.125,0.35355339059327334,23.0,24.0,23.125,0.35355339059327334,23.0,24.0,23.125,0.35355339059327334,23.0,24.0,4.0,0.0,0,0,0,0
2026-08-14 13:13:36.926813,LONDON_WL1,London Waltham Forest,51.585,-0.012,23.0,28.0,360.0,39.5,,,,23.0,-0.2588190451025208,-0.9659258262890683,-0.433883739117558,-0.9009688679024191,-0.8660254037844385,-0.5000000000000004,74,Moderate,22.25,2.1213203435596424,17.0,23.0,22.25,2.1213203435596424,17.0,23.0,22.25,2.1213203435596424,17.0,23.0,23.0,0.0,0,0,0,0
2026-08-14 13:13:37.326317,LONDON_BX1,London Bexley - Erith,51.481,0.181,11.0,,,0.0,,,,11.0,-0.2588190451025208,-0.9659258262890683,-0.433883739117558,-0.9009688679024191,-0.8660254037844385,-0.5000000000000004,46,Good,11.0,0.0,11.0,11.0,11.0,0.0,11.0,11.0,11.0,0.0,11.0,11.0,4.2,0.0,0,0,0,0
2026-08-14 13:13:37.763043,LONDON_MY7,London Marylebone Road,51.522,-0.154,11.0,,,,0.003,,,11.0,-0.2588190451025208,-0.9659258262890683,-0.433883739117558,-0.9009688679024191,-0.8660254037844385,-0.5000000000000004,46,Good,11.0,0.0,11.0,11.0,11.0,0.0,11.0,11.0,11.0,0.0,11.0,11.0,11.0,0.0,0,0,0,0
2026-08-14 13:13:38.071352,LONDON_KC1,London N. Kensington,51.521,-0.213,4.0,10.0,0.0,0.005,0.048,,,4.0,-0.2588190451025208,-0.9659258262890683,-0.433883739117558,-0.9009688679024191,-0.8660254037844385,-0.5000000000000004,17,Good,4.025,0.07071067811865463,4.0,4.2,4.025,0.07071067811865463,4.0,4.2,4.025,0.07071067811865463,4.0,4.2,4.0,0.0,0,0,0,0
2026-08-14 13:13:38.373305,LONDON_TH4,London Tower Hamlets - Mile End Road,51.524,-0.033,37.5,,,,,,,37.5,-0.2588190451025208,-0.9659258262890683,-0.433883739117558,-0.9009688679024191,-0.8660254037844385,-0.5000000000000004,106,Unhealthy for Sensitive Groups,37.45,0.1414213562373097,37.1,37.5,37.45,0.1414213562373097,37.1,37.5,37.45,0.1414213562373097,37.1,37.5,8.6,0.0,0,0,0,0
2026-08-14 13:13:38.680158,LONDON_GR9,London Greenwich - Westhorne Avenue,51.455,0.03,11.0,48.0,,23.0,72.0,,,11.0,-0.2588190451025208,-0.9659258262890683,-0.433883739117558,-0.9009688679024191,-0.8660254037844385,-0.5000000000000004,46,Good,11.0,0.0,11.0,11.0,11.0,0.0,11.0,11.0,11.0,0.0,11.0,11.0,23.0,0.0,0,0,0,0
2026-08-14 13:20:29.106424,LONDON_CT3,London City of London - Sir John Cass School,51.514,-0.077,23.0,,,11.7,105.8,,,23.0,-0.2588190451025208,-0.9659258262890683,-0.433883739117558,-0.9009688679024191,-0.8660254037844385,-0.5000000000000004,74,Moderate,22.333333333333332,1.9999999999999998,17.0,23.0,22.333333333333332,1.9999999999999998,17.0,23.0,22.333333333333332,1.9999999999999998,17.0,23.0,11.0,0.0,0,0,0,0
2026-08-14 13:20:29.488006,LONDON_SK6,London Southwark - A2 Invaliders,51.491,-0.102,8.6,,,,0.03,,,8.6,-0.2588190451025208,-0.9659258262890683,-0.433883739117558,-0.9009688679024191,-0.8660254037844385,-0.5000000000000004,36,Good,8.522222222222222,0.23333333333333275,7.9,8.6,8.522222222222222,0.23333333333333275,7.9,8.6,8.522222222222222,0.23333333333333275,7.9,8.6,4.0,0.0,0,0,0,0
2026-08-14 13:20:29.871621,LONDON_HF1,London Hammersmith and Fulham,51.49,-0.224,23.0,37.0,,54.9,32.6,,,23.0,-0.2588190451025208,-0.9659258262890683,-0.433883739117558,-0.9009688679024191,-0.8660254037844385,-0.5000000000000004,74,Moderate,22.333333333333332,1.9999999999999998,17.0,23.0,22.333333333333332,1.9999999999999998,17.0,23.0,22.333333333333332,1.9999999999999998,17.0,23.0,23.0,0.0,0,0,0,0
2026-08-14 13:20:30.240806,LONDON_HIL,London Hillingdon,51.496,-0.46,23.0,,,,0.031,,,23.0,-0.2588190451025208,-0.9659258262890683,-0.433883739117558,-0.9009688679024191,-0.8660254037844385,-0.5000000000000004,74,Moderate,23.11111111111111,0.3333333333333329,23.0,24.0,23.11111111111111,0.3333333333333329,23.0,24.0,23.11111111111111,0.3333333333333329,23.0,24.0,23.0,0.0,0,0,0,0
2026-08-14 13:20:30.421153,LONDON_WL1,London Waltham Forest,51.585,-0.012,23.0,28.0,360.0,39.5,,,,23.0,-0.2588190451025208,-0.9659258262890683,-0.433883739117558,-0.9009688679024191,-0.8660254037844385,-0.5000000000000004,74,Moderate,22.333333333333332,1.9999999999999998,17.0,23.0,22.333333333333332,1.9999999999999998,17.0,23.0,22.333333333333332,1.9999999999999998,17.0,23.0,23.0,0.0,0,0,0,0
2026-08-14 13:20:30.814619,LONDON_BX1,London Bexley - Erith,51.481,0.181,11.0,,,0.0,,,,11.0,-0.2588190451025208,-0.9659258262890683,-0.433883739117558,-0.9009688679024191,-0.8660254037844385,-0.5000000000000004,46,Good,11.0,0.0,11.0,11.0,11.0,0.0,11.0,11.0,11.0,0.0,11.0,11.0,37.1,0.0,0,0,0,0
2026-08-14 13:20:30.991642,LONDON_MY7,London Marylebone Road,51.522,-0.154,11.0,,,,0.003,,,11.0,-0.2588190451025208,-0.9659258262890683,-0.433883739117558,-0.9009688679024191,-0.8660254037844385,-0.5000000000000004,46,Good,11.0,0.0,11.0,11.0,11.0,0.0,11.0,11.0,11.0,0.0,11.0,11.0,23.0,0.0,0,0,0,0
2026-08-14 13:20:31.217780,LONDON_KC1,London N. Kensington,51.521,-0.213,4.0,10.0,0.0,0.005,0.048,,,4.0,-0.2588190451025208,-0.9659258262890683,-0.433883739117558,-0.9009688679024191,-0.8660254037844385,-0.5000000000000004,17,Good,4.022222222222222,0.06666666666666655,4.0,4.2,4.022222222222222,0.06666666666666655,4.0,4.2,4.022222222222222,0.06666666666666655,4.0,4.2,23.0,0.0,0,0,0,0
2026-08-14 13:20:31.410871,LONDON_TH4,London Tower Hamlets - Mile End Road,51.524,-0.033,37.5,,,,,,,37.5,-0.2588190451025208,-0.9659258262890683,-0.433883739117558,-0.9009688679024191,-0.8660254037844385,-0.5000000000000004,106,Unhealthy for Sensitive Groups,37.455555555555556,0.13333333333333347,37.1,37.5,37.455555555555556,0.13333333333333347,37.1,37.5,37.455555555555556,0.13333333333333347,37.1,37.5,23.0,0.0,0,0,0,0
2026-08-14 13:20:31.787012,LONDON_GR9,London Greenwich - Westhorne Avenue,51.455,0.03,11.0,48.0,,23.0,72.0,,,11.0,-0.2588190451025208,-0.9659258262890683,-0.433883739117558,-0.9009688679024191,-0.8660254037844385,-0.5000000000000004,46,Good,11.0,0.0,11.0,11.0,11.0,0.0,11.0,11.0,11.0,0.0,11.0,11.0,11.0,0.0,0,0,0,0
2026-08-14 13:21:23.870037,LONDON_CT3,London City of London - Sir John Cass School,51.514,-0.077,23.0,,,11.7,105.8,,,23.0,-0.2588190451025208,-0.9659258262890683,-0.433883739117558,-0.9009688679024191,-0.8660254037844385,-0.5000000000000004,74,Moderate,22.4,1.8973665961010275,17.0,23.0,22.4,1.8973665961010275,17.0,23.0,22.4,1.8973665961010275,17.0,23.0,37.5,0.0,0,0,0,0
2026-08-14 13:21:24.068596,LONDON_SK6,London Southwark - A2 Invaliders,51.491,-0.102,8.6,,,,0.03,,,8.6,-0.2588190451025208,-0.9659258262890683,-0.433883739117558,-0.9009688679024191,-0.8660254037844385,-0.5000000000000004,36,Good,8.53,0.22135943621178603,7.9,8.6,8.53,0.22135943621178603,7.9,8.6,8.53,0.22135943621178603,7.9,8.6,11.0,0.0,0,0,0,0
2026-08-14 13:21:24.451633,LONDON_HF1,London Hammersmith and Fulham,51.49,-0.224,23.0,37.0,,54.9,32.6,,,23.0,-0.2588190451025208,-0.9659258262890683,-0.433883739117558,-0.9009688679024191,-0.8660254037844385,-0.5000000000000004,74,Moderate,22.4,1.8973665961010275,17.0,23.0,22.4,1.8973665961010275,17.0,23.0,22.4,1.8973665961010275,17.0,23.0,4.0,0.0,0,0,0,0
2026-08-14 13:21:24.852883,LONDON_HIL,London Hillingdon,51.496,-0.46,23.0,,,,0.031,,,23.0,-0.2588190451025208,-0.9659258262890683,-0.433883739117558,-0.9009688679024191,-0.8660254037844385,-0.5000000000000004,74,Moderate,23.1,0.31622776601683755,23.0,24.0,23.1,0.31622776601683755,23.0,24.0,23.1,0.31622776601683755,23.0,24.0,4.0,0.0,0,0,0,0
2026-08-14 13:21:25.048230,LONDON_WL1,London Waltham Forest,51.585,-0.012,23.0,28.0,360.0,39.5,,,,23.0,-0.2588190451025208,-0.9659258262890683,-0.433883739117558,-0.9009688679024191,-0.8660254037844385,-0.5000000000000004,74,Moderate,22.4,1.8973665961010275,17.0,23.0,22.4,1.8973665961010275,17.0,23.0,22.4,1.8973665961010275,17.0,23.0,23.0,0.0,0,0,0,0
2026-08-14 13:21:25.437574,LONDON_BX1,London Bexley - Erith,51.481,0.181,11.0,,,0.0,,,,11.0,-0.2588190451025208,-0.9659258262890683,-0.433883739117558,-0.9009688679024191,-0.8660254037844385,-0.5000000000000004,46,Good,11.0,0.0,11.0,11.0,11.0,0.0,11.0,11.0,11.0,0.0,11.0,11.0,11.0,0.0,0,0,0,0
2026-08-14 13:21:25.644538,LONDON_MY7,London Marylebone Road,51.522,-0.154,11.0,,,,0.003,,,11.0,-0.2588190451025208,-0.9659258262890683,-0.433883739117558,-0.9009688679024191,-0.8660254037844385,-0.5000000000000004,46,Good,11.0,0.0,11.0,11.0,11.0,0.0,11.0,11.0,11.0,0.0,11.0,11.0,11.0,0.0,0,0,0,0
2026-08-14 13:21:26.019697,LONDON_KC1,London N. Kensington,51.521,-0.213,4.0,10.0,0.0,0.005,0.048,,,4.0,-0.2588190451025208,-0.9659258262890683,-0.433883739117558,-0.9009688679024191,-0.8660254037844385,-0.5000000000000004,17,Good,4.0200000000000005,0.06324555320336747,4.0,4.2,4.0200000000000005,0.06324555320336747,4.0,4.2,4.0200000000000005,0.06324555320336747,4.0,4.2,11.0,0.0,0,0,0,0
2026-08-14 13:21:26.266976,LONDON_TH4,London Tower Hamlets - Mile End Road,51.524,-0.033,37.5,,,,,,,37.5,-0.2588190451025208,-0.9659258262890683,-0.433883739117558,-0.9009688679024191,-0.8660254037844385,-0.5000000000000004,106,Unhealthy for Sensitive Groups,37.46,0.12649110640673528,37.1,37.5,37.46,0.12649110640673528,37.1,37.5,37.46,0.12649110640673528,37.1,37.5,11.0,0.0,0,0,0,0
2026-08-14 13:21:26.659761,LONDON_GR9,London Greenwich - Westhorne Avenue,51.455,0.03,11.0,48.0,,23.0,72.0,,,11.0,-0.2588190451025208,-0.9659258262890683,-0.433883739117558,-0.9009688679024191,-0.8660254037844385,-0.5000000000000004,46,Good,11.0,0.0,11.0,11.0,11.0,0.0,11.0,11.0,11.0,0.0,11.0,11.0,11.0,0.0,0,0,0,0
2026-08-14 13:28:34.558878,LONDON_CT3,London City of London - Sir John Cass School,51.514,-0.077,23.0,,,11.7,105.8,,,23.0,-0.2588190451025208,-0.9659258262890683,-0.433883739117558,-0.9009688679024191,-0.8660254037844385,-0.5000000000000004,74,Moderate,22.454545454545453,1.8090680674665818,17.0,23.0,22.454545454545453,1.8090680674665818,17.0,23.0,22.454545454545453,1.8090680674665818,17.0,23.0,23.0,0.0,0,0,0,0
2026-08-14 13:28:34.948223,LONDON_SK6,London Southwark - A2 Invaliders,51.491,-0.102,8.6,,,,0.03,,,8.6,-0.2588190451025208,-0.9659258262890683,-0.433883739117558,-0.9009688679024191,-0.8660254037844385,-0.5000000000000004,36,Good,8.536363636363635,0.21105794120443405,7.9,8.6,8.536363636363635,0.21105794120443405,7.9,8.6,8.536363636363635,0.21105794120443405,7.9,8.6,23.0,0.0,0,0,0,0
2026-08-14 13:28:35.331946,LONDON_HF1,London Hammersmith and Fulham,51.49,-0.224,23.0,37.0,,54.9,32.6,,,23.0,-0.2588190451025208,-0.9659258262890683,-0.433883739117558,-0.9009688679024191,-0.8660254037844385,-0.5000000000000004,74,Moderate,22.454545454545453,1.8090680674665818,17.0,23.0,22.454545454545453,1.8090680674665818,17.0,23.0,22.454545454545453,1.8090680674665818,17.0,23.0,8.6,0.0,0,0,0,0
2026-08-14 13:28:35.723526,LONDON_HIL,London Hillingdon,51.496,-0.46,23.0,,,,0.031,,,23.0,-0.2588190451025208,-0.9659258262890683,-0.433883739117558,-0.9009688679024191,-0.8660254037844385,-0.5000000000000004,74,Moderate,23.09090909090909,0.30151134457776335,23.0,24.0,23.09090909090909,0.30151134457776335,23.0,24.0,23.09090909090909,0.30151134457776335,23.0,24.0,23.0,0.0,0,0,0,0
2026-08-14 13:28:35.923351,LONDON_WL1,London Waltham Forest,51.585,-0.012,23.0,28.0,360.0,39.5,,,,23.0,-0.2588190451025208,-0.9659258262890683,-0.433883739117558,-0.9009688679024191,-0.8660254037844385,-0.5000000000000004,74,Moderate,22.454545454545453,1.8090680674665818,17.0,23.0,22.454545454545453,1.8090680674665818,17.0,23.0,22.454545454545453,1.8090680674665818,17.0,23.0,23.0,0.0,0,0,0,0
2026-08-14 13:28:36.116219,LONDON_BX1,London Bexley - Erith,51.481,0.181,11.0,,,0.0,,,,11.0,-0.2588190451025208,-0.9659258262890683,-0.433883739117558,-0.9009688679024191,-0.8660254037844385,-0.5000000000000004,46,Good,11.0,0.0,11.0,11.0,11.0,0.0,11.0,11.0,11.0,0.0,11.0,11.0,23.0,0.0,0,0,0,0
2026-08-14 13:28:36.508248,LONDON_MY7,London Marylebone Road,51.522,-0.154,11.0,,,,0.003,,,11.0,-0.2588190451025208,-0.9659258262890683,-0.433883739117558,-0.9009688679024191,-0.8660254037844385,-0.5000000000000004,46,Good,11.0,0.0,11.0,11.0,11.0,0.0,11.0,11.0,11.0,0.0,11.0,11.0,11.0,0.0,0,0,0,0
2026-08-14 13:28:36.887494,LONDON_KC1,London N. Kensington,51.521,-0.213,4.0,10.0,0.0,0.005,0.048,,,4.0,-0.2588190451025208,-0.9659258262890683,-0.433883739117558,-0.9009688679024191,-0.8660254037844385,-0.5000000000000004,17,Good,4.0181818181818185,0.060302268915552605,4.0,4.2,4.0181818181818185,0.060302268915552605,4.0,4.2,4.0181818181818185,0.060302268915552605,4.0,4.2,11.0,0.0,0,0,0,0
2026-08-14 13:28:37.079714,LONDON_TH4,London Tower Hamlets - Mile End Road,51.524,-0.033,37.5,,,,,,,37.5,-0.2588190451025208,-0.9659258262890683,-0.433883739117558,-0.9009688679024191,-0.8660254037844385,-0.5000000000000004,106,Unhealthy for Sensitive Groups,37.46363636363637,0.12060453783110557,37.1,37.5,37.46363636363637,0.12060453783110557,37.1,37.5,37.46363636363637,0.12060453783110557,37.1,37.5,37.5,0.0,0,0,0,0
2026-08-14 13:28:37.475099,LONDON_GR9,London Greenwich - Westhorne Avenue,51.455,0.03,11.0,48.0,,23.0,72.0,,,11.0,-0.2588190451025208,-0.9659258262890683,-0.433883739117558,-0.9009688679024191,-0.8660254037844385,-0.5000000000000004,46,Good,11.0,0.0,11.0,11.0,11.0,0.0,11.0,11.0,11.0,0.0,11.0,11.0,23.0,0.0,0,0,0,0
2026-08-14 13:35:29.252578,LONDON_CT3,London City of London - Sir John Cass School,51.514,-0.077,17.0,,,11.7,105.8,,,17.0,-0.2588190451025208,-0.9659258262890683,-0.433883739117558,-0.9009688679024191,-0.8660254037844385,-0.5000000000000004,61,Moderate,22.454545454545453,1.8090680674665818,17.0,23.0,22.0,2.335496832484569,17.0,23.0,22.0,2.335496832484569,17.0,23.0,23.0,0.0,0,0,0,0
2026-08-14 13:35:29.465821,LONDON_SK6,London Southwark - A2 Invaliders,51.491,-0.102,8.2,,,,0.027,,,8.2,-0.2588190451025208,-0.9659258262890683,-0.433883739117558,-0.9009688679024191,-0.8660254037844385,-0.5000000000000004,34,Good,8.563636363636363,0.12060453783110513,8.2,8.6,8.508333333333333,0.22343733444579542,7.9,8.6,8.508333333333333,0.22343733444579542,7.9,8.6,8.6,0.0,0,0,0,0
2026-08-14 13:35:29.867014,LONDON_HF1,London Hammersmith and Fulham,51.49,-0.224,21.0,37.0,,44.1,32.6,,,21.0,-0.2588190451025208,-0.9659258262890683,-0.433883739117558,-0.9009688679024191,-0.8660254037844385,-0.5000000000000004,70,Moderate,22.818181818181817,0.6030226891555276,21.0,23.0,22.333333333333332,1.775250729197189,17.0,23.0,22.333333333333332,1.775250729197189,17.0,23.0,11.0,0.0,0,0,0,0
2026-08-14 13:35:30.323571,LONDON_HIL,London Hillingdon,51.496,-0.46,17.0,,,,0.029,,,17.0,-0.2588190451025208,-0.9659258262890683,-0.433883739117558,-0.9009688679024191,-0.8660254037844385,-0.5000000000000004,61,Moderate,22.454545454545453,1.8090680674665829,17.0,23.0,22.583333333333332,1.7816403745544236,17.0,24.0,22.583333333333332,1.7816403745544236,17.0,24.0,4.0,0.0,0,1,0,1
2026-08-14 13:35:30.564439,LONDON_WL1,London Waltham Forest,51.585,-0.012,17.0,28.0,360.0,39.5,,,,17.0,-0.2588190451025208,-0.9659258262890683,-0.433883739117558,-0.9009688679024191,-0.8660254037844385,-0.5000000000000004,61,Moderate,22.454545454545453,1.8090680674665818,17.0,23.0,22.0,2.335496832484569,17.0,23.0,22.0,2.335496832484569,17.0,23.0,17.0,0.0,0,0,0,0
2026-08-14 13:35:30.978358,LONDON_BX1,London Bexley - Erith,51.481,0.181,11.0,,,0.0,,,,11.0,-0.2588190451025208,-0.9659258262890683,-0.433883739117558,-0.9009688679024191,-0.8660254037844385,-0.5000000000000004,46,Good,11.0,0.0,11.0,11.0,11.0,0.0,11.0,11.0,11.0,0.0,11.0,11.0,8.6,0.0,0,0,0,0
2026-08-14 13:35:31.371354,LONDON_MY7,London Marylebone Road,51.522,-0.154,11.0,,,,0.003,,,11.0,-0.2588190451025208,-0.9659258262890683,-0.433883739117558,-0.9009688679024191,-0.8660254037844385,-0.5000000000000004,46,Good,11.0,0.0,11.0,11.0,11.0,0.0,11.0,11.0,11.0,0.0,11.0,11.0,23.0,0.0,0,0,0,0
2026-08-14 13:35:31.571702,LONDON_KC1,London N. Kensington,51.521,-0.213,4.0,10.0,0.0,0.005,0.048,,,4.0,-0.2588190451025208,-0.9659258262890683,-0.433883739117558,-0.9009688679024191,-0.8660254037844385,-0.5000000000000004,17,Good,4.0,0.0,4.0,4.0,4.016666666666667,0.05773502691896244,4.0,4.2,4.016666666666667,0.05773502691896244,4.0,4.2,8.6,0.0,0,0,0,0
2026-08-14 13:35:32.013634,LONDON_TH4,London Tower Hamlets - Mile End Road,51.524,-0.033,37.5,,,,,,,37.5,-0.2588190451025208,-0.9659258262890683,-0.433883739117558,-0.9009688679024191,-0.8660254037844385,-0.5000000000000004,106,Unhealthy for Sensitive Groups,37.5,0.0,37.5,37.5,37.46666666666667,0.11547005383792537,37.1,37.5,37.46666666666667,0.11547005383792537,37.1,37.5,4.0,0.0,0,0,0,0
2026-08-14 13:35:32.405397,LONDON_GR9,London Greenwich - Westhorne Avenue,51.455,0.03,11.0,1.0,,6.0,82.0,,,11.0,-0.2588190451025208,-0.9659258262890683,-0.433883739117558,-0.9009688679024191,-0.8660254037844385,-0.5000000000000004,46,Good,11.0,0.0,11.0,11.0,11.0,0.0,11.0,11.0,11.0,0.0,11.0,11.0,11.0,0.0,0,0,0,0
2026-08-14 13:36:23.946739,LONDON_CT3,London City of London - Sir John Cass School,51.514,-0.077,17.0,,,11.7,105.8,,,17.0,-0.2588190451025208,-0.9659258262890683,-0.433883739117558,-0.9009688679024191,-0.8660254037844385,-0.5000000000000004,61,Moderate,22.0,2.335496832484569,17.0,23.0,21.615384615384617,2.6311740579210876,17.0,23.0,21.615384615384617,2.6311740579210876,17.0,23.0,23.0,0.0,0,0,0,0
2026-08-14 13:36:24.342394,LONDON_SK6,London Southwark - A2 Invaliders,51.491,-0.102,8.2,,,,0.027,,,8.2,-0.2588190451025208,-0.9659258262890683,-0.433883739117558,-0.9009688679024191,-0.8660254037844385,-0.5000000000000004,34,Good,8.533333333333333,0.15569978883230404,8.2,8.6,8.484615384615385,0.23038429433649102,7.9,8.6,8.484615384615385,0.23038429433649102,7.9,8.6,11.0,0.0,0,0,0,0
2026-08-14 13:36:24.731925,LONDON_HF1,London Hammersmith and Fulham,51.49,-0.224,21.0,37.0,,44.1,32.6,,,21.0,-0.2588190451025208,-0.9659258262890683,-0.433883739117558,-0.9009688679024191,-0.8660254037844385,-0.5000000000000004,70,Moderate,22.666666666666668,0.7784989441615228,21.0,23.0,22.23076923076923,1.739436985245808,17.0,23.0,22.23076923076923,1.739436985245808,17.0,23.0,11.0,0.0,0,0,0,0
2026-08-14 13:36:25.115240,LONDON_HIL,London Hillingdon,51.496,-0.46,17.0,,,,0.029,,,17.0,-0.2588190451025208,-0.9659258262890683,-0.433883739117558,-0.9009688679024191,-0.8660254037844385,-0.5000000000000004,61,Moderate,22.0,2.33549683248457,17.0,23.0,22.153846153846153,2.3038429433649146,17.0,24.0,22.153846153846153,2.3038429433649146,17.0,24.0,23.0,0.0,0,0,0,0
2026-08-14 13:36:25.506529,LONDON_WL1,London Waltham Forest,51.585,-0.012,17.0,28.0,360.0,39.5,,,,17.0,-0.2588190451025208,-0.9659258262890683,-0.433883739117558,-0.9009688679024191,-0.8660254037844385,-0.5000000000000004,61,Moderate,22.0,2.335496832484569,17.0,23.0,21.615384615384617,2.6311740579210876,17.0,23.0,21.615384615384617,2.6311740579210876,17.0,23.0,17.0,0.0,0,0,0,0
2026-08-14 13:36:25.884134,LONDON_BX1,London Bexley - Erith,51.481,0.181,11.0,,,0.0,,,,11.0,-0.2588190451025208,-0.9659258262890683,-0.433883739117558,-0.9009688679024191,-0.8660254037844385,-0.5000000000000004,46,Good,11.0,0.0,11.0,11.0,11.0,0.0,11.0,11.0,11.0,0.0,11.0,11.0,23.0,0.0,0,0,0,0
2026-08-14 13:36:26.080927,LONDON_MY7,London Marylebone Road,51.522,-0.154,11.0,,,,0.003,,,11.0,-0.2588190451025208,-0.9659258262890683,-0.433883739117558,-0.9009688679024191,-0.8660254037844385,-0.5000000000000004,46,Good,11.0,0.0,11.0,11.0,11.0,0.0,11.0,11.0,11.0,0.0,11.0,11.0,23.0,0.0,0,0,0,0
2026-08-14 13:36:26.464587,LONDON_KC1,London N. Kensington,51.521,-0.213,3.4,8.0,0.0,0.003,0.045,,,3.4,-0.2588190451025208,-0.9659258262890683,-0.433883739117558,-0.9009688679024191,-0.8660254037844385,-0.5000000000000004,14,Good,3.9499999999999997,0.17320508075688754,3.4,4.0,3.9692307692307693,0.17974340685458318,3.4,4.2,3.9692307692307693,0.17974340685458318,3.4,4.2,4.0,0.0,0,1,0,1
2026-08-14 13:36:26.676187,LONDON_TH4,London Tower Hamlets - Mile End Road,51.524,-0.033,37.5,,,,,,,37.5,-0.2588190451025208,-0.9659258262890683,-0.433883739117558,-0.9009688679024191,-0.8660254037844385,-0.5000000000000004,106,Unhealthy for Sensitive Groups,37.5,0.0,37.5,37.5,37.46923076923077,0.11094003924504618,37.1,37.5,37.46923076923077,0.11094003924504618,37.1,37.5,11.0,0.0,0,0,0,0
2026-08-14 13:36:26.874323,LONDON_GR9,London Greenwich - Westhorne Avenue,51.455,0.03,11.0,1.0,,6.0,82.0,,,11.0,-0.2588190451025208,-0.9659258262890683,-0.433883739117558,-0.9009688679024191,-0.8660254037844385,-0.5000000000000004,46,Good,11.0,0.0,11.0,11.0,11.0,0.0,11.0,11.0,11.0,0.0,11.0,11.0,37.5,0.0,0,0,0,0
2026-08-14 13:43:34.556596,LONDON_CT3,London City of London - Sir John Cass School,51.514,-0.077,17.0,,,11.7,105.8,,,17.0,-0.2588190451025208,-0.9659258262890683,-0.433883739117558,-0.9009688679024191,-0.8660254037844385,-0.5000000000000004,61,Moderate,21.5,2.7136021011998723,17.0,23.0,21.285714285714285,2.812843385630973,17.0,23.0,21.285714285714285,2.812843385630973,17.0,23.0,11.0,0.0,0,0,0,0
2026-08-14 13:43:35.121761,LONDON_SK6,London Southwark - A2 Invaliders,51.491,-0.102,8.2,,,,0.027,,,8.2,-0.2588190451025208,-0.9659258262890683,-0.433883739117558,-0.9009688679024191,-0.8660254037844385,-0.5000000000000004,34,Good,8.5,0.1809068067466575,8.2,8.6,8.464285714285714,0.23405174594567685,7.9,8.6,8.464285714285714,0.23405174594567685,7.9,8.6,4.0,0.0,0,0,0,0
2026-08-14 13:43:35.506909,LONDON_HF1,London Hammersmith and Fulham,51.49,-0.224,21.0,37.0,,44.1,32.6,,,21.0,-0.2588190451025208,-0.9659258262890683,-0.433883739117558,-0.9009688679024191,-0.8660254037844385,-0.5000000000000004,70,Moderate,22.5,0.90453403373329,21.0,23.0,22.142857142857142,1.7032612545052799,17.0,23.0,22.142857142857142,1.7032612545052799,17.0,23.0,23.0,0.0,0,0,0,0
2026-08-14 13:43:35.871955,LONDON_HIL,London Hillingdon,51.496,-0.46,17.0,,,,0.029,,,17.0,-0.2588190451025208,-0.9659258262890683,-0.433883739117558,-0.9009688679024191,-0.8660254037844385,-0.5000000000000004,61,Moderate,21.5,2.7136021011998746,17.0,23.0,21.785714285714285,2.6070487714469985,17.0,24.0,21.785714285714285,2.6070487714469985,17.0,24.0,4.0,0.0,0,0,0,0
2026-08-14 13:43:36.274356,LONDON_WL1,London Waltham Forest,51.585,-0.012,17.0,28.0,360.0,39.5,,,,17.0,-0.2588190451025208,-0.9659258262890683,-0.433883739117558,-0.9009688679024191,-0.8660254037844385,-0.5000000000000004,61,Moderate,21.5,2.7136021011998723,17.0,23.0,21.285714285714285,2.812843385630973,17.0,23.0,21.285714285714285,2.812843385630973,17.0,23.0,17.0,0.0,0,0,0,0
2026-08-14 13:43:36.469053,LONDON_BX1,London Bexley - Erith,51.481,0.181,11.0,,,0.0,,,,11.0,-0.2588190451025208,-0.9659258262890683,-0.433883739117558,-0.9009688679024191,-0.8660254037844385,-0.5000000000000004,46,Good,11.0,0.0,11.0,11.0,11.0,0.0,11.0,11.0,11.0,0.0,11.0,11.0,23.0,0.0,0,0,0,0
2026-08-14 13:43:36.653586,LONDON_MY7,London Marylebone Road,51.522,-0.154,11.0,,,,0.003,,,11.0,-0.2588190451025208,-0.9659258262890683,-0.433883739117558,-0.9009688679024191,-0.8660254037844385,-0.5000000000000004,46,Good,11.0,0.0,11.0,11.0,11.0,0.0,11.0,11.0,11.0,0.0,11.0,11.0,4.0,0.0,0,0,0,0
2026-08-14 13:43:36.836789,LONDON_KC1,London N. Kensington,51.521,-0.213,3.4,8.0,0.0,0.003,0.045,,,3.4,-0.2588190451025208,-0.9659258262890683,-0.433883739117558,-0.9009688679024191,-0.8660254037844385,-0.5000000000000004,14,Good,3.9,0.23354968324845674,3.4,4.0,3.9285714285714284,0.2301456777066057,3.4,4.2,3.9285714285714284,0.2301456777066057,3.4,4.2,23.0,0.0,0,0,0,0
2026-08-14 13:43:37.221729,LONDON_TH4,London Tower Hamlets - Mile End Road,51.524,-0.033,37.5,,,,,,,37.5,-0.2588190451025208,-0.9659258262890683,-0.433883739117558,-0.9009688679024191,-0.8660254037844385,-0.5000000000000004,106,Unhealthy for Sensitive Groups,37.5,0.0,37.5,37.5,37.471428571428575,0.10690449676497021,37.1,37.5,37.471428571428575,0.10690449676497021,37.1,37.5,11.0,0.0,0,0,0,0
2026-08-14 13:43:37.630480,LONDON_GR9,London Greenwich - Westhorne Avenue,51.455,0.03,11.0,1.0,,6.0,82.0,,,11.0,-0.2588190451025208,-0.9659258262890683,-0.433883739117558,-0.9009688679024191,-0.8660254037844385,-0.5000000000000004,46,Good,11.0,0.0,11.0,11.0,11.0,0.0,11.0,11.0,11.0,0.0,11.0,11.0,8.6,0.0,0,0,0,0
2026-08-14 13:50:29.312433,LONDON_CT3,London City of London - Sir John Cass School,51.514,-0.077,17.0,,,11.7,105.8,,,17.0,-0.2588190451025208,-0.9659258262890683,-0.433883739117558,-0.9009688679024191,-0.8660254037844385,-0.5000000000000004,61,Moderate,21.0,2.9541957835039856,17.0,23.0,21.0,2.9277002188456,17.0,23.0,21.0,2.9277002188456,17.0,23.0,37.5,0.0,0,0,0,0
2026-08-14 13:50:29.746823,LONDON_SK6,London Southwark - A2 Invaliders,51.491,-0.102,8.2,,,,0.027,,,8.2,-0.2588190451025208,-0.9659258262890683,-0.433883739117558,-0.9009688679024191,-0.8660254037844385,-0.5000000000000004,34,Good,8.466666666666667,0.1969463855669315,8.2,8.6,8.446666666666665,0.2356349072692953,7.9,8.6,8.446666666666665,0.2356349072692953,7.9,8.6,11.0,0.0,0,0,0,0
2026-08-14 13:50:30.188673,LONDON_HF1,London Hammersmith and Fulham,51.49,-0.224,21.0,37.0,,44.1,32.6,,,21.0,-0.2588190451025208,-0.9659258262890683,-0.433883739117558,-0.9009688679024191,-0.8660254037844385,-0.5000000000000004,70,Moderate,22.333333333333332,0.9847319278346603,21.0,23.0,22.066666666666666,1.6676187756655838,17.0,23.0,22.066666666666666,1.6676187756655838,17.0,23.0,4.0,0.0,0,0,0,0
2026-08-14 13:50:30.579378,LONDON_HIL,London Hillingdon,51.496,-0.46,17.0,,,,0.029,,,17.0,-0.2588190451025208,-0.9659258262890683,-0.433883739117558,-0.9009688679024191,-0.8660254037844385,-0.5000000000000004,61,Moderate,21.0,2.954195783503988,17.0,23.0,21.466666666666665,2.7996598432836883,17.0,24.0,21.466666666666665,2.7996598432836883,17.0,24.0,23.0,0.0,0,0,0,0
2026-08-14 13:50:30.817120,LONDON_WL1,London Waltham Forest,51.585,-0.012,17.0,28.0,360.0,39.5,,,,17.0,-0.2588190451025208,-0.9659258262890683,-0.433883739117558,-0.9009688679024191,-0.8660254037844385,-0.5000000000000004,61,Moderate,21.0,2.9541957835039856,17.0,23.0,21.0,2.9277002188456,17.0,23.0,21.0,2.9277002188456,17.0,23.0,17.0,0.0,0,0,0,0
2026-08-14 13:50:31.061244,LONDON_BX1,London Bexley - Erith,51.481,0.181,11.0,,,0.0,,,,11.0,-0.2588190451025208,-0.9659258262890683,-0.433883739117558,-0.9009688679024191,-0.8660254037844385,-0.5000000000000004,46,Good,11.0,0.0,11.0,11.0,11.0,0.0,11.0,11.0,11.0,0.0,11.0,11.0,23.0,0.0,0,0,0,0
2026-08-14 13:50:31.295762,LONDON_MY7,London Marylebone Road,51.522,-0.154,11.0,,,,0.003,,,11.0,-0.2588190451025208,-0.9659258262890683,-0.433883739117558,-0.9009688679024191,-0.8660254037844385,-0.5000000000000004,46,Good,11.0,0.0,11.0,11.0,11.0,0.0,11.0,11.0,11.0,0.0,11.0,11.0,23.0,0.0,0,0,0,0
2026-08-14 13:50:31.714706,LONDON_KC1,London N. Kensington,51.521,-0.213,3.4,8.0,0.0,0.003,0.045,,,3.4,-0.2588190451025208,-0.9659258262890683,-0.433883739117558,-0.9009688679024191,-0.8660254037844385,-0.5000000000000004,14,Good,3.8499999999999996,0.27136021011998707,3.4,4.0,3.893333333333333,0.26040261866871395,3.4,4.2,3.893333333333333,0.26040261866871395,3.4,4.2,11.0,0.0,0,0,0,0
2026-08-14 13:50:32.133902,LONDON_TH4,London Tower Hamlets - Mile End Road,51.524,-0.033,38.4,,,,,,,38.4,-0.2588190451025208,-0.9659258262890683,-0.433883739117558,-0.9009688679024191,-0.8660254037844385,-0.5000000000000004,108,Unhealthy for Sensitive Groups,37.574999999999996,0.2598076211353311,37.5,38.4,37.53333333333333,0.26095064302514825,37.1,38.4,37.53333333333333,0.26095064302514825,37.1,38.4,17.0,0.0,0,1,0,1
2026-08-14 13:50:32.378768,LONDON_GR9,London Greenwich - Westhorne Avenue,51.455,0.03,11.0,1.0,,6.0,82.0,,,11.0,-0.2588190451025208,-0.9659258262890683,-0.433883739117558,-0.9009688679024191,-0.8660254037844385,-0.5000000000000004,46,Good,11.0,0.0,11.0,11.0,11.0,0.0,11.0,11.0,11.0,0.0,11.0,11.0,23.0,0.0,0,0,0,0
2026-08-14 13:51:23.983375,LONDON_CT3,London City of London - Sir John Cass School,51.514,-0.077,17.0,,,11.7,105.8,,,17.0,-0.2588190451025208,-0.9659258262890683,-0.433883739117558,-0.9009688679024191,-0.8660254037844385,-0.5000000000000004,61,Moderate,20.5,3.089571903266623,17.0,23.0,20.75,3.0000000000000004,17.0,23.0,20.75,3.0000000000000004,17.0,23.0,23.0,0.0,0,0,0,0
2026-08-14 13:51:24.181418,LONDON_SK6,London Southwark - A2 Invaliders,51.491,-0.102,8.2,,,,0.027,,,8.2,-0.2588190451025208,-0.9659258262890683,-0.433883739117558,-0.9009688679024191,-0.8660254037844385,-0.5000000000000004,34,Good,8.446153846153846,0.20254787341673244,8.2,8.6,8.43125,0.23584952830141478,7.9,8.6,8.43125,0.23584952830141478,7.9,8.6,17.0,0.0,0,0,0,0
2026-08-14 13:51:24.583141,LONDON_HF1,London Hammersmith and Fulham,51.49,-0.224,21.0,37.0,,44.1,32.6,,,21.0,-0.2588190451025208,-0.9659258262890683,-0.433883739117558,-0.9009688679024191,-0.8660254037844385,-0.5000000000000004,70,Moderate,22.23076923076923,1.0127393670836646,21.0,23.0,22.0,1.6329931618554518,17.0,23.0,22.0,1.6329931618554518,17.0,23.0,8.6,0.0,0,0,0,0
2026-08-14 13:51:24.981192,LONDON_HIL,London Hillingdon,51.496,-0.46,17.0,,,,0.029,,,17.0,-0.2588190451025208,-0.9659258262890683,-0.433883739117558,-0.9009688679024191,-0.8660254037844385,-0.5000000000000004,61,Moderate,20.692307692307693,3.0382181012510023,17.0,23.0,21.1875,2.9261749776799073,17.0,24.0,21.1875,2.9261749776799073,17.0,24.0,4.0,0.0,0,0,0,0
2026-08-14 13:51:25.188834,LONDON_WL1,London Waltham Forest,51.585,-0.012,17.0,28.0,360.0,39.5,,,,17.0,-0.2588190451025208,-0.9659258262890683,-0.433883739117558,-0.9009688679024191,-0.8660254037844385,-0.5000000000000004,61,Moderate,20.692307692307693,3.038218101251,17.0,23.0,20.75,3.0000000000000004,17.0,23.0,20.75,3.0000000000000004,17.0,23.0,17.0,0.0,0,0,0,0
2026-08-14 13:51:25.577230,LONDON_BX1,London Bexley - Erith,51.481,0.181,11.0,,,0.0,,,,11.0,-0.2588190451025208,-0.9659258262890683,-0.433883739117558,-0.9009688679024191,-0.8660254037844385,-0.5000000000000004,46,Good,11.0,0.0,11.0,11.0,11.0,0.0,11.0,11.0,11.0,0.0,11.0,11.0,11.0,0.0,0,0,0,0
2026-08-14 13:51:25.776746,LONDON_MY7,London Marylebone Road,51.522,-0.154,11.0,,,,0.015,,,11.0,-0.2588190451025208,-0.9659258262890683,-0.433883739117558,-0.9009688679024191,-0.8660254037844385,-0.5000000000000004,46,Good,11.0,0.0,11.0,11.0,11.0,0.0,11.0,11.0,11.0,0.0,11.0,11.0,8.2,0.0,0,0,0,0
2026-08-14 13:51:26.160293,LONDON_KC1,London N. Kensington,51.521,-0.213,3.4,8.0,0.0,0.003,0.045,,,3.4,-0.2588190451025208,-0.9659258262890683,-0.433883739117558,-0.9009688679024191,-0.8660254037844385,-0.5000000000000004,14,Good,3.815384615384615,0.28823067684915665,3.4,4.0,3.8625,0.28017851452243764,3.4,4.2,3.8625,0.28017851452243764,3.4,4.2,11.0,0.0,0,0,0,0
2026-08-14 13:51:26.363420,LONDON_TH4,London Tower Hamlets - Mile End Road,51.524,-0.033,38.4,,,,,,,38.4,-0.2588190451025208,-0.9659258262890683,-0.433883739117558,-0.9009688679024191,-0.8660254037844385,-0.5000000000000004,108,Unhealthy for Sensitive Groups,37.638461538461534,0.33798042728946365,37.5,38.4,37.5875,0.33241540277189363,37.1,38.4,37.5875,0.33241540277189363,37.1,38.4,17.0,0.0,0,0,0,0
2026-08-14 13:51:26.736491,LONDON_GR9,London Greenwich - Westhorne Avenue,51.455,0.03,11.0,1.0,,6.0,82.0,,,11.0,-0.2588190451025208,-0.9659258262890683,-0.433883739117558,-0.9009688679024191,-0.8660254037844385,-0.5000000000000004,46,Good,11.0,0.0,11.0,11.0,11.0,0.0,11.0,11.0,11.0,0.0,11.0,11.0,4.0,0.0,0,0,0,0
2026-08-14 13:58:34.618597,LONDON_CT3,London City of London - Sir John Cass School,51.514,-0.077,17.0,,,11.7,105.8,,,17.0,-0.2588190451025208,-0.9659258262890683,-0.433883739117558,-0.9009688679024191,-0.8660254037844385,-0.5000000000000004,61,Moderate,20.23076923076923,3.113247129976625,17.0,23.0,20.529411764705884,3.0437979371753547,17.0,23.0,20.529411764705884,3.0437979371753547,17.0,23.0,23.0,0.0,0,0,0,0
2026-08-14 13:58:34.999379,LONDON_SK6,London Southwark - A2 Invaliders,51.491,-0.102,8.2,,,,0.027,,,8.2,-0.2588190451025208,-0.9659258262890683,-0.433883739117558,-0.9009688679024191,-0.8660254037844385,-0.5000000000000004,34,Good,8.415384615384614,0.2075498086651073,8.2,8.6,8.41764705882353,0.23514701283890185,7.9,8.6,8.41764705882353,0.23514701283890185,7.9,8.6,8.2,0.0,0,0,0,0
2026-08-14 13:58:35.395228,LONDON_HF1,London Hammersmith and Fulham,51.49,-0.224,21.0,37.0,,44.1,32.6,,,21.0,-0.2588190451025208,-0.9659258262890683,-0.433883739117558,-0.9009688679024191,-0.8660254037844385,-0.5000000000000004,70,Moderate,22.076923076923077,1.037749043325539,21.0,23.0,21.941176470588236,1.5996323106926054,17.0,23.0,21.941176470588236,1.5996323106926054,17.0,23.0,11.0,0.0,0,0,0,0
2026-08-14 13:58:35.776771,LONDON_HIL,London Hillingdon,51.496,-0.46,17.0,,,,0.029,,,17.0,-0.2588190451025208,-0.9659258262890683,-0.433883739117558,-0.9009688679024191,-0.8660254037844385,-0.5000000000000004,61,Moderate,20.23076923076923,3.1132471299766284,17.0,23.0,20.941176470588236,3.0097879542273027,17.0,24.0,20.941176470588236,3.0097879542273027,17.0,24.0,23.0,0.0,0,0,0,0
2026-08-14 13:58:36.167940,LONDON_WL1,London Waltham Forest,51.585,-0.012,17.0,28.0,360.0,39.5,,,,17.0,-0.2588190451025208,-0.9659258262890683,-0.433883739117558,-0.9009688679024191,-0.8660254037844385,-0.5000000000000004,61,Moderate,20.23076923076923,3.113247129976625,17.0,23.0,20.529411764705884,3.0437979371753547,17.0,23.0,20.529411764705884,3.0437979371753547,17.0,23.0,17.0,0.0,0,0,0,0
2026-08-14 13:58:36.372951,LONDON_BX1,London Bexley - Erith,51.481,0.181,11.0,,,0.0,,,,11.0,-0.2588190451025208,-0.9659258262890683,-0.433883739117558,-0.9009688679024191,-0.8660254037844385,-0.5000000000000004,46,Good,11.0,0.0,11.0,11.0,11.0,0.0,11.0,11.0,11.0,0.0,11.0,11.0,11.0,0.0,0,0,0,0
2026-08-14 13:58:36.573175,LONDON_MY7,London Marylebone Road,51.522,-0.154,11.0,,,,0.015,,,11.0,-0.2588190451025208,-0.9659258262890683,-0.433883739117558,-0.9009688679024191,-0.8660254037844385,-0.5000000000000004,46,Good,11.0,0.0,11.0,11.0,11.0,0.0,11.0,11.0,11.0,0.0,11.0,11.0,37.5,0.0,0,0,0,0
2026-08-14 13:58:36.783924,LONDON_KC1,London N. Kensington,51.521,-0.213,3.4,8.0,0.0,0.003,0.045,,,3.4,-0.2588190451025208,-0.9659258262890683,-0.433883739117558,-0.9009688679024191,-0.8660254037844385,-0.5000000000000004,14,Good,3.769230769230769,0.3038218101250998,3.4,4.0,3.835294117647059,0.29355829163597996,3.4,4.2,3.835294117647059,0.29355829163597996,3.4,4.2,8.6,0.0,0,0,0,0
2026-08-14 13:58:37.155613,LONDON_TH4,London Tower Hamlets - Mile End Road,51.524,-0.033,38.4,,,,,,,38.4,-0.2588190451025208,-0.9659258262890683,-0.433883739117558,-0.9009688679024191,-0.8660254037844385,-0.5000000000000004,108,Unhealthy for Sensitive Groups,37.707692307692305,0.394676108688161,37.5,38.4,37.63529411764706,0.37739431711173865,37.1,38.4,37.63529411764706,0.37739431711173865,37.1,38.4,21.0,0.0,0,0,0,0
2026-08-14 13:58:37.535969,LONDON_GR9,London Greenwich - Westhorne Avenue,51.455,0.03,11.0,1.0,,6.0,82.0,,,11.0,-0.2588190451025208,-0.9659258262890683,-0.433883739117558,-0.9009688679024191,-0.8660254037844385,-0.5000000000000004,46,Good,11.0,0.0,11.0,11.0,11.0,0.0,11.0,11.0,11.0,0.0,11.0,11.0,23.0,0.0,0,0,0,0
2026-08-14 14:05:29.192737,LONDON_CT3,London City of London - Sir John Cass School,51.514,-0.077,17.0,,,11.7,105.8,,,17.0,-0.4999999999999997,-0.8660254037844388,-0.433883739117558,-0.9009688679024191,-0.8660254037844385,-0.5000000000000004,61,Moderate,19.76923076923077,3.113247129976625,17.0,23.0,20.333333333333332,3.0678599553894825,17.0,23.0,20.333333333333332,3.0678599553894825,17.0,23.0,23.0,0.0,0,0,0,0
2026-08-14 14:05:29.562088,LONDON_SK6,London Southwark - A2 Invaliders,51.491,-0.102,8.2,,,,0.027,,,8.2,-0.4999999999999997,-0.8660254037844388,-0.433883739117558,-0.9009688679024191,-0.8660254037844385,-0.5000000000000004,34,Good,8.384615384615385,0.20754980866510717,8.2,8.6,8.405555555555555,0.23382301557883248,7.9,8.6,8.405555555555555,0.23382301557883248,7.9,8.6,11.0,0.0,0,0,0,0
2026-08-14 14:05:29.949332,LONDON_HF1,London Hammersmith and Fulham,51.49,-0.224,21.0,35.0,,44.1,32.6,,,21.0,-0.4999999999999997,-0.8660254037844388,-0.433883739117558,-0.9009688679024191,-0.8660254037844385,-0.5000000000000004,70,Moderate,21.923076923076923,1.0377490433255385,21.0,23.0,21.88888888888889,1.5676467522593474,17.0,23.0,21.88888888888889,1.5676467522593474,17.0,23.0,11.0,0.0,0,0,0,0
2026-08-14 14:05:30.328058,LONDON_HIL,London Hillingdon,51.496,-0.46,17.0,,,,0.029,,,17.0,-0.4999999999999997,-0.8660254037844388,-0.433883739117558,-0.9009688679024191,-0.8660254037844385,-0.5000000000000004,61,Moderate,19.76923076923077,3.113247129976629,17.0,23.0,20.72222222222222,3.0641293851417073,17.0,24.0,20.72222222222222,3.0641293851417073,17.0,24.0,4.0,0.0,0,0,0,0
2026-08-14 14:05:30.527581,LONDON_WL1,London Waltham Forest,51.585,-0.012,17.0,28.0,360.0,39.5,,,,17.0,-0.4999999999999997,-0.8660254037844388,-0.433883739117558,-0.9009688679024191,-0.8660254037844385,-0.5000000000000004,61,Moderate,19.76923076923077,3.113247129976625,17.0,23.0,20.333333333333332,3.0678599553894825,17.0,23.0,20.333333333333332,3.0678599553894825,17.0,23.0,17.0,0.0,0,0,0,0
2026-08-14 14:05:30.900555,LONDON_BX1,London Bexley - Erith,51.481,0.181,11.0,,,0.0,,,,11.0,-0.4999999999999997,-0.8660254037844388,-0.433883739117558,-0.9009688679024191,-0.8660254037844385,-0.5000000000000004,46,Good,11.0,0.0,11.0,11.0,11.0,0.0,11.0,11.0,11.0,0.0,11.0,11.0,4.0,0.0,0,0,0,0
2026-08-14 14:05:31.293356,LONDON_MY7,London Marylebone Road,51.522,-0.154,11.0,,,,0.015,,,11.0,-0.4999999999999997,-0.8660254037844388,-0.433883739117558,-0.9009688679024191,-0.8660254037844385,-0.5000000000000004,46,Good,11.0,0.0,11.0,11.0,11.0,0.0,11.0,11.0,11.0,0.0,11.0,11.0,11.0,0.0,0,0,0,0
2026-08-14 14:05:31.719714,LONDON_KC1,London N. Kensington,51.521,-0.213,3.4,8.0,0.0,0.003,0.045,,,3.4,-0.4999999999999997,-0.8660254037844388,-0.433883739117558,-0.9009688679024191,-0.8660254037844385,-0.5000000000000004,14,Good,3.723076923076923,0.31132471299766235,3.4,4.0,3.811111111111111,0.3027110617868206,3.4,4.2,3.811111111111111,0.3027110617868206,3.4,4.2,4.0,0.0,0,0,0,0
2026-08-14 14:05:32.156268,LONDON_TH4,London Tower Hamlets - Mile End Road,51.524,-0.033,38.4,,,,,,,38.4,-0.4999999999999997,-0.8660254037844388,-0.433883739117558,-0.9009688679024191,-0.8660254037844385,-0.5000000000000004,108,Unhealthy for Sensitive Groups,37.776923076923076,0.43234601527373195,37.5,38.4,37.67777777777778,0.4080881616910966,37.1,38.4,37.67777777777778,0.4080881616910966,37.1,38.4,8.2,0.0,0,0,0,0
2026-08-14 14:05:32.357606,LONDON_GR9,London Greenwich - Westhorne Avenue,51.455,0.03,11.0,1.0,,6.0,82.0,,,11.0,-0.4999999999999997,-0.8660254037844388,-0.433883739117558,-0.9009688679024191,-0.8660254037844385,-0.5000000000000004,46,Good,11.0,0.0,11.0,11.0,11.0,0.0,11.0,11.0,11.0,0.0,11.0,11.0,23.0,0.0,0,0,0,0
2026-08-14 14:06:23.871147,LONDON_CT3,London City of London - Sir John Cass School,51.514,-0.077,17.0,,,11.7,105.8,,,17.0,-0.4999999999999997,-0.8660254037844388,-0.433883739117558,-0.9009688679024191,-0.8660254037844385,-0.5000000000000004,61,Moderate,19.307692307692307,3.0382181012509992,17.0,23.0,20.157894736842106,3.0779350562554635,17.0,23.0,20.157894736842106,3.0779350562554635,17.0,23.0,11.0,0.0,0,0,0,0
2026-08-14 14:06:24.071253,LONDON_SK6,London Southwark - A2 Invaliders,51.491,-0.102,8.2,,,,0.027,,,8.2,-0.4999999999999997,-0.8660254037844388,-0.433883739117558,-0.9009688679024191,-0.8660254037844385,-0.5000000000000004,34,Good,8.353846153846153,0.202547873416732,8.2,8.6,8.394736842105264,0.23207681728860138,7.9,8.6,8.394736842105264,0.23207681728860138,7.9,8.6,3.4,0.0,0,0,0,0
2026-08-14 14:06:24.460302,LONDON_HF1,London Hammersmith and Fulham,51.49,-0.224,21.0,37.0,,44.1,32.6,,,21.0,-0.4999999999999997,-0.8660254037844388,-0.433883739117558,-0.9009688679024191,-0.8660254037844385,-0.5000000000000004,70,Moderate,21.76923076923077,1.0127393670836626,21.0,23.0,21.842105263157894,1.537066393951544,17.0,23.0,21.842105263157894,1.537066393951544,17.0,23.0,23.0,0.0,0,0,0,0
2026-08-14 14:06:24.922671,LONDON_HIL,London Hillingdon,51.496,-0.46,17.0,,,,0.029,,,17.0,-0.4999999999999997,-0.8660254037844388,-0.433883739117558,-0.9009688679024191,-0.8660254037844385,-0.5000000000000004,61,Moderate,19.307692307692307,3.0382181012510046,17.0,23.0,20.526315789473685,3.0978203995826132,17.0,24.0,20.526315789473685,3.0978203995826132,17.0,24.0,23.0,0.0,0,0,0,0
2026-08-14 14:06:25.321702,LONDON_WL1,London Waltham Forest,51.585,-0.012,17.0,28.0,360.0,39.5,,,,17.0,-0.4999999999999997,-0.8660254037844388,-0.433883739117558,-0.9009688679024191,-0.8660254037844385,-0.5000000000000004,61,Moderate,19.307692307692307,3.038218101251,17.0,23.0,20.157894736842106,3.0779350562554635,17.0,23.0,20.157894736842106,3.0779350562554635,17.0,23.0,17.0,0.0,0,0,0,0
2026-08-14 14:06:25.741905,LONDON_BX1,London Bexley - Erith,51.481,0.181,11.0,,,0.0,,,,11.0,-0.4999999999999997,-0.8660254037844388,-0.433883739117558,-0.9009688679024191,-0.8660254037844385,-0.5000000000000004,46,Good,11.0,0.0,11.0,11.0,11.0,0.0,11.0,11.0,11.0,0.0,11.0,11.0,37.5,0.0,0,0,0,0
2026-08-14 14:06:25.943182,LONDON_MY7,London Marylebone Road,51.522,-0.154,11.0,,,,0.015,,,11.0,-0.4999999999999997,-0.8660254037844388,-0.433883739117558,-0.9009688679024191,-0.8660254037844385,-0.5000000000000004,46,Good,11.0,0.0,11.0,11.0,11.0,0.0,11.0,11.0,11.0,0.0,11.0,11.0,21.0,0.0,0,0,0,0
2026-08-14 14:06:26.334093,LONDON_KC1,London N. Kensington,51.521,-0.213,3.4,8.0,0.0,0.003,0.045,,,3.4,-0.4999999999999997,-0.8660254037844388,-0.433883739117558,-0.9009688679024191,-0.8660254037844385,-0.5000000000000004,14,Good,3.6769230769230767,0.31132471299766235,3.4,4.0,3.789473684210526,0.30893137828849276,3.4,4.2,3.789473684210526,0.30893137828849276,3.4,4.2,17.0,0.0,0,0,0,0
2026-08-14 14:06:26.713399,LONDON_TH4,London Tower Hamlets - Mile End Road,51.524,-0.033,38.4,,,,,,,38.4,-0.4999999999999997,-0.8660254037844388,-0.433883739117558,-0.9009688679024191,-0.8660254037844385,-0.5000000000000004,108,Unhealthy for Sensitive Groups,37.84615384615385,0.45573271518764613,37.5,38.4,37.71578947368421,0.4298102396468275,37.1,38.4,37.71578947368421,0.4298102396468275,37.1,38.4,17.0,0.0,0,0,0,0
2026-08-14 14:06:26.914906,LONDON_GR9,London Greenwich - Westhorne Avenue,51.455,0.03,11.0,1.0,,6.0,82.0,,,11.0,-0.4999999999999997,-0.8660254037844388,-0.433883739117558,-0.9009688679024191,-0.8660254037844385,-0.5000000000000004,46,Good,11.0,0.0,11.0,11.0,11.0,0.0,11.0,11.0,11.0,0.0,11.0,11.0,11.0,0.0,0,0,0,0
2026-08-14 14:13:34.644742,LONDON_CT3,London City of London - Sir John Cass School,51.514,-0.077,17.0,,,11.7,105.8,,,17.0,-0.4999999999999997,-0.8660254037844388,-0.433883739117558,-0.9009688679024191,-0.8660254037844385,-0.5000000000000004,61,Moderate,18.846153846153847,2.882306768491568,17.0,23.0,20.0,3.0779350562554635,17.0,23.0,20.0,3.0779350562554635,17.0,23.0,37.5,0.0,0,0,0,0
2026-08-14 14:13:35.027809,LONDON_SK6,London Southwark - A2 Invaliders,51.491,-0.102,8.2,,,,0.027,,,8.2,-0.4999999999999997,-0.8660254037844388,-0.433883739117558,-0.9009688679024191,-0.8660254037844385,-0.5000000000000004,34,Good,8.323076923076922,0.19215378456610305,8.2,8.6,8.385,0.23004576203785798,7.9,8.6,8.385,0.23004576203785798,7.9,8.6,11.0,0.0,0,0,0,0
2026-08-14 14:13:35.411574,LONDON_HF1,London Hammersmith and Fulham,51.49,-0.224,21.0,35.0,,44.1,32.6,,,21.0,-0.4999999999999997,-0.8660254037844388,-0.433883739117558,-0.9009688679024191,-0.8660254037844385,-0.5000000000000004,70,Moderate,21.615384615384617,0.9607689228305183,21.0,23.0,21.8,1.5078740698501034,17.0,23.0,21.8,1.5078740698501034,17.0,23.0,4.0,0.0,0,0,0,0
2026-08-14 14:13:35.641290,LONDON_HIL,London Hillingdon,51.496,-0.46,17.0,,,,0.029,,,17.0,-0.4999999999999997,-0.8660254037844388,-0.433883739117558,-0.9009688679024191,-0.8660254037844385,-0.5000000000000004,61,Moderate,18.846153846153847,2.8823067684915737,17.0,23.0,20.35,3.116593957309301,17.0,24.0,20.35,3.116593957309301,17.0,24.0,4.0,0.0,0,0,0,0
2026-08-14 14:13:36.044038,LONDON_WL1,London Waltham Forest,51.585,-0.012,17.0,28.0,360.0,39.5,,,,17.0,-0.4999999999999997,-0.8660254037844388,-0.433883739117558,-0.9009688679024191,-0.8660254037844385,-0.5000000000000004,61,Moderate,18.846153846153847,2.8823067684915684,17.0,23.0,20.0,3.0779350562554635,17.0,23.0,20.0,3.0779350562554635,17.0,23.0,17.0,0.0,0,0,0,0
2026-08-14 14:13:36.428855,LONDON_BX1,London Bexley - Erith,51.481,0.181,11.0,,,0.0,,,,11.0,-0.4999999999999997,-0.8660254037844388,-0.433883739117558,-0.9009688679024191,-0.8660254037844385,-0.5000000000000004,46,Good,11.0,0.0,11.0,11.0,11.0,0.0,11.0,11.0,11.0,0.0,11.0,11.0,11.0,0.0,0,0,0,0
2026-08-14 14:13:36.808587,LONDON_MY7,London Marylebone Road,51.522,-0.154,11.0,,,,0.015,,,11.0,-0.4999999999999997,-0.8660254037844388,-0.433883739117558,-0.9009688679024191,-0.8660254037844385,-0.5000000000000004,46,Good,11.0,0.0,11.0,11.0,11.0,0.0,11.0,11.0,11.0,0.0,11.0,11.0,11.0,0.0,0,0,0,0
2026-08-14 14:13:37.022388,LONDON_KC1,London N. Kensington,51.521,-0.213,3.4,8.0,0.0,0.003,0.045,,,3.4,-0.4999999999999997,-0.8660254037844388,-0.433883739117558,-0.9009688679024191,-0.8660254037844385,-0.5000000000000004,14,Good,3.6307692307692303,0.3038218101250999,3.4,4.0,3.7700000000000005,0.3130495168499702,3.4,4.2,3.7700000000000005,0.3130495168499702,3.4,4.2,11.0,0.0,0,0,0,0
2026-08-14 14:13:37.220363,LONDON_TH4,London Tower Hamlets - Mile End Road,51.524,-0.033,38.4,,,,,,,38.4,-0.4999999999999997,-0.8660254037844388,-0.433883739117558,-0.9009688679024191,-0.8660254037844385,-0.5000000000000004,108,Unhealthy for Sensitive Groups,37.91538461538461,0.46698706949648977,37.5,38.4,37.75,0.44544478067610016,37.1,38.4,37.75,0.44544478067610016,37.1,38.4,11.0,0.0,0,0,0,0
2026-08-14 14:13:37.431482,LONDON_GR9,London Greenwich - Westhorne Avenue,51.455,0.03,11.0,1.0,,6.0,82.0,,,11.0,-0.4999999999999997,-0.8660254037844388,-0.433883739117558,-0.9009688679024191,-0.8660254037844385,-0.5000000000000004,46,Good,11.0,0.0,11.0,11.0,11.0,0.0,11.0,11.0,11.0,0.0,11.0,11.0,11.0,0.0,0,0,0,0
2026-08-14 14:20:29.321632,LONDON_CT3,London City of London - Sir John Cass School,51.514,-0.077,17.0,,,11.7,105.8,,,17.0,-0.4999999999999997,-0.8660254037844388,-0.433883739117558,-0.9009688679024191,-0.8660254037844385,-0.5000000000000004,61,Moderate,18.0,2.3354968324845684,17.0,23.0,19.857142857142858,3.070597894314955,17.0,23.0,19.857142857142858,3.070597894314955,17.0,23.0,23.0,0.0,0,0,0,0
2026-08-14 14:20:29.705539,LONDON_SK6,London Southwark - A2 Invaliders,51.491,-0.102,8.2,,,,0.027,,,8.2,-0.4999999999999997,-0.8660254037844388,-0.433883739117558,-0.9009688679024191,-0.8660254037844385,-0.5000000000000004,34,Good,8.266666666666666,0.1556997888323023,8.2,8.6,8.376190476190475,0.22782616597915553,7.9,8.6,8.376190476190475,0.22782616597915553,7.9,8.6,17.0,0.0,0,0,0,0
2026-08-14 14:20:30.137301,LONDON_HF1,London Hammersmith and Fulham,51.49,-0.224,21.0,35.0,,44.1,32.6,,,21.0,-0.4999999999999997,-0.8660254037844388,-0.433883739117558,-0.9009688679024191,-0.8660254037844385,-0.5000000000000004,70,Moderate,21.333333333333332,0.7784989441615157,21.0,23.0,21.761904761904763,1.4800257398019094,17.0,23.0,21.761904761904763,1.4800257398019094,17.0,23.0,8.6,0.0,0,0,0,0
2026-08-14 14:20:30.542672,LONDON_HIL,London Hillingdon,51.496,-0.46,17.0,,,,0.029,,,17.0,-0.4999999999999997,-0.8660254037844388,-0.433883739117558,-0.9009688679024191,-0.8660254037844385,-0.5000000000000004,61,Moderate,18.0,2.3354968324845773,17.0,23.0,20.19047619047619,3.12440470520462,17.0,24.0,20.19047619047619,3.12440470520462,17.0,24.0,23.0,0.0,0,0,0,0
2026-08-14 14:20:30.921020,LONDON_WL1,London Waltham Forest,51.585,-0.012,17.0,28.0,360.0,39.5,,,,17.0,-0.4999999999999997,-0.8660254037844388,-0.433883739117558,-0.9009688679024191,-0.8660254037844385,-0.5000000000000004,61,Moderate,18.0,2.335496832484569,17.0,23.0,19.857142857142858,3.070597894314955,17.0,23.0,19.857142857142858,3.070597894314955,17.0,23.0,17.0,0.0,0,0,0,0
2026-08-14 14:20:31.316436,LONDON_BX1,London Bexley - Erith,51.481,0.181,11.0,,,0.0,,,,11.0,-0.4999999999999997,-0.8660254037844388,-0.433883739117558,-0.9009688679024191,-0.8660254037844385,-0.5000000000000004,46,Good,11.0,0.0,11.0,11.0,11.0,0.0,11.0,11.0,11.0,0.0,11.0,11.0,23.0,0.0,0,0,0,0
2026-08-14 14:20:31.535415,LONDON_MY7,London Marylebone Road,51.522,-0.154,11.0,,,,0.015,,,11.0,-0.4999999999999997,-0.8660254037844388,-0.433883739117558,-0.9009688679024191,-0.8660254037844385,-0.5000000000000004,46,Good,11.0,0.0,11.0,11.0,11.0,0.0,11.0,11.0,11.0,0.0,11.0,11.0,11.0,0.0,0,0,0,0
2026-08-14 14:20:31.945591,LONDON_KC1,London N. Kensington,51.521,-0.213,3.4,8.0,0.0,0.003,0.045,,,3.4,-0.4999999999999997,-0.8660254037844388,-0.433883739117558,-0.9009688679024191,-0.8660254037844385,-0.5000000000000004,14,Good,3.5499999999999994,0.27136021011998734,3.4,4.0,3.7523809523809524,0.315624852663803,3.4,4.2,3.7523809523809524,0.315624852663803,3.4,4.2,11.0,0.0,0,0,0,0
2026-08-14 14:20:32.164482,LONDON_TH4,London Tower Hamlets - Mile End Road,51.524,-0.033,38.4,,,,,,,38.4,-0.4999999999999997,-0.8660254037844388,-0.433883739117558,-0.9009688679024191,-0.8660254037844385,-0.5000000000000004,108,Unhealthy for Sensitive Groups,38.025,0.4634357854899886,37.5,38.4,37.78095238095238,0.45674834167082384,37.1,38.4,37.78095238095238,0.45674834167082384,37.1,38.4,38.4,0.0,0,0,0,0
2026-08-14 14:20:32.542550,LONDON_GR9,London Greenwich - Westhorne Avenue,51.455,0.03,11.0,15.0,,4.0,78.0,,,11.0,-0.4999999999999997,-0.8660254037844388,-0.433883739117558,-0.9009688679024191,-0.8660254037844385,-0.5000000000000004,46,Good,11.0,0.0,11.0,11.0,11.0,0.0,11.0,11.0,11.0,0.0,11.0,11.0,23.0,0.0,0,0,0,0
2026-08-14 14:21:24.106482,LONDON_CT3,London City of London - Sir John Cass School,51.514,-0.077,17.0,,,11.7,105.8,,,17.0,-0.4999999999999997,-0.8660254037844388,-0.433883739117558,-0.9009688679024191,-0.8660254037844385,-0.5000000000000004,61,Moderate,17.5,1.7320508075688767,17.0,23.0,19.727272727272727,3.0578831486257543,17.0,23.0,19.727272727272727,3.0578831486257543,17.0,23.0,23.0,0.0,0,0,0,0
2026-08-14 14:21:24.305944,LONDON_SK6,London Southwark - A2 Invaliders,51.491,-0.102,8.2,,,,0.027,,,8.2,-0.4999999999999997,-0.8660254037844388,-0.433883739117558,-0.9009688679024191,-0.8660254037844385,-0.5000000000000004,34,Good,8.233333333333333,0.11547005383792174,8.2,8.6,8.368181818181817,0.22548648705444785,7.9,8.6,8.368181818181817,0.22548648705444785,7.9,8.6,8.2,0.0,0,0,0,0
2026-08-14 14:21:24.680830,LONDON_HF1,London Hammersmith and Fulham,51.49,-0.224,21.0,35.0,,44.1,32.6,,,21.0,-0.4999999999999997,-0.8660254037844388,-0.433883739117558,-0.9009688679024191,-0.8660254037844385,-0.5000000000000004,70,Moderate,21.166666666666668,0.5773502691896143,21.0,23.0,21.727272727272727,1.4534628005401828,17.0,23.0,21.727272727272727,1.4534628005401828,17.0,23.0,11.0,0.0,0,0,0,0
2026-08-14 14:21:25.070861,LONDON_HIL,London Hillingdon,51.496,-0.46,17.0,,,,0.029,,,17.0,-0.4999999999999997,-0.8660254037844388,-0.433883739117558,-0.9009688679024191,-0.8660254037844385,-0.5000000000000004,61,Moderate,17.5,1.73205080756889,17.0,23.0,20.045454545454547,3.124058299670521,17.0,24.0,20.045454545454547,3.124058299670521,17.0,24.0,4.0,0.0,0,0,0,0
2026-08-14 14:21:25.275584,LONDON_WL1,London Waltham Forest,51.585,-0.012,17.0,28.0,360.0,39.5,,,,17.0,-0.4999999999999997,-0.8660254037844388,-0.433883739117558,-0.9009688679024191,-0.8660254037844385,-0.5000000000000004,61,Moderate,17.5,1.7320508075688774,17.0,23.0,19.727272727272727,3.0578831486257543,17.0,23.0,19.727272727272727,3.0578831486257543,17.0,23.0,17.0,0.0,0,0,0,0
2026-08-14 14:21:25.468347,LONDON_BX1,London Bexley - Erith,51.481,0.181,11.0,,,0.0,,,,11.0,-0.4999999999999997,-0.8660254037844388,-0.433883739117558,-0.9009688679024191,-0.8660254037844385,-0.5000000000000004,46,Good,11.0,0.0,11.0,11.0,11.0,0.0,11.0,11.0,11.0,0.0,11.0,11.0,8.6,0.0,0,0,0,0
2026-08-14 14:21:25.671487,LONDON_MY7,London Marylebone Road,51.522,-0.154,11.0,,,,0.015,,,11.0,-0.4999999999999997,-0.8660254037844388,-0.433883739117558,-0.9009688679024191,-0.8660254037844385,-0.5000000000000004,46,Good,11.0,0.0,11.0,11.0,11.0,0.0,11.0,11.0,11.0,0.0,11.0,11.0,17.0,0.0,0,0,0,0
2026-08-14 14:21:26.070660,LONDON_KC1,London N. Kensington,51.521,-0.213,3.4,8.0,0.0,0.003,0.045,,,3.4,-0.4999999999999997,-0.8660254037844388,-0.433883739117558,-0.9009688679024191,-0.8660254037844385,-0.5000000000000004,14,Good,3.5,0.23354968324845715,3.4,4.0,3.7363636363636363,0.3170480728840348,3.4,4.2,3.7363636363636363,0.3170480728840348,3.4,4.2,8.2,0.0,0,0,0,0
2026-08-14 14:21:26.459242,LONDON_TH4,London Tower Hamlets - Mile End Road,51.524,-0.033,38.4,,,,,,,38.4,-0.4999999999999997,-0.8660254037844388,-0.433883739117558,-0.9009688679024191,-0.8660254037844385,-0.5000000000000004,108,Unhealthy for Sensitive Groups,38.1,0.4431293675255931,37.5,38.4,37.809090909090905,0.46486976251838136,37.1,38.4,37.809090909090905,0.46486976251838136,37.1,38.4,3.4,0.0,0,0,0,0
2026-08-14 14:21:26.849127,LONDON_GR9,London Greenwich - Westhorne Avenue,51.455,0.03,11.0,15.0,,4.0,78.0,,,11.0,-0.4999999999999997,-0.8660254037844388,-0.433883739117558,-0.9009688679024191,-0.8660254037844385,-0.5000000000000004,46,Good,11.0,0.0,11.0,11.0,11.0,0.0,11.0,11.0,11.0,0.0,11.0,11.0,11.0,0.0,0,0,0,0
2026-08-14 14:28:34.652688,LONDON_CT3,London City of London - Sir John Cass School,51.514,-0.077,17.0,,,11.7,105.8,,,17.0,-0.4999999999999997,-0.8660254037844388,-0.433883739117558,-0.9009688679024191,-0.8660254037844385,-0.5000000000000004,61,Moderate,17.0,0.0,17.0,17.0,19.608695652173914,3.041218811218212,17.0,23.0,19.608695652173914,3.041218811218212,17.0,23.0,23.0,0.0,0,0,0,0
2026-08-14 14:28:34.855632,LONDON_SK6,London Southwark - A2 Invaliders,51.491,-0.102,8.2,,,,0.027,,,8.2,-0.4999999999999997,-0.8660254037844388,-0.433883739117558,-0.9009688679024191,-0.8660254037844385,-0.5000000000000004,34,Good,8.23076923076923,0.11094003924504252,8.2,8.6,8.36086956521739,0.22307587464762343,7.9,8.6,8.36086956521739,0.22307587464762343,7.9,8.6,11.0,0.0,0,0,0,0
2026-08-14 14:28:35.255854,LONDON_HF1,London Hammersmith and Fulham,51.49,-0.224,21.0,35.0,,44.1,32.6,,,21.0,-0.4999999999999997,-0.8660254037844388,-0.433883739117558,-0.9009688679024191,-0.8660254037844385,-0.5000000000000004,70,Moderate,21.153846153846153,0.554700196225218,21.0,23.0,21.695652173913043,1.4281196349394556,17.0,23.0,21.695652173913043,1.4281196349394556,17.0,23.0,11.0,0.0,0,0,0,0
2026-08-14 14:28:35.675761,LONDON_HIL,London Hillingdon,51.496,-0.46,17.0,,,,0.029,,,17.0,-0.4999999999999997,-0.8660254037844388,-0.433883739117558,-0.9009688679024191,-0.8660254037844385,-0.5000000000000004,61,Moderate,17.46153846153846,1.6641005886756994,17.0,23.0,19.91304347826087,3.1175900290020198,17.0,24.0,19.91304347826087,3.1175900290020198,17.0,24.0,21.0,0.0,0,0,0,0
2026-08-14 14:28:35.876118,LONDON_WL1,London Waltham Forest,51.585,-0.012,17.0,28.0,360.0,39.5,,,,17.0,-0.4999999999999997,-0.8660254037844388,-0.433883739117558,-0.9009688679024191,-0.8660254037844385,-0.5000000000000004,61,Moderate,17.46153846153846,1.6641005886756877,17.0,23.0,19.608695652173914,3.041218811218212,17.0,23.0,19.608695652173914,3.041218811218212,17.0,23.0,17.0,0.0,0,0,0,0
2026-08-14 14:28:36.060244,LONDON_BX1,London Bexley - Erith,51.481,0.181,11.0,,,0.0,,,,11.0,-0.4999999999999997,-0.8660254037844388,-0.433883739117558,-0.9009688679024191,-0.8660254037844385,-0.5000000000000004,46,Good,11.0,0.0,11.0,11.0,11.0,0.0,11.0,11.0,11.0,0.0,11.0,11.0,23.0,0.0,0,0,0,0
2026-08-14 14:28:36.306297,LONDON_MY7,London Marylebone Road,51.522,-0.154,11.0,,,,0.015,,,11.0,-0.4999999999999997,-0.8660254037844388,-0.433883739117558,-0.9009688679024191,-0.8660254037844385,-0.5000000000000004,46,Good,11.0,0.0,11.0,11.0,11.0,0.0,11.0,11.0,11.0,0.0,11.0,11.0,17.0,0.0,0,0,0,0
2026-08-14 14:28:36.775852,LONDON_KC1,London N. Kensington,51.521,-0.213,3.4,8.0,0.0,0.003,0.045,,,3.4,-0.4999999999999997,-0.8660254037844388,-0.433883739117558,-0.9009688679024191,-0.8660254037844385,-0.5000000000000004,14,Good,3.4923076923076923,0.2253202848596435,3.4,4.0,3.7217391304347824,0.3175996933521678,3.4,4.2,3.7217391304347824,0.3175996933521678,3.4,4.2,3.4,0.0,0,0,0,0
2026-08-14 14:28:37.222730,LONDON_TH4,London Tower Hamlets - Mile End Road,51.524,-0.033,38.4,,,,,,,38.4,-0.4999999999999997,-0.8660254037844388,-0.433883739117558,-0.9009688679024191,-0.8660254037844385,-0.5000000000000004,108,Unhealthy for Sensitive Groups,38.175,0.4070403151799767,37.5,38.4,37.834782608695654,0.47059797130128567,37.1,38.4,37.834782608695654,0.47059797130128567,37.1,38.4,11.0,0.0,0,0,0,0
2026-08-14 14:28:37.621284,LONDON_GR9,London Greenwich - Westhorne Avenue,51.455,0.03,11.0,15.0,,4.0,78.0,,,11.0,-0.4999999999999997,-0.8660254037844388,-0.433883739117558,-0.9009688679024191,-0.8660254037844385,-0.5000000000000004,46,Good,11.0,0.0,11.0,11.0,11.0,0.0,11.0,11.0,11.0,0.0,11.0,11.0,37.5,0.0,0,0,0,0
2026-08-14 14:35:32.819154,LONDON_CT3,London City of London - Sir John Cass School,51.514,-0.077,17.0,,,11.7,105.8,,,17.0,-0.4999999999999997,-0.8660254037844388,-0.433883739117558,-0.9009688679024191,-0.8660254037844385,-0.5000000000000004,61,Moderate,17.0,0.0,17.0,17.0,19.5,3.0216609311120104,17.0,23.0,19.5,3.0216609311120104,17.0,23.0,11.0,0.0,0,0,0,0
2026-08-14 14:35:33.283857,LONDON_SK6,London Southwark - A2 Invaliders,51.491,-0.102,8.2,,,,0.027,,,8.2,-0.4999999999999997,-0.8660254037844388,-0.433883739117558,-0.9009688679024191,-0.8660254037844385,-0.5000000000000004,34,Good,8.2,0.0,8.2,8.2,8.354166666666666,0.22062986251159178,7.9,8.6,8.354166666666666,0.22062986251159178,7.9,8.6,3.4,0.0,0,0,0,0
2026-08-14 14:35:33.693764,LONDON_HF1,London Hammersmith and Fulham,51.49,-0.224,21.0,35.0,,44.1,32.6,,,21.0,-0.4999999999999997,-0.8660254037844388,-0.433883739117558,-0.9009688679024191,-0.8660254037844385,-0.5000000000000004,70,Moderate,21.0,0.0,21.0,21.0,21.666666666666668,1.4039282363260674,17.0,23.0,21.666666666666668,1.4039282363260674,17.0,23.0,23.0,0.0,0,0,0,0
2026-08-14 14:35:34.186808,LONDON_HIL,London Hillingdon,51.496,-0.46,17.0,,,,0.029,,,17.0,-0.4999999999999997,-0.8660254037844388,-0.433883739117558,-0.9009688679024191,-0.8660254037844385,-0.5000000000000004,61,Moderate,17.0,0.0,17.0,17.0,19.791666666666668,3.106503230135225,17.0,24.0,19.791666666666668,3.106503230135225,17.0,24.0,4.0,0.0,0,0,0,0
2026-08-14 14:35:34.408488,LONDON_WL1,London Waltham Forest,51.585,-0.012,17.0,28.0,360.0,39.5,,,,17.0,-0.4999999999999997,-0.8660254037844388,-0.433883739117558,-0.9009688679024191,-0.8660254037844385,-0.5000000000000004,61,Moderate,17.0,0.0,17.0,17.0,19.5,3.0216609311120104,17.0,23.0,19.5,3.0216609311120104,17.0,23.0,17.0,0.0,0,0,0,0
2026-08-14 14:35:34.849102,LONDON_BX1,London Bexley - Erith,51.481,0.181,11.0,,,0.0,,,,11.0,-0.4999999999999997,-0.8660254037844388,-0.433883739117558,-0.9009688679024191,-0.8660254037844385,-0.5000000000000004,46,Good,11.0,0.0,11.0,11.0,11.0,0.0,11.0,11.0,11.0,0.0,11.0,11.0,23.0,0.0,0,0,0,0
2026-08-14 14:35:35.083520,LONDON_MY7,London Marylebone Road,51.522,-0.154,11.0,,,,0.015,,,11.0,-0.4999999999999997,-0.8660254037844388,-0.433883739117558,-0.9009688679024191,-0.8660254037844385,-0.5000000000000004,46,Good,11.0,0.0,11.0,11.0,11.0,0.0,11.0,11.0,11.0,0.0,11.0,11.0,3.4,0.0,0,0,0,0
2026-08-14 14:35:35.488369,LONDON_KC1,London N. Kensington,51.521,-0.213,3.4,8.0,0.0,0.003,0.045,,,3.4,-0.4999999999999997,-0.8660254037844388,-0.433883739117558,-0.9009688679024191,-0.8660254037844385,-0.5000000000000004,14,Good,3.4,0.0,3.4,3.4,3.7083333333333335,0.31748559250661296,3.4,4.2,3.7083333333333335,0.31748559250661296,3.4,4.2,17.0,0.0,0,0,0,0
2026-08-14 14:35:35.791767,LONDON_TH4,London Tower Hamlets - Mile End Road,51.524,-0.033,38.4,,,,,,,38.4,-0.4999999999999997,-0.8660254037844388,-0.433883739117558,-0.9009688679024191,-0.8660254037844385,-0.5000000000000004,108,Unhealthy for Sensitive Groups,38.24999999999999,0.35032452487268084,37.5,38.4,37.858333333333334,0.4744943914697332,37.1,38.4,37.858333333333334,0.4744943914697332,37.1,38.4,11.0,0.0,0,0,0,0
2026-08-14 14:35:36.306489,LONDON_GR9,London Greenwich - Westhorne Avenue,51.455,0.03,11.0,15.0,,4.0,78.0,,,11.0,-0.4999999999999997,-0.8660254037844388,-0.433883739117558,-0.9009688679024191,-0.8660254037844385,-0.5000000000000004,46,Good,11.0,0.0,11.0,11.0,11.0,0.0,11.0,11.0,11.0,0.0,11.0,11.0,8.6,0.0,0,0,0,0
2026-08-21 11:27:00.904973,LONDON_CT3,London City of London - Sir John Cass School,51.514,-0.077,23.25,13.87,2.0,36.17,55.25,,,23.25,0.258819045102521,-0.9659258262890682,-0.433883739117558,-0.9009688679024191,-0.8660254037844385,-0.5000000000000004,74,Moderate,23.25,0.0,23.25,23.25,23.25,0.0,23.25,23.25,23.25,0.0,23.25,23.25,23.25,0.0,0,0,0,0
2026-08-21 11:27:01.777328,LONDON_SK6,London Southwark - A2 Invaliders,51.491,-0.102,10.74,45.36,0.71,58.09,20.7,,,10.74,0.258819045102521,-0.9659258262890682,-0.433883739117558,-0.9009688679024191,-0.8660254037844385,-0.5000000000000004,45,Good,10.74,0.0,10.74,10.74,10.74,0.0,10.74,10.74,10.74,0.0,10.74,10.74,32.82,0.0,0,0,0,0
2026-08-21 11:27:01.949764,LONDON_HF1,London Hammersmith and Fulham,51.49,-0.224,10.59,40.65,1.51,72.69,43.43,,,10.59,0.258819045102521,-0.9659258262890682,-0.433883739117558,-0.9009688679024191,-0.8660254037844385,-0.5000000000000004,44,Good,10.59,0.0,10.59,10.59,10.59,0.0,10.59,10.59,10.59,0.0,10.59,10.59,10.74,0.0,0,0,0,0
2026-08-21 11:27:02.150277,LONDON_HIL,London Hillingdon,51.496,-0.46,32.82,38.9,1.37,57.45,24.35,,,32.82,0.258819045102521,-0.9659258262890682,-0.433883739117558,-0.9009688679024191,-0.8660254037844385,-0.5000000000000004,95,Moderate,32.82,0.0,32.82,32.82,32.82,0.0,32.82,32.82,32.82,0.0,32.82,32.82,10.59,0.0,0,0,0,0
2026-08-21 11:27:02.517864,LONDON_WL1,London Waltham Forest,51.585,-0.012,21.4,23.9,1.31,26.28,80.55,,,21.4,0.258819045102521,-0.9659258262890682,-0.433883739117558,-0.9009688679024191,-0.8660254037844385,-0.5000000000000004,71,Moderate,21.4,0.0,21.4,21.4,21.4,0.0,21.4,21.4,21.4,0.0,21.4,21.4,21.4,0.0,0,0,0,0
2026-08-21 11:27:02.729473,LONDON_BX1,London Bexley - Erith,51.481,0.181,9.55,51.4,1.89,28.01,67.75,,,9.55,0.258819045102521,-0.9659258262890682,-0.433883739117558,-0.9009688679024191,-0.8660254037844385,-0.5000000000000004,40,Good,9.55,0.0,9.55,9.55,9.55,0.0,9.55,9.55,9.55,0.0,9.55,9.55,23.25,0.0,0,0,0,0
2026-08-21 11:27:03.186077,LONDON_MY7,London Marylebone Road,51.522,-0.154,19.21,44.65,0.82,60.44,58.32,,,19.21,0.258819045102521,-0.9659258262890682,-0.433883739117558,-0.9009688679024191,-0.8660254037844385,-0.5000000000000004,66,Moderate,19.21,0.0,19.21,19.21,19.21,0.0,19.21,19.21,19.21,0.0,19.21,19.21,19.21,0.0,0,0,0,0
2026-08-21 11:27:03.460714,LONDON_KC1,London N. Kensington,51.521,-0.213,21.15,20.75,0.32,35.35,21.65,,,21.15,0.258819045102521,-0.9659258262890682,-0.433883739117558,-0.9009688679024191,-0.8660254037844385,-0.5000000000000004,70,Moderate,21.15,0.0,21.15,21.15,21.15,0.0,21.15,21.15,21.15,0.0,21.15,21.15,9.55,0.0,0,0,0,0
2026-08-21 11:27:03.783691,LONDON_TH4,London Tower Hamlets - Mile End Road,51.524,-0.033,27.55,39.88,0.28,38.3,51.66,,,27.55,0.258819045102521,-0.9659258262890682,-0.433883739117558,-0.9009688679024191,-0.8660254037844385,-0.5000000000000004,83,Moderate,27.55,0.0,27.55,27.55,27.55,0.0,27.55,27.55,27.55,0.0,27.55,27.55,27.55,0.0,0,0,0,0
2026-08-21 11:27:03.833555,LONDON_GR9,London Greenwich - Westhorne Avenue,51.455,0.03,20.41,22.43,0.86,51.01,31.88,,,20.41,0.258819045102521,-0.9659258262890682,-0.433883739117558,-0.9009688679024191,-0.8660254037844385,-0.5000000000000004,68,Moderate,20.41,0.0,20.41,20.41,20.41,0.0,20.41,20.41,20.41,0.0,20.41,20.41,10.59,0.0,0,0,0,0
2026-08-21 11:29:13.768172,LONDON_CT3,London City of London - Sir John Cass School,51.514,-0.077,10.29,14.66,0.16,58.8,49.17,,,10.29,0.258819045102521,-0.9659258262890682,-0.433883739117558,-0.9009688679024191,-0.8660254037844385,-0.5000000000000004,43,Good,16.77,9.164103884177656,10.29,23.25,16.77,9.164103884177656,10.29,23.25,16.77,9.164103884177656,10.29,23.25,10.59,0.0,0,0,0,0
2026-08-21 11:29:13.873005,LONDON_SK6,London Southwark - A2 Invaliders,51.491,-0.102,21.7,29.81,1.14,54.78,24.27,,,21.7,0.258819045102521,-0.9659258262890682,-0.433883739117558,-0.9009688679024191,-0.8660254037844385,-0.5000000000000004,71,Moderate,16.22,7.7498903218045605,10.74,21.7,16.22,7.7498903218045605,10.74,21.7,16.22,7.7498903218045605,10.74,21.7,21.7,0.0,0,0,0,0
2026-08-21 11:29:13.885016,LONDON_HF1,London Hammersmith and Fulham,51.49,-0.224,26.71,36.75,0.23,56.73,84.01,,,26.71,0.258819045102521,-0.9659258262890682,-0.433883739117558,-0.9009688679024191,-0.8660254037844385,-0.5000000000000004,82,Moderate,18.65,11.398561312727148,10.59,26.71,18.65,11.398561312727148,10.59,26.71,18.65,11.398561312727148,10.59,26.71,9.55,0.0,0,0,0,0
2026-08-21 11:29:13.892603,LONDON_HIL,London Hillingdon,51.496,-0.46,13.01,12.9,0.99,26.35,85.82,,,13.01,0.258819045102521,-0.9659258262890682,-0.433883739117558,-0.9009688679024191,-0.8660254037844385,-0.5000000000000004,53,Moderate,22.915,14.007785335305506,13.01,32.82,22.915,14.007785335305506,13.01,32.82,22.915,14.007785335305506,13.01,32.82,21.15,0.0,0,0,0,0
2026-08-21 11:29:13.901334,LONDON_WL1,London Waltham Forest,51.585,-0.012,16.27,46.38,2.42,16.06,41.45,,,16.27,0.258819045102521,-0.9659258262890682,-0.433883739117558,-0.9009688679024191,-0.8660254037844385,-0.5000000000000004,60,Moderate,18.835,3.627457787486989,16.27,21.4,18.835,3.627457787486989,16.27,21.4,18.835,3.627457787486989,16.27,21.4,16.27,0.0,0,0,0,0
2026-08-21 11:29:13.905390,LONDON_BX1,London Bexley - Erith,51.481,0.181,28.04,53.63,1.66,19.34,46.55,,,28.04,0.258819045102521,-0.9659258262890682,-0.433883739117558,-0.9009688679024191,-0.8660254037844385,-0.5000000000000004,85,Moderate,18.795,13.07440438413926,9.55,28.04,18.795,13.07440438413926,9.55,28.04,18.795,13.07440438413926,9.55,28.04,10.74,0.0,0,0,0,0
2026-08-21 11:29:13.910048,LONDON_MY7,London Marylebone Road,51.522,-0.154,7.22,52.44,1.42,56.11,39.39,,,7.22,0.258819045102521,-0.9659258262890682,-0.433883739117558,-0.9009688679024191,-0.8660254037844385,-0.5000000000000004,30,Good,13.215,8.478210306426705,7.22,19.21,13.215,8.478210306426705,7.22,19.21,13.215,8.478210306426705,7.22,19.21,13.01,0.0,0,0,0,0
2026-08-21 11:29:13.915228,LONDON_KC1,London N. Kensington,51.521,-0.213,27.63,48.32,0.89,30.42,29.38,,,27.63,0.258819045102521,-0.9659258262890682,-0.433883739117558,-0.9009688679024191,-0.8660254037844385,-0.5000000000000004,84,Moderate,24.39,4.582051942088827,21.15,27.63,24.39,4.582051942088827,21.15,27.63,24.39,4.582051942088827,21.15,27.63,21.7,0.0,0,0,0,0
2026-08-21 11:29:13.918602,LONDON_TH4,London Tower Hamlets - Mile End Road,51.524,-0.033,18.86,27.97,2.44,35.48,77.2,,,18.86,0.258819045102521,-0.9659258262890682,-0.433883739117558,-0.9009688679024191,-0.8660254037844385,-0.5000000000000004,65,Moderate,23.205,6.144757928511098,18.86,27.55,23.205,6.144757928511098,18.86,27.55,23.205,6.144757928511098,18.86,27.55,27.63,0.0,0,0,0,0
2026-08-21 11:29:13.923917,LONDON_GR9,London Greenwich - Westhorne Avenue,51.455,0.03,22.39,50.74,1.28,24.12,62.28,,,22.39,0.258819045102521,-0.9659258262890682,-0.433883739117558,-0.9009688679024191,-0.8660254037844385,-0.5000000000000004,73,Moderate,21.4,1.4000714267493657,20.41,22.39,21.4,1.4000714267493657,20.41,22.39,21.4,1.4000714267493657,20.41,22.39,9.55,0.0,0,0,0,0
2026-08-21 11:42:06.492705,LONDON_CT3,London City of London - Sir John Cass School,51.514,-0.077,7.0,,,5.0,49.1,,,7.0,0.258819045102521,-0.9659258262890682,-0.433883739117558,-0.9009688679024191,-0.8660254037844385,-0.5000000000000004,29,Good,13.513333333333334,8.591160185524034,7.0,23.25,13.513333333333334,8.591160185524034,7.0,23.25,13.513333333333334,8.591160185524034,7.0,23.25,21.4,0.0,0,0,0,0
2026-08-21 11:42:06.547150,LONDON_CT3,London City of London - Sir John Cass School,51.514,-0.077,7.0,,,5.0,49.1,,,7.0,0.258819045102521,-0.9659258262890682,-0.433883739117558,-0.9009688679024191,-0.8660254037844385,-0.5000000000000004,29,Good,11.885,7.733772257658829,7.0,23.25,11.885,7.733772257658829,7.0,23.25,11.885,7.733772257658829,7.0,23.25,9.55,0.0,0,0,0,0
2026-08-21 11:42:07.169047,LONDON_SK6,London Southwark - A2 Invaliders,51.491,-0.102,7.0,,,,0.004,,,7.0,0.258819045102521,-0.9659258262890682,-0.433883739117558,-0.9009688679024191,-0.8660254037844385,-0.5000000000000004,29,Good,13.146666666666667,7.639799299283544,7.0,21.7,13.146666666666667,7.639799299283544,7.0,21.7,13.146666666666667,7.639799299283544,7.0,21.7,22.39,0.0,0,0,0,0
2026-08-21 11:42:07.307968,LONDON_SK6,London Southwark - A2 Invaliders,51.491,-0.102,7.0,,,,0.004,,,7.0,0.258819045102521,-0.9659258262890682,-0.433883739117558,-0.9009688679024191,-0.8660254037844385,-0.5000000000000004,29,Good,11.61,6.953876616679361,7.0,21.7,11.61,6.953876616679361,7.0,21.7,11.61,6.953876616679361,7.0,21.7,7.0,0.0,0,0,0,0
2026-08-21 11:42:07.941114,LONDON_HF1,London Hammersmith and Fulham,51.49,-0.224,11.0,30.0,,22.6,27.8,,,11.0,0.258819045102521,-0.9659258262890682,-0.433883739117558,-0.9009688679024191,-0.8660254037844385,-0.5000000000000004,46,Good,16.099999999999998,9.190816068228111,10.59,26.71,16.099999999999998,9.190816068228111,10.59,26.71,16.099999999999998,9.190816068228111,10.59,26.71,10.29,0.0,0,0,0,0
2026-08-21 11:42:07.974714,LONDON_HF1,London Hammersmith and Fulham,51.49,-0.224,11.0,30.0,,22.6,27.8,,,11.0,0.258819045102521,-0.9659258262890682,-0.433883739117558,-0.9009688679024191,-0.8660254037844385,-0.5000000000000004,46,Good,14.825,7.925690295909037,10.59,26.71,14.825,7.925690295909037,10.59,26.71,14.825,7.925690295909037,10.59,26.71,21.7,0.0,0,0,0,0
2026-08-21 11:42:08.538373,LONDON_HIL,London Hillingdon,51.496,-0.46,7.0,,,,0.012,,,7.0,0.258819045102521,-0.9659258262890682,-0.433883739117558,-0.9009688679024191,-0.8660254037844385,-0.5000000000000004,29,Good,17.61,13.510666156781463,7.0,32.82,17.61,13.510666156781463,7.0,32.82,17.61,13.510666156781463,7.0,32.82,16.27,0.0,0,0,0,0
2026-08-21 11:42:08.765422,LONDON_HIL,London Hillingdon,51.496,-0.46,7.0,,,,0.012,,,7.0,0.258819045102521,-0.9659258262890682,-0.433883739117558,-0.9009688679024191,-0.8660254037844385,-0.5000000000000004,29,Good,14.9575,12.240714508012458,7.0,32.82,14.9575,12.240714508012458,7.0,32.82,14.9575,12.240714508012458,7.0,32.82,28.04,0.0,0,0,0,0
2026-08-21 11:42:09.302921,LONDON_WL1,London Waltham Forest,51.585,-0.012,7.0,28.0,360.0,39.5,,,,7.0,0.258819045102521,-0.9659258262890682,-0.433883739117558,-0.9009688679024191,-0.8660254037844385,-0.5000000000000004,29,Good,14.89,7.298513547291669,7.0,21.4,14.89,7.298513547291669,7.0,21.4,14.89,7.298513547291669,7.0,21.4,7.0,0.0,0,0,0,0
2026-08-21 11:42:09.429328,LONDON_WL1,London Waltham Forest,51.585,-0.012,7.0,28.0,360.0,39.5,,,,7.0,0.258819045102521,-0.9659258262890682,-0.433883739117558,-0.9009688679024191,-0.8660254037844385,-0.5000000000000004,29,Good,12.9175,7.146693291306128,7.0,21.4,12.9175,7.146693291306128,7.0,21.4,12.9175,7.146693291306128,7.0,21.4,7.0,0.0,0,0,0,0
2026-08-21 11:42:09.770199,LONDON_BX1,London Bexley - Erith,51.481,0.181,3.4,,,0.0,,,,3.4,0.258819045102521,-0.9659258262890682,-0.433883739117558,-0.9009688679024191,-0.8660254037844385,-0.5000000000000004,14,Good,13.663333333333334,12.824665037860962,3.4,28.04,13.663333333333334,12.824665037860962,3.4,28.04,13.663333333333334,12.824665037860962,3.4,28.04,10.59,0.0,0,0,0,0
2026-08-21 11:42:10.042486,LONDON_BX1,London Bexley - Erith,51.481,0.181,3.4,,,0.0,,,,3.4,0.258819045102521,-0.9659258262890682,-0.433883739117558,-0.9009688679024191,-0.8660254037844385,-0.5000000000000004,14,Good,11.0975,11.661133092457181,3.4,28.04,11.0975,11.661133092457181,3.4,28.04,11.0975,11.661133092457181,3.4,28.04,32.82,0.0,0,0,0,0
2026-08-21 11:42:10.479086,LONDON_MY7,London Marylebone Road,51.522,-0.154,3.4,,,,0.024,,,3.4,0.258819045102521,-0.9659258262890682,-0.433883739117558,-0.9009688679024191,-0.8660254037844385,-0.5000000000000004,14,Good,9.943333333333333,8.249329265663564,3.4,19.21,9.943333333333333,8.249329265663564,3.4,19.21,9.943333333333333,8.249329265663564,3.4,19.21,7.0,0.0,0,0,0,0
2026-08-21 11:42:10.633509,LONDON_MY7,London Marylebone Road,51.522,-0.154,3.4,,,,0.024,,,3.4,0.258819045102521,-0.9659258262890682,-0.433883739117558,-0.9009688679024191,-0.8660254037844385,-0.5000000000000004,14,Good,8.307500000000001,7.488085536370428,3.4,19.21,8.307500000000001,7.488085536370428,3.4,19.21,8.307500000000001,7.488085536370428,3.4,19.21,11.0,0.0,0,0,0,0
2026-08-21 11:42:11.142427,LONDON_KC1,London N. Kensington,51.521,-0.213,3.4,11.0,1.0305,0.003,0.033,,,3.4,0.258819045102521,-0.9659258262890682,-0.433883739117558,-0.9009688679024191,-0.8660254037844385,-0.5000000000000004,14,Good,17.393333333333334,12.544227091906992,3.4,27.63,17.393333333333334,12.544227091906992,3.4,27.63,17.393333333333334,12.544227091906992,3.4,27.63,7.0,0.0,0,0,0,0
2026-08-21 11:42:11.297390,LONDON_KC1,London N. Kensington,51.521,-0.213,3.4,11.0,1.0305,0.003,0.033,,,3.4,0.258819045102521,-0.9659258262890682,-0.433883739117558,-0.9009688679024191,-0.8660254037844385,-0.5000000000000004,14,Good,13.895,12.403968450997178,3.4,27.63,13.895,12.403968450997178,3.4,27.63,13.895,12.403968450997178,3.4,27.63,7.0,0.0,0,0,0,0
2026-08-21 11:42:11.617748,LONDON_TH4,London Tower Hamlets - Mile End Road,51.524,-0.033,16.3,,,,,,,16.3,0.258819045102521,-0.9659258262890682,-0.433883739117558,-0.9009688679024191,-0.8660254037844385,-0.5000000000000004,60,Moderate,20.903333333333332,5.896781608075147,16.3,27.55,20.903333333333332,5.896781608075147,16.3,27.55,20.903333333333332,5.896781608075147,16.3,27.55,3.4,0.0,0,0,0,0
2026-08-21 11:42:11.948015,LONDON_TH4,London Tower Hamlets - Mile End Road,51.524,-0.033,16.3,,,,,,,16.3,0.258819045102521,-0.9659258262890682,-0.433883739117558,-0.9009688679024191,-0.8660254037844385,-0.5000000000000004,60,Moderate,19.7525,5.3365742756940975,16.3,27.55,19.7525,5.3365742756940975,16.3,27.55,19.7525,5.3365742756940975,16.3,27.55,3.4,0.0,0,0,0,0
2026-08-21 11:42:12.024983,LONDON_GR9,London Greenwich - Westhorne Avenue,51.455,0.03,12.0,19.0,,9.0,38.0,,,12.0,0.258819045102521,-0.9659258262890682,-0.433883739117558,-0.9009688679024191,-0.8660254037844385,-0.5000000000000004,50,Good,18.266666666666666,5.516650553853609,12.0,22.39,18.266666666666666,5.516650553853609,12.0,22.39,18.266666666666666,5.516650553853609,12.0,22.39,10.29,0.0,0,0,0,0
2026-08-21 11:42:12.597377,LONDON_GR9,London Greenwich - Westhorne Avenue,51.455,0.03,12.0,19.0,,9.0,38.0,,,12.0,0.258819045102521,-0.9659258262890682,-0.433883739117558,-0.9009688679024191,-0.8660254037844385,-0.5000000000000004,50,Good,16.7,5.486960299959653,12.0,22.39,16.7,5.486960299959653,12.0,22.39,16.7,5.486960299959653,12.0,22.39,21.7,0.0,0,0,0,0
2026-08-21 11:57:03.531060,LONDON_CT3,London City of London - Sir John Cass School,51.514,-0.077,7.0,,,5.0,49.1,,,7.0,0.258819045102521,-0.9659258262890682,-0.433883739117558,-0.9009688679024191,-0.8660254037844385,-0.5000000000000004,29,Good,10.908,7.0449322211075955,7.0,23.25,10.908,7.0449322211075955,7.0,23.25,10.908,7.0449322211075955,7.0,23.25,27.55,0.0,0,0,0,0
2026-08-21 11:57:04.030831,LONDON_SK6,London Southwark - A2 Invaliders,51.491,-0.102,7.0,,,,0.004,,,7.0,0.258819045102521,-0.9659258262890682,-0.433883739117558,-0.9009688679024191,-0.8660254037844385,-0.5000000000000004,29,Good,10.687999999999999,6.365353093112746,7.0,21.7,10.687999999999999,6.365353093112746,7.0,21.7,10.687999999999999,6.365353093112746,7.0,21.7,3.4,0.0,0,0,0,0
2026-08-21 11:57:04.350624,LONDON_CT3,London City of London - Sir John Cass School,51.514,-0.077,7.0,,,5.0,49.1,,,7.0,0.258819045102521,-0.9659258262890682,-0.433883739117558,-0.9009688679024191,-0.8660254037844385,-0.5000000000000004,29,Good,10.256666666666666,6.500020512788145,7.0,23.25,10.256666666666666,6.500020512788145,7.0,23.25,10.256666666666666,6.500020512788145,7.0,23.25,20.41,0.0,0,0,0,0
2026-08-21 11:57:04.438167,LONDON_HF1,London Hammersmith and Fulham,51.49,-0.224,11.0,30.0,,22.6,27.8,,,11.0,0.258819045102521,-0.9659258262890682,-0.433883739117558,-0.9009688679024191,-0.8660254037844385,-0.5000000000000004,46,Good,14.059999999999999,7.073793183292823,10.59,26.71,14.059999999999999,7.073793183292823,10.59,26.71,14.059999999999999,7.073793183292823,10.59,26.71,18.86,0.0,0,0,0,0
2026-08-21 11:57:04.572130,LONDON_SK6,London Southwark - A2 Invaliders,51.491,-0.102,7.0,,,,0.004,,,7.0,0.258819045102521,-0.9659258262890682,-0.433883739117558,-0.9009688679024191,-0.8660254037844385,-0.5000000000000004,29,Good,10.073333333333332,5.889063309785918,7.0,21.7,10.073333333333332,5.889063309785918,7.0,21.7,10.073333333333332,5.889063309785918,7.0,21.7,16.3,0.0,0,0,0,0
2026-08-21 11:57:04.861391,LONDON_HIL,London Hillingdon,51.496,-0.46,7.0,,,,0.012,,,7.0,0.258819045102521,-0.9659258262890682,-0.433883739117558,-0.9009688679024191,-0.8660254037844385,-0.5000000000000004,29,Good,13.366,11.18215900441413,7.0,32.82,13.366,11.18215900441413,7.0,32.82,13.366,11.18215900441413,7.0,32.82,11.0,0.0,0,0,0,0
2026-08-21 11:57:04.968728,LONDON_HF1,London Hammersmith and Fulham,51.49,-0.224,11.0,30.0,,22.6,27.8,,,11.0,0.258819045102521,-0.9659258262890682,-0.433883739117558,-0.9009688679024191,-0.8660254037844385,-0.5000000000000004,46,Good,13.549999999999999,6.449142578668889,10.59,26.71,13.549999999999999,6.449142578668889,10.59,26.71,13.549999999999999,6.449142578668889,10.59,26.71,7.0,0.0,0,0,0,0
2026-08-21 11:57:05.271705,LONDON_WL1,London Waltham Forest,51.585,-0.012,7.0,28.0,360.0,39.5,,,,7.0,0.258819045102521,-0.9659258262890682,-0.433883739117558,-0.9009688679024191,-0.8660254037844385,-0.5000000000000004,29,Good,11.734,6.7312539693581614,7.0,21.4,11.734,6.7312539693581614,7.0,21.4,11.734,6.7312539693581614,7.0,21.4,7.0,0.0,0,0,0,0
2026-08-21 11:57:05.362069,LONDON_HIL,London Hillingdon,51.496,-0.46,7.0,,,,0.012,,,7.0,0.258819045102521,-0.9659258262890682,-0.433883739117558,-0.9009688679024191,-0.8660254037844385,-0.5000000000000004,29,Good,12.305,10.333773270204839,7.0,32.82,12.305,10.333773270204839,7.0,32.82,12.305,10.333773270204839,7.0,32.82,7.0,0.0,0,0,0,0
2026-08-21 11:57:05.481310,LONDON_BX1,London Bexley - Erith,51.481,0.181,7.0,,,0.0,,,,7.0,0.258819045102521,-0.9659258262890682,-0.433883739117558,-0.9009688679024191,-0.8660254037844385,-0.5000000000000004,29,Good,10.278,10.263742981972998,3.4,28.04,10.278,10.263742981972998,3.4,28.04,10.278,10.263742981972998,3.4,28.04,21.4,0.0,0,0,0,0
2026-08-21 11:57:05.572700,LONDON_WL1,London Waltham Forest,51.585,-0.012,3.4,28.0,360.0,39.5,,,,3.4,0.258819045102521,-0.9659258262890682,-0.433883739117558,-0.9009688679024191,-0.8660254037844385,-0.5000000000000004,14,Good,10.345,6.9154717843398075,3.4,21.4,10.345,6.9154717843398075,3.4,21.4,10.345,6.9154717843398075,3.4,21.4,3.4,0.0,0,0,0,0
2026-08-21 11:57:05.692276,LONDON_MY7,London Marylebone Road,51.522,-0.154,3.4,,,,0.024,,,3.4,0.258819045102521,-0.9659258262890682,-0.433883739117558,-0.9009688679024191,-0.8660254037844385,-0.5000000000000004,14,Good,7.3260000000000005,6.846187260074034,3.4,19.21,7.3260000000000005,6.846187260074034,3.4,19.21,7.3260000000000005,6.846187260074034,3.4,19.21,16.3,0.0,0,0,0,0
2026-08-21 11:57:05.782653,LONDON_BX1,London Bexley - Erith,51.481,0.181,3.4,,,0.0,,,,3.4,0.258819045102521,-0.9659258262890682,-0.433883739117558,-0.9009688679024191,-0.8660254037844385,-0.5000000000000004,14,Good,9.131666666666666,9.600000868055515,3.4,28.04,9.131666666666666,9.600000868055515,3.4,28.04,9.131666666666666,9.600000868055515,3.4,28.04,9.55,0.0,0,0,0,0
2026-08-21 11:57:06.091042,LONDON_KC1,London N. Kensington,51.521,-0.213,3.4,11.0,1.0305,0.003,0.033,,,3.4,0.258819045102521,-0.9659258262890682,-0.433883739117558,-0.9009688679024191,-0.8660254037844385,-0.5000000000000004,14,Good,11.796,11.722748397880082,3.4,27.63,11.796,11.722748397880082,3.4,27.63,11.796,11.722748397880082,3.4,27.63,3.4,0.0,0,0,0,0
2026-08-21 11:57:06.175159,LONDON_MY7,London Marylebone Road,51.522,-0.154,3.4,,,,0.024,,,3.4,0.258819045102521,-0.9659258262890682,-0.433883739117558,-0.9009688679024191,-0.8660254037844385,-0.5000000000000004,14,Good,6.671666666666667,6.3297027313031595,3.4,19.21,6.671666666666667,6.3297027313031595,3.4,19.21,6.671666666666667,6.3297027313031595,3.4,19.21,12.0,0.0,0,0,0,0
2026-08-21 11:57:06.382705,LONDON_KC1,London N. Kensington,51.521,-0.213,3.4,11.0,1.0305,0.003,0.033,,,3.4,0.258819045102521,-0.9659258262890682,-0.433883739117558,-0.9009688679024191,-0.8660254037844385,-0.5000000000000004,14,Good,10.396666666666667,11.031186095187891,3.4,27.63,10.396666666666667,11.031186095187891,3.4,27.63,10.396666666666667,11.031186095187891,3.4,27.63,3.4,0.0,0,0,0,0
2026-08-21 11:57:06.491590,LONDON_TH4,London Tower Hamlets - Mile End Road,51.524,-0.033,16.3,,,,,,,16.3,0.258819045102521,-0.9659258262890682,-0.433883739117558,-0.9009688679024191,-0.8660254037844385,-0.5000000000000004,60,Moderate,19.062,4.872701509429855,16.3,27.55,19.062,4.872701509429855,16.3,27.55,19.062,4.872701509429855,16.3,27.55,3.4,0.0,0,0,0,0
2026-08-21 11:57:06.586733,LONDON_TH4,London Tower Hamlets - Mile End Road,51.524,-0.033,16.3,,,,,,,16.3,0.258819045102521,-0.9659258262890682,-0.433883739117558,-0.9009688679024191,-0.8660254037844385,-0.5000000000000004,60,Moderate,18.601666666666667,4.501779277870768,16.3,27.55,18.601666666666667,4.501779277870768,16.3,27.55,18.601666666666667,4.501779277870768,16.3,27.55,3.4,0.0,0,0,0,0
2026-08-21 11:57:06.698557,LONDON_GR9,London Greenwich - Westhorne Avenue,51.455,0.03,12.0,15.0,,6.0,44.0,,,12.0,0.258819045102521,-0.9659258262890682,-0.433883739117558,-0.9009688679024191,-0.8660254037844385,-0.5000000000000004,50,Good,15.76,5.195964780481099,12.0,22.39,15.76,5.195964780481099,12.0,22.39,15.76,5.195964780481099,12.0,22.39,7.22,0.0,0,0,0,0
2026-08-21 11:57:06.851319,LONDON_GR9,London Greenwich - Westhorne Avenue,51.455,0.03,12.0,15.0,,6.0,44.0,,,12.0,0.258819045102521,-0.9659258262890682,-0.433883739117558,-0.9009688679024191,-0.8660254037844385,-0.5000000000000004,50,Good,15.133333333333333,4.894354570999803,12.0,22.39,15.133333333333333,4.894354570999803,12.0,22.39,15.133333333333333,4.894354570999803,12.0,22.39,27.63,0.0,0,0,0,0
2026-08-21 12:16:34.128711,LONDON_CT3,London City of London - Sir John Cass School,51.514,-0.077,7.0,,,5.0,49.1,,,7.0,1.2246467991473532e-16,-1.0,-0.433883739117558,-0.9009688679024191,-0.8660254037844385,-0.5000000000000004,29,Good,7.0,0.0,7.0,7.0,7.0,0.0,7.0,7.0,7.0,0.0,7.0,7.0,7.0,0.0,0,0,0,0
2026-08-21 12:16:36.208175,LONDON_SK6,London Southwark - A2 Invaliders,51.491,-0.102,7.0,,,,0.004,,,7.0,1.2246467991473532e-16,-1.0,-0.433883739117558,-0.9009688679024191,-0.8660254037844385,-0.5000000000000004,29,Good,7.0,0.0,7.0,7.0,7.0,0.0,7.0,7.0,7.0,0.0,7.0,7.0,7.0,0.0,0,0,0,0
2026-08-21 12:16:36.995296,LONDON_HF1,London Hammersmith and Fulham,51.49,-0.224,11.0,28.0,,31.3,27.8,,,11.0,1.2246467991473532e-16,-1.0,-0.433883739117558,-0.9009688679024191,-0.8660254037844385,-0.5000000000000004,46,Good,11.0,0.0,11.0,11.0,11.0,0.0,11.0,11.0,11.0,0.0,11.0,11.0,7.0,0.0,0,0,0,0
2026-08-21 12:16:37.583964,LONDON_HIL,London Hillingdon,51.496,-0.46,7.0,,,,0.012,,,7.0,1.2246467991473532e-16,-1.0,-0.433883739117558,-0.9009688679024191,-0.8660254037844385,-0.5000000000000004,29,Good,7.0,0.0,7.0,7.0,7.0,0.0,7.0,7.0,7.0,0.0,7.0,7.0,11.0,0.0,0,0,0,0
2026-08-21 12:16:38.406304,LONDON_WL1,London Waltham Forest,51.585,-0.012,7.0,28.0,360.0,39.5,,,,7.0,1.2246467991473532e-16,-1.0,-0.433883739117558,-0.9009688679024191,-0.8660254037844385,-0.5000000000000004,29,Good,7.0,0.0,7.0,7.0,7.0,0.0,7.0,7.0,7.0,0.0,7.0,7.0,7.0,0.0,0,0,0,0
2026-08-21 12:16:39.007856,LONDON_BX1,London Bexley - Erith,51.481,0.181,12.0,,,0.0,,,,12.0,1.2246467991473532e-16,-1.0,-0.433883739117558,-0.9009688679024191,-0.8660254037844385,-0.5000000000000004,50,Good,12.0,0.0,12.0,12.0,12.0,0.0,12.0,12.0,12.0,0.0,12.0,12.0,7.0,0.0,0,0,0,0
2026-08-21 12:16:39.607170,LONDON_MY7,London Marylebone Road,51.522,-0.154,12.0,,,,0.024,,,12.0,1.2246467991473532e-16,-1.0,-0.433883739117558,-0.9009688679024191,-0.8660254037844385,-0.5000000000000004,50,Good,12.0,0.0,12.0,12.0,12.0,0.0,12.0,12.0,12.0,0.0,12.0,12.0,12.0,0.0,0,0,0,0
2026-08-21 12:16:40.012414,LONDON_KC1,London N. Kensington,51.521,-0.213,3.4,11.0,1.0305,0.003,0.033,,,3.4,1.2246467991473532e-16,-1.0,-0.433883739117558,-0.9009688679024191,-0.8660254037844385,-0.5000000000000004,14,Good,3.4,0.0,3.4,3.4,3.4,0.0,3.4,3.4,3.4,0.0,3.4,3.4,12.0,0.0,0,0,0,0
2026-08-21 12:16:40.617962,LONDON_TH4,London Tower Hamlets - Mile End Road,51.524,-0.033,16.3,,,,,,,16.3,1.2246467991473532e-16,-1.0,-0.433883739117558,-0.9009688679024191,-0.8660254037844385,-0.5000000000000004,60,Moderate,16.3,0.0,16.3,16.3,16.3,0.0,16.3,16.3,16.3,0.0,16.3,16.3,16.3,0.0,0,0,0,0
2026-08-21 12:16:41.241655,LONDON_GR9,London Greenwich - Westhorne Avenue,51.455,0.03,12.0,10.0,,4.0,50.0,,,12.0,1.2246467991473532e-16,-1.0,-0.433883739117558,-0.9009688679024191,-0.8660254037844385,-0.5000000000000004,50,Good,12.0,0.0,12.0,12.0,12.0,0.0,12.0,12.0,12.0,0.0,12.0,12.0,11.0,0.0,0,0,0,0
2026-08-21 12:22:43.178908,LONDON_CT3,London City of London - Sir John Cass School,51.514,-0.077,7.0,,,5.0,49.1,,,7.0,1.2246467991473532e-16,-1.0,-0.433883739117558,-0.9009688679024191,-0.8660254037844385,-0.5000000000000004,29,Good,7.0,0.0,7.0,7.0,7.0,0.0,7.0,7.0,7.0,0.0,7.0,7.0,11.0,0.0,0,0,0,0
2026-08-21 12:22:43.819177,LONDON_SK6,London Southwark - A2 Invaliders,51.491,-0.102,7.0,,,,0.004,,,7.0,1.2246467991473532e-16,-1.0,-0.433883739117558,-0.9009688679024191,-0.8660254037844385,-0.5000000000000004,29,Good,7.0,0.0,7.0,7.0,7.0,0.0,7.0,7.0,7.0,0.0,7.0,7.0,7.0,0.0,0,0,0,0
2026-08-21 12:22:44.416445,LONDON_HF1,London Hammersmith and Fulham,51.49,-0.224,11.0,28.0,,31.3,27.8,,,11.0,1.2246467991473532e-16,-1.0,-0.433883739117558,-0.9009688679024191,-0.8660254037844385,-0.5000000000000004,46,Good,11.0,0.0,11.0,11.0,11.0,0.0,11.0,11.0,11.0,0.0,11.0,11.0,12.0,0.0,0,0,0,0
2026-08-21 12:22:45.047976,LONDON_HIL,London Hillingdon,51.496,-0.46,7.0,,,,0.012,,,7.0,1.2246467991473532e-16,-1.0,-0.433883739117558,-0.9009688679024191,-0.8660254037844385,-0.5000000000000004,29,Good,7.0,0.0,7.0,7.0,7.0,0.0,7.0,7.0,7.0,0.0,7.0,7.0,3.4,0.0,0,0,0,0
2026-08-21 12:22:45.846511,LONDON_WL1,London Waltham Forest,51.585,-0.012,7.0,28.0,360.0,39.5,,,,7.0,1.2246467991473532e-16,-1.0,-0.433883739117558,-0.9009688679024191,-0.8660254037844385,-0.5000000000000004,29,Good,7.0,0.0,7.0,7.0,7.0,0.0,7.0,7.0,7.0,0.0,7.0,7.0,7.0,0.0,0,0,0,0
2026-08-21 12:22:46.431593,LONDON_BX1,London Bexley - Erith,51.481,0.181,12.0,,,0.0,,,,12.0,1.2246467991473532e-16,-1.0,-0.433883739117558,-0.9009688679024191,-0.8660254037844385,-0.5000000000000004,50,Good,12.0,0.0,12.0,12.0,12.0,0.0,12.0,12.0,12.0,0.0,12.0,12.0,7.0,0.0,0,0,0,0
2026-08-21 12:22:47.012997,LONDON_MY7,London Marylebone Road,51.522,-0.154,12.0,,,,0.024,,,12.0,1.2246467991473532e-16,-1.0,-0.433883739117558,-0.9009688679024191,-0.8660254037844385,-0.5000000000000004,50,Good,12.0,0.0,12.0,12.0,12.0,0.0,12.0,12.0,12.0,0.0,12.0,12.0,7.0,0.0,0,0,0,0
2026-08-21 12:22:47.604726,LONDON_KC1,London N. Kensington,51.521,-0.213,3.4,11.0,1.0305,0.003,0.033,,,3.4,1.2246467991473532e-16,-1.0,-0.433883739117558,-0.9009688679024191,-0.8660254037844385,-0.5000000000000004,14,Good,3.4,0.0,3.4,3.4,3.4,0.0,3.4,3.4,3.4,0.0,3.4,3.4,7.0,0.0,0,0,0,0
2026-08-21 12:22:48.188357,LONDON_TH4,London Tower Hamlets - Mile End Road,51.524,-0.033,16.3,,,,,,,16.3,1.2246467991473532e-16,-1.0,-0.433883739117558,-0.9009688679024191,-0.8660254037844385,-0.5000000000000004,60,Moderate,16.3,0.0,16.3,16.3,16.3,0.0,16.3,16.3,16.3,0.0,16.3,16.3,3.4,0.0,0,0,0,0
2026-08-21 12:22:48.617205,LONDON_GR9,London Greenwich - Westhorne Avenue,51.455,0.03,12.0,10.0,,4.0,50.0,,,12.0,1.2246467991473532e-16,-1.0,-0.433883739117558,-0.9009688679024191,-0.8660254037844385,-0.5000000000000004,50,Good,12.0,0.0,12.0,12.0,12.0,0.0,12.0,12.0,12.0,0.0,12.0,12.0,12.0,0.0,0,0,0,0
2026-08-21 12:31:33.170330,LONDON_CT3,London City of London - Sir John Cass School,51.514,-0.077,9.0,,,5.0,49.1,,,9.0,1.2246467991473532e-16,-1.0,-0.433883739117558,-0.9009688679024191,-0.8660254037844385,-0.5000000000000004,38,Good,7.666666666666667,1.1547005383792515,7.0,9.0,7.666666666666667,1.1547005383792515,7.0,9.0,7.666666666666667,1.1547005383792515,7.0,9.0,7.0,0.0,0,0,0,0
2026-08-21 12:31:33.392749,LONDON_SK6,London Southwark - A2 Invaliders,51.491,-0.102,7.3,,,,0.001,,,7.3,1.2246467991473532e-16,-1.0,-0.433883739117558,-0.9009688679024191,-0.8660254037844385,-0.5000000000000004,30,Good,7.1000000000000005,0.17320508075688776,7.0,7.3,7.1000000000000005,0.17320508075688776,7.0,7.3,7.1000000000000005,0.17320508075688776,7.0,7.3,12.0,0.0,0,0,0,0
2026-08-21 12:31:33.788282,LONDON_HF1,London Hammersmith and Fulham,51.49,-0.224,17.0,28.0,,31.3,27.8,,,17.0,1.2246467991473532e-16,-1.0,-0.433883739117558,-0.9009688679024191,-0.8660254037844385,-0.5000000000000004,61,Moderate,13.0,3.4641016151377544,11.0,17.0,13.0,3.4641016151377544,11.0,17.0,13.0,3.4641016151377544,11.0,17.0,12.0,0.0,0,0,0,0
2026-08-21 12:31:33.989975,LONDON_HIL,London Hillingdon,51.496,-0.46,9.0,,,,0.015,,,9.0,1.2246467991473532e-16,-1.0,-0.433883739117558,-0.9009688679024191,-0.8660254037844385,-0.5000000000000004,38,Good,7.666666666666667,1.1547005383792515,7.0,9.0,7.666666666666667,1.1547005383792515,7.0,9.0,7.666666666666667,1.1547005383792515,7.0,9.0,11.0,0.0,0,0,0,0
2026-08-21 12:31:34.229922,LONDON_WL1,London Waltham Forest,51.585,-0.012,9.0,28.0,360.0,39.5,,,,9.0,1.2246467991473532e-16,-1.0,-0.433883739117558,-0.9009688679024191,-0.8660254037844385,-0.5000000000000004,38,Good,7.666666666666667,1.1547005383792515,7.0,9.0,7.666666666666667,1.1547005383792515,7.0,9.0,7.666666666666667,1.1547005383792515,7.0,9.0,9.0,0.0,0,0,0,0
2026-08-21 12:31:34.460573,LONDON_BX1,London Bexley - Erith,51.481,0.181,12.0,,,0.0,,,,12.0,1.2246467991473532e-16,-1.0,-0.433883739117558,-0.9009688679024191,-0.8660254037844385,-0.5000000000000004,50,Good,12.0,0.0,12.0,12.0,12.0,0.0,12.0,12.0,12.0,0.0,12.0,12.0,11.0,0.0,0,0,0,0
2026-08-21 12:31:34.894236,LONDON_MY7,London Marylebone Road,51.522,-0.154,12.0,,,,0.022,,,12.0,1.2246467991473532e-16,-1.0,-0.433883739117558,-0.9009688679024191,-0.8660254037844385,-0.5000000000000004,50,Good,12.0,0.0,12.0,12.0,12.0,0.0,12.0,12.0,12.0,0.0,12.0,12.0,9.0,0.0,0,0,0,0
2026-08-21 12:31:35.300713,LONDON_KC1,London N. Kensington,51.521,-0.213,3.5,11.0,1.0305,0.006,0.026,,,3.5,1.2246467991473532e-16,-1.0,-0.433883739117558,-0.9009688679024191,-0.8660254037844385,-0.5000000000000004,15,Good,3.4333333333333336,0.05773502691896269,3.4,3.5,3.4333333333333336,0.05773502691896269,3.4,3.5,3.4333333333333336,0.05773502691896269,3.4,3.5,3.4,0.0,0,0,0,0
2026-08-21 12:31:35.607296,LONDON_TH4,London Tower Hamlets - Mile End Road,51.524,-0.033,15.6,,,,,,,15.6,1.2246467991473532e-16,-1.0,-0.433883739117558,-0.9009688679024191,-0.8660254037844385,-0.5000000000000004,58,Moderate,16.066666666666666,0.4041451884327384,15.6,16.3,16.066666666666666,0.4041451884327384,15.6,16.3,16.066666666666666,0.4041451884327384,15.6,16.3,12.0,0.0,0,0,0,0
2026-08-21 12:31:40.046564,LONDON_GR9,London Greenwich - Westhorne Avenue,51.455,0.03,12.0,10.0,,4.0,50.0,,,12.0,1.2246467991473532e-16,-1.0,-0.433883739117558,-0.9009688679024191,-0.8660254037844385,-0.5000000000000004,50,Good,12.0,0.0,12.0,12.0,12.0,0.0,12.0,12.0,12.0,0.0,12.0,12.0,16.3,0.0,0,0,0,0
2026-08-21 12:37:42.439138,LONDON_CT3,London City of London - Sir John Cass School,51.514,-0.077,9.0,,,5.0,49.1,,,9.0,1.2246467991473532e-16,-1.0,-0.433883739117558,-0.9009688679024191,-0.8660254037844385,-0.5000000000000004,38,Good,8.0,1.1547005383792515,7.0,9.0,8.0,1.1547005383792515,7.0,9.0,8.0,1.1547005383792515,7.0,9.0,12.0,0.0,0,0,0,0
2026-08-21 12:37:42.842489,LONDON_SK6,London Southwark - A2 Invaliders,51.491,-0.102,7.3,,,,0.001,,,7.3,1.2246467991473532e-16,-1.0,-0.433883739117558,-0.9009688679024191,-0.8660254037844385,-0.5000000000000004,30,Good,7.15,0.17320508075688784,7.0,7.3,7.15,0.17320508075688784,7.0,7.3,7.15,0.17320508075688784,7.0,7.3,3.5,0.0,0,0,0,0
2026-08-21 12:37:43.221172,LONDON_HF1,London Hammersmith and Fulham,51.49,-0.224,17.0,28.0,,31.3,27.8,,,17.0,1.2246467991473532e-16,-1.0,-0.433883739117558,-0.9009688679024191,-0.8660254037844385,-0.5000000000000004,61,Moderate,14.0,3.4641016151377544,11.0,17.0,14.0,3.4641016151377544,11.0,17.0,14.0,3.4641016151377544,11.0,17.0,7.0,0.0,0,0,0,0
2026-08-21 12:37:43.612898,LONDON_HIL,London Hillingdon,51.496,-0.46,9.0,,,,0.015,,,9.0,1.2246467991473532e-16,-1.0,-0.433883739117558,-0.9009688679024191,-0.8660254037844385,-0.5000000000000004,38,Good,8.0,1.1547005383792515,7.0,9.0,8.0,1.1547005383792515,7.0,9.0,8.0,1.1547005383792515,7.0,9.0,3.4,0.0,0,0,0,0
2026-08-21 12:37:43.807027,LONDON_WL1,London Waltham Forest,51.585,-0.012,9.0,28.0,360.0,39.5,,,,9.0,1.2246467991473532e-16,-1.0,-0.433883739117558,-0.9009688679024191,-0.8660254037844385,-0.5000000000000004,38,Good,8.0,1.1547005383792515,7.0,9.0,8.0,1.1547005383792515,7.0,9.0,8.0,1.1547005383792515,7.0,9.0,9.0,0.0,0,0,0,0
2026-08-21 12:37:44.003127,LONDON_BX1,London Bexley - Erith,51.481,0.181,12.0,,,0.0,,,,12.0,1.2246467991473532e-16,-1.0,-0.433883739117558,-0.9009688679024191,-0.8660254037844385,-0.5000000000000004,50,Good,12.0,0.0,12.0,12.0,12.0,0.0,12.0,12.0,12.0,0.0,12.0,12.0,7.0,0.0,0,0,0,0
2026-08-21 12:37:44.197845,LONDON_MY7,London Marylebone Road,51.522,-0.154,12.0,,,,0.022,,,12.0,1.2246467991473532e-16,-1.0,-0.433883739117558,-0.9009688679024191,-0.8660254037844385,-0.5000000000000004,50,Good,12.0,0.0,12.0,12.0,12.0,0.0,12.0,12.0,12.0,0.0,12.0,12.0,3.5,0.0,0,0,0,0
2026-08-21 12:37:44.578444,LONDON_KC1,London N. Kensington,51.521,-0.213,3.5,11.0,1.0305,0.006,0.026,,,3.5,1.2246467991473532e-16,-1.0,-0.433883739117558,-0.9009688679024191,-0.8660254037844385,-0.5000000000000004,15,Good,3.45,0.057735026918962734,3.4,3.5,3.45,0.057735026918962734,3.4,3.5,3.45,0.057735026918962734,3.4,3.5,9.0,0.0,0,0,0,0
2026-08-21 12:37:44.787150,LONDON_TH4,London Tower Hamlets - Mile End Road,51.524,-0.033,15.6,,,,,,,15.6,1.2246467991473532e-16,-1.0,-0.433883739117558,-0.9009688679024191,-0.8660254037844385,-0.5000000000000004,58,Moderate,15.95,0.4041451884327382,15.6,16.3,15.95,0.4041451884327382,15.6,16.3,15.95,0.4041451884327382,15.6,16.3,12.0,0.0,0,0,0,0
2026-08-21 12:37:45.173133,LONDON_GR9,London Greenwich - Westhorne Avenue,51.455,0.03,12.0,10.0,,4.0,50.0,,,12.0,1.2246467991473532e-16,-1.0,-0.433883739117558,-0.9009688679024191,-0.8660254037844385,-0.5000000000000004,50,Good,12.0,0.0,12.0,12.0,12.0,0.0,12.0,12.0,12.0,0.0,12.0,12.0,7.0,0.0,0,0,0,0
2026-08-21 12:46:32.374821,LONDON_CT3,London City of London - Sir John Cass School,51.514,-0.077,9.0,,,5.0,49.1,,,9.0,1.2246467991473532e-16,-1.0,-0.433883739117558,-0.9009688679024191,-0.8660254037844385,-0.5000000000000004,38,Good,8.2,1.0954451150103321,7.0,9.0,8.2,1.0954451150103321,7.0,9.0,8.2,1.0954451150103321,7.0,9.0,16.3,0.0,0,0,0,0
2026-08-21 12:46:32.593937,LONDON_SK6,London Southwark - A2 Invaliders,51.491,-0.102,7.3,,,,0.001,,,7.3,1.2246467991473532e-16,-1.0,-0.433883739117558,-0.9009688679024191,-0.8660254037844385,-0.5000000000000004,30,Good,7.18,0.16431676725154995,7.0,7.3,7.18,0.16431676725154995,7.0,7.3,7.18,0.16431676725154995,7.0,7.3,12.0,0.0,0,0,0,0
2026-08-21 12:46:32.976718,LONDON_HF1,London Hammersmith and Fulham,51.49,-0.224,17.0,28.0,,31.3,27.8,,,17.0,1.2246467991473532e-16,-1.0,-0.433883739117558,-0.9009688679024191,-0.8660254037844385,-0.5000000000000004,61,Moderate,14.6,3.286335345030997,11.0,17.0,14.6,3.286335345030997,11.0,17.0,14.6,3.286335345030997,11.0,17.0,3.4,0.0,0,0,0,0
2026-08-21 12:46:33.357541,LONDON_HIL,London Hillingdon,51.496,-0.46,9.0,,,,0.015,,,9.0,1.2246467991473532e-16,-1.0,-0.433883739117558,-0.9009688679024191,-0.8660254037844385,-0.5000000000000004,38,Good,8.2,1.0954451150103321,7.0,9.0,8.2,1.0954451150103321,7.0,9.0,8.2,1.0954451150103321,7.0,9.0,17.0,0.0,0,0,0,0
2026-08-21 12:46:33.756194,LONDON_WL1,London Waltham Forest,51.585,-0.012,9.0,28.0,360.0,39.5,,,,9.0,1.2246467991473532e-16,-1.0,-0.433883739117558,-0.9009688679024191,-0.8660254037844385,-0.5000000000000004,38,Good,8.2,1.0954451150103321,7.0,9.0,8.2,1.0954451150103321,7.0,9.0,8.2,1.0954451150103321,7.0,9.0,9.0,0.0,0,0,0,0
2026-08-21 12:46:34.165930,LONDON_BX1,London Bexley - Erith,51.481,0.181,12.0,,,0.0,,,,12.0,1.2246467991473532e-16,-1.0,-0.433883739117558,-0.9009688679024191,-0.8660254037844385,-0.5000000000000004,50,Good,12.0,0.0,12.0,12.0,12.0,0.0,12.0,12.0,12.0,0.0,12.0,12.0,7.0,0.0,0,0,0,0
2026-08-21 12:46:34.378909,LONDON_MY7,London Marylebone Road,51.522,-0.154,12.0,,,,0.022,,,12.0,1.2246467991473532e-16,-1.0,-0.433883739117558,-0.9009688679024191,-0.8660254037844385,-0.5000000000000004,50,Good,12.0,0.0,12.0,12.0,12.0,0.0,12.0,12.0,12.0,0.0,12.0,12.0,9.0,0.0,0,0,0,0
2026-08-21 12:46:34.588768,LONDON_KC1,London N. Kensington,51.521,-0.213,3.5,11.0,1.0305,0.006,0.026,,,3.5,1.2246467991473532e-16,-1.0,-0.433883739117558,-0.9009688679024191,-0.8660254037844385,-0.5000000000000004,15,Good,3.46,0.054772255750516766,3.4,3.5,3.46,0.054772255750516766,3.4,3.5,3.46,0.054772255750516766,3.4,3.5,12.0,0.0,0,0,0,0
2026-08-21 12:46:34.992424,LONDON_TH4,London Tower Hamlets - Mile End Road,51.524,-0.033,15.6,,,,,,,15.6,1.2246467991473532e-16,-1.0,-0.433883739117558,-0.9009688679024191,-0.8660254037844385,-0.5000000000000004,58,Moderate,15.88,0.3834057902536163,15.6,16.3,15.88,0.3834057902536163,15.6,16.3,15.88,0.3834057902536163,15.6,16.3,9.0,0.0,0,0,0,0
2026-08-21 12:46:35.385519,LONDON_GR9,London Greenwich - Westhorne Avenue,51.455,0.03,12.0,10.0,,4.0,50.0,,,12.0,1.2246467991473532e-16,-1.0,-0.433883739117558,-0.9009688679024191,-0.8660254037844385,-0.5000000000000004,50,Good,12.0,0.0,12.0,12.0,12.0,0.0,12.0,12.0,12.0,0.0,12.0,12.0,7.0,0.0,0,0,0,0
2026-08-21 12:52:43.002395,LONDON_CT3,London City of London - Sir John Cass School,51.514,-0.077,9.0,,,5.0,49.1,,,9.0,1.2246467991473532e-16,-1.0,-0.433883739117558,-0.9009688679024191,-0.8660254037844385,-0.5000000000000004,38,Good,8.333333333333334,1.0327955589886446,7.0,9.0,8.333333333333334,1.0327955589886446,7.0,9.0,8.333333333333334,1.0327955589886446,7.0,9.0,7.0,0.0,0,0,0,0
2026-08-21 12:52:43.406731,LONDON_SK6,London Southwark - A2 Invaliders,51.491,-0.102,7.3,,,,0.001,,,7.3,1.2246467991473532e-16,-1.0,-0.433883739117558,-0.9009688679024191,-0.8660254037844385,-0.5000000000000004,30,Good,7.2,0.15491933384829684,7.0,7.3,7.2,0.15491933384829684,7.0,7.3,7.2,0.15491933384829684,7.0,7.3,9.0,0.0,0,0,0,0
2026-08-21 12:52:43.809730,LONDON_HF1,London Hammersmith and Fulham,51.49,-0.224,17.0,28.0,,31.3,27.8,,,17.0,1.2246467991473532e-16,-1.0,-0.433883739117558,-0.9009688679024191,-0.8660254037844385,-0.5000000000000004,61,Moderate,15.0,3.0983866769659336,11.0,17.0,15.0,3.0983866769659336,11.0,17.0,15.0,3.0983866769659336,11.0,17.0,7.3,0.0,0,0,0,0
2026-08-21 12:52:44.053836,LONDON_HIL,London Hillingdon,51.496,-0.46,9.0,,,,0.015,,,9.0,1.2246467991473532e-16,-1.0,-0.433883739117558,-0.9009688679024191,-0.8660254037844385,-0.5000000000000004,38,Good,8.333333333333334,1.0327955589886446,7.0,9.0,8.333333333333334,1.0327955589886446,7.0,9.0,8.333333333333334,1.0327955589886446,7.0,9.0,3.5,0.0,0,0,0,0
2026-08-21 12:52:44.486267,LONDON_WL1,London Waltham Forest,51.585,-0.012,9.0,28.0,360.0,39.5,,,,9.0,1.2246467991473532e-16,-1.0,-0.433883739117558,-0.9009688679024191,-0.8660254037844385,-0.5000000000000004,38,Good,8.333333333333334,1.0327955589886446,7.0,9.0,8.333333333333334,1.0327955589886446,7.0,9.0,8.333333333333334,1.0327955589886446,7.0,9.0,9.0,0.0,0,0,0,0
2026-08-21 12:52:44.884204,LONDON_BX1,London Bexley - Erith,51.481,0.181,12.0,,,0.0,,,,12.0,1.2246467991473532e-16,-1.0,-0.433883739117558,-0.9009688679024191,-0.8660254037844385,-0.5000000000000004,50,Good,12.0,0.0,12.0,12.0,12.0,0.0,12.0,12.0,12.0,0.0,12.0,12.0,12.0,0.0,0,0,0,0
2026-08-21 12:52:45.093429,LONDON_MY7,London Marylebone Road,51.522,-0.154,12.0,,,,0.022,,,12.0,1.2246467991473532e-16,-1.0,-0.433883739117558,-0.9009688679024191,-0.8660254037844385,-0.5000000000000004,50,Good,12.0,0.0,12.0,12.0,12.0,0.0,12.0,12.0,12.0,0.0,12.0,12.0,7.3,0.0,0,0,0,0
2026-08-21 12:52:45.306450,LONDON_KC1,London N. Kensington,51.521,-0.213,3.5,11.0,1.0305,0.006,0.026,,,3.5,1.2246467991473532e-16,-1.0,-0.433883739117558,-0.9009688679024191,-0.8660254037844385,-0.5000000000000004,15,Good,3.466666666666667,0.05163977794943234,3.4,3.5,3.466666666666667,0.05163977794943234,3.4,3.5,3.466666666666667,0.05163977794943234,3.4,3.5,12.0,0.0,0,0,0,0
2026-08-21 12:52:45.695885,LONDON_TH4,London Tower Hamlets - Mile End Road,51.524,-0.033,15.6,,,,,,,15.6,1.2246467991473532e-16,-1.0,-0.433883739117558,-0.9009688679024191,-0.8660254037844385,-0.5000000000000004,58,Moderate,15.833333333333334,0.3614784456460255,15.6,16.3,15.833333333333334,0.3614784456460255,15.6,16.3,15.833333333333334,0.3614784456460255,15.6,16.3,9.0,0.0,0,0,0,0
2026-08-21 12:52:45.915054,LONDON_GR9,London Greenwich - Westhorne Avenue,51.455,0.03,12.0,10.0,,4.0,50.0,,,12.0,1.2246467991473532e-16,-1.0,-0.433883739117558,-0.9009688679024191,-0.8660254037844385,-0.5000000000000004,50,Good,12.0,0.0,12.0,12.0,12.0,0.0,12.0,12.0,12.0,0.0,12.0,12.0,3.4,0.0,0,0,0,0
2026-08-21 13:01:32.681799,LONDON_CT3,London City of London - Sir John Cass School,51.514,-0.077,9.0,,,5.0,49.1,,,9.0,-0.2588190451025208,-0.9659258262890683,-0.433883739117558,-0.9009688679024191,-0.8660254037844385,-0.5000000000000004,38,Good,8.428571428571429,0.9759000729485334,7.0,9.0,8.428571428571429,0.9759000729485334,7.0,9.0,8.428571428571429,0.9759000729485334,7.0,9.0,11.0,0.0,0,0,0,0
2026-08-21 13:01:33.054431,LONDON_SK6,London Southwark - A2 Invaliders,51.491,-0.102,7.3,,,,0.001,,,7.3,-0.2588190451025208,-0.9659258262890683,-0.433883739117558,-0.9009688679024191,-0.8660254037844385,-0.5000000000000004,30,Good,7.214285714285714,0.14638501094228018,7.0,7.3,7.214285714285714,0.14638501094228018,7.0,7.3,7.214285714285714,0.14638501094228018,7.0,7.3,7.3,0.0,0,0,0,0
2026-08-21 13:01:33.641981,LONDON_HF1,London Hammersmith and Fulham,51.49,-0.224,17.0,95.0,,31.3,27.8,,,17.0,-0.2588190451025208,-0.9659258262890683,-0.433883739117558,-0.9009688679024191,-0.8660254037844385,-0.5000000000000004,61,Moderate,15.285714285714286,2.9277002188455996,11.0,17.0,15.285714285714286,2.9277002188455996,11.0,17.0,15.285714285714286,2.9277002188455996,11.0,17.0,12.0,0.0,0,0,0,0
2026-08-21 13:01:34.137671,LONDON_HIL,London Hillingdon,51.496,-0.46,9.0,,,,0.015,,,9.0,-0.2588190451025208,-0.9659258262890683,-0.433883739117558,-0.9009688679024191,-0.8660254037844385,-0.5000000000000004,38,Good,8.428571428571429,0.9759000729485334,7.0,9.0,8.428571428571429,0.9759000729485334,7.0,9.0,8.428571428571429,0.9759000729485334,7.0,9.0,17.0,0.0,0,0,0,0
2026-08-21 13:01:34.576324,LONDON_WL1,London Waltham Forest,51.585,-0.012,9.0,28.0,360.0,39.5,,,,9.0,-0.2588190451025208,-0.9659258262890683,-0.433883739117558,-0.9009688679024191,-0.8660254037844385,-0.5000000000000004,38,Good,8.428571428571429,0.9759000729485334,7.0,9.0,8.428571428571429,0.9759000729485334,7.0,9.0,8.428571428571429,0.9759000729485334,7.0,9.0,9.0,0.0,0,0,0,0
2026-08-21 13:01:35.025868,LONDON_BX1,London Bexley - Erith,51.481,0.181,12.0,,,0.0,,,,12.0,-0.2588190451025208,-0.9659258262890683,-0.433883739117558,-0.9009688679024191,-0.8660254037844385,-0.5000000000000004,50,Good,12.0,0.0,12.0,12.0,12.0,0.0,12.0,12.0,12.0,0.0,12.0,12.0,12.0,0.0,0,0,0,0
2026-08-21 13:01:35.208727,LONDON_MY7,London Marylebone Road,51.522,-0.154,12.0,,,,0.022,,,12.0,-0.2588190451025208,-0.9659258262890683,-0.433883739117558,-0.9009688679024191,-0.8660254037844385,-0.5000000000000004,50,Good,12.0,0.0,12.0,12.0,12.0,0.0,12.0,12.0,12.0,0.0,12.0,12.0,15.6,0.0,0,0,0,0
2026-08-21 13:01:35.416068,LONDON_KC1,London N. Kensington,51.521,-0.213,3.5,11.0,1.0305,0.006,0.026,,,3.5,-0.2588190451025208,-0.9659258262890683,-0.433883739117558,-0.9009688679024191,-0.8660254037844385,-0.5000000000000004,15,Good,3.4714285714285715,0.048795003647426755,3.4,3.5,3.4714285714285715,0.048795003647426755,3.4,3.5,3.4714285714285715,0.048795003647426755,3.4,3.5,7.3,0.0,0,0,0,0
2026-08-21 13:01:35.806730,LONDON_TH4,London Tower Hamlets - Mile End Road,51.524,-0.033,15.6,,,,,,,15.6,-0.2588190451025208,-0.9659258262890683,-0.433883739117558,-0.9009688679024191,-0.8660254037844385,-0.5000000000000004,58,Moderate,15.799999999999999,0.3415650255319865,15.6,16.3,15.799999999999999,0.3415650255319865,15.6,16.3,15.799999999999999,0.3415650255319865,15.6,16.3,17.0,0.0,0,0,0,0
2026-08-21 13:01:36.514442,LONDON_GR9,London Greenwich - Westhorne Avenue,51.455,0.03,12.0,10.0,,4.0,50.0,,,12.0,-0.2588190451025208,-0.9659258262890683,-0.433883739117558,-0.9009688679024191,-0.8660254037844385,-0.5000000000000004,50,Good,12.0,0.0,12.0,12.0,12.0,0.0,12.0,12.0,12.0,0.0,12.0,12.0,9.0,0.0,0,0,0,0
2026-08-21 13:07:41.934088,LONDON_CT3,London City of London - Sir John Cass School,51.514,-0.077,9.0,,,5.0,49.1,,,9.0,-0.2588190451025208,-0.9659258262890683,-0.433883739117558,-0.9009688679024191,-0.8660254037844385,-0.5000000000000004,38,Good,8.5,0.9258200997725518,7.0,9.0,8.5,0.9258200997725518,7.0,9.0,8.5,0.9258200997725518,7.0,9.0,7.0,0.0,0,0,0,0
2026-08-21 13:07:42.179237,LONDON_SK6,London Southwark - A2 Invaliders,51.491,-0.102,7.3,,,,0.001,,,7.3,-0.2588190451025208,-0.9659258262890683,-0.433883739117558,-0.9009688679024191,-0.8660254037844385,-0.5000000000000004,30,Good,7.225,0.13887301496588292,7.0,7.3,7.225,0.13887301496588292,7.0,7.3,7.225,0.13887301496588292,7.0,7.3,12.0,0.0,0,0,0,0
2026-08-21 13:07:42.588878,LONDON_HF1,London Hammersmith and Fulham,51.49,-0.224,17.0,95.0,,31.3,27.8,,,17.0,-0.2588190451025208,-0.9659258262890683,-0.433883739117558,-0.9009688679024191,-0.8660254037844385,-0.5000000000000004,61,Moderate,15.5,2.7774602993176543,11.0,17.0,15.5,2.7774602993176543,11.0,17.0,15.5,2.7774602993176543,11.0,17.0,12.0,0.0,0,0,0,0
2026-08-21 13:07:42.963708,LONDON_HIL,London Hillingdon,51.496,-0.46,9.0,,,,0.015,,,9.0,-0.2588190451025208,-0.9659258262890683,-0.433883739117558,-0.9009688679024191,-0.8660254037844385,-0.5000000000000004,38,Good,8.5,0.9258200997725518,7.0,9.0,8.5,0.9258200997725518,7.0,9.0,8.5,0.9258200997725518,7.0,9.0,3.5,0.0,0,0,0,0
2026-08-21 13:07:43.362818,LONDON_WL1,London Waltham Forest,51.585,-0.012,9.0,28.0,360.0,39.5,,,,9.0,-0.2588190451025208,-0.9659258262890683,-0.433883739117558,-0.9009688679024191,-0.8660254037844385,-0.5000000000000004,38,Good,8.5,0.9258200997725518,7.0,9.0,8.5,0.9258200997725518,7.0,9.0,8.5,0.9258200997725518,7.0,9.0,9.0,0.0,0,0,0,0
2026-08-21 13:07:43.762147,LONDON_BX1,London Bexley - Erith,51.481,0.181,12.0,,,0.0,,,,12.0,-0.2588190451025208,-0.9659258262890683,-0.433883739117558,-0.9009688679024191,-0.8660254037844385,-0.5000000000000004,50,Good,12.0,0.0,12.0,12.0,12.0,0.0,12.0,12.0,12.0,0.0,12.0,12.0,3.4,0.0,0,0,0,0
2026-08-21 13:07:43.974507,LONDON_MY7,London Marylebone Road,51.522,-0.154,12.0,,,,0.022,,,12.0,-0.2588190451025208,-0.9659258262890683,-0.433883739117558,-0.9009688679024191,-0.8660254037844385,-0.5000000000000004,50,Good,12.0,0.0,12.0,12.0,12.0,0.0,12.0,12.0,12.0,0.0,12.0,12.0,12.0,0.0,0,0,0,0
2026-08-21 13:07:44.176872,LONDON_KC1,London N. Kensington,51.521,-0.213,3.5,11.0,1.0305,0.006,0.026,,,3.5,-0.2588190451025208,-0.9659258262890683,-0.433883739117558,-0.9009688679024191,-0.8660254037844385,-0.5000000000000004,15,Good,3.475,0.046291004988627656,3.4,3.5,3.475,0.046291004988627656,3.4,3.5,3.475,0.046291004988627656,3.4,3.5,3.5,0.0,0,0,0,0
2026-08-21 13:07:44.579973,LONDON_TH4,London Tower Hamlets - Mile End Road,51.524,-0.033,15.6,,,,,,,15.6,-0.2588190451025208,-0.9659258262890683,-0.433883739117558,-0.9009688679024191,-0.8660254037844385,-0.5000000000000004,58,Moderate,15.775,0.3240370349203928,15.6,16.3,15.775,0.3240370349203928,15.6,16.3,15.775,0.3240370349203928,15.6,16.3,7.3,0.0,0,0,0,0
2026-08-21 13:07:44.981513,LONDON_GR9,London Greenwich - Westhorne Avenue,51.455,0.03,12.0,10.0,,4.0,50.0,,,12.0,-0.2588190451025208,-0.9659258262890683,-0.433883739117558,-0.9009688679024191,-0.8660254037844385,-0.5000000000000004,50,Good,12.0,0.0,12.0,12.0,12.0,0.0,12.0,12.0,12.0,0.0,12.0,12.0,9.0,0.0,0,0,0,0
2026-08-21 13:16:32.983136,LONDON_CT3,London City of London - Sir John Cass School,51.514,-0.077,9.0,,,5.0,49.1,,,9.0,-0.2588190451025208,-0.9659258262890683,-0.433883739117558,-0.9009688679024191,-0.8660254037844385,-0.5000000000000004,38,Good,8.555555555555555,0.8819171036881973,7.0,9.0,8.555555555555555,0.8819171036881973,7.0,9.0,8.555555555555555,0.8819171036881973,7.0,9.0,12.0,0.0,0,0,0,0
2026-08-21 13:16:33.175640,LONDON_SK6,London Southwark - A2 Invaliders,51.491,-0.102,7.3,,,,0.001,,,7.3,-0.2588190451025208,-0.9659258262890683,-0.433883739117558,-0.9009688679024191,-0.8660254037844385,-0.5000000000000004,30,Good,7.2333333333333325,0.1322875655532297,7.0,7.3,7.2333333333333325,0.1322875655532297,7.0,7.3,7.2333333333333325,0.1322875655532297,7.0,7.3,3.5,0.0,0,0,0,0
2026-08-21 13:16:33.571716,LONDON_HF1,London Hammersmith and Fulham,51.49,-0.224,17.0,95.0,,31.3,27.8,,,17.0,-0.2588190451025208,-0.9659258262890683,-0.433883739117558,-0.9009688679024191,-0.8660254037844385,-0.5000000000000004,61,Moderate,15.666666666666666,2.6457513110645907,11.0,17.0,15.666666666666666,2.6457513110645907,11.0,17.0,15.666666666666666,2.6457513110645907,11.0,17.0,9.0,0.0,0,0,0,0
2026-08-21 13:16:33.774157,LONDON_HIL,London Hillingdon,51.496,-0.46,9.0,,,,0.015,,,9.0,-0.2588190451025208,-0.9659258262890683,-0.433883739117558,-0.9009688679024191,-0.8660254037844385,-0.5000000000000004,38,Good,8.555555555555555,0.8819171036881973,7.0,9.0,8.555555555555555,0.8819171036881973,7.0,9.0,8.555555555555555,0.8819171036881973,7.0,9.0,17.0,0.0,0,0,0,0
2026-08-21 13:16:34.186989,LONDON_WL1,London Waltham Forest,51.585,-0.012,9.0,28.0,360.0,39.5,,,,9.0,-0.2588190451025208,-0.9659258262890683,-0.433883739117558,-0.9009688679024191,-0.8660254037844385,-0.5000000000000004,38,Good,8.555555555555555,0.8819171036881973,7.0,9.0,8.555555555555555,0.8819171036881973,7.0,9.0,8.555555555555555,0.8819171036881973,7.0,9.0,9.0,0.0,0,0,0,0
2026-08-21 13:16:34.382188,LONDON_BX1,London Bexley - Erith,51.481,0.181,12.0,,,0.0,,,,12.0,-0.2588190451025208,-0.9659258262890683,-0.433883739117558,-0.9009688679024191,-0.8660254037844385,-0.5000000000000004,50,Good,12.0,0.0,12.0,12.0,12.0,0.0,12.0,12.0,12.0,0.0,12.0,12.0,16.3,0.0,0,0,0,0
2026-08-21 13:16:34.596053,LONDON_MY7,London Marylebone Road,51.522,-0.154,12.0,,,,0.022,,,12.0,-0.2588190451025208,-0.9659258262890683,-0.433883739117558,-0.9009688679024191,-0.8660254037844385,-0.5000000000000004,50,Good,12.0,0.0,12.0,12.0,12.0,0.0,12.0,12.0,12.0,0.0,12.0,12.0,17.0,0.0,0,0,0,0
2026-08-21 13:16:34.806544,LONDON_KC1,London N. Kensington,51.521,-0.213,3.5,11.0,1.0305,0.006,0.026,,,3.5,-0.2588190451025208,-0.9659258262890683,-0.433883739117558,-0.9009688679024191,-0.8660254037844385,-0.5000000000000004,15,Good,3.477777777777778,0.044095855184409914,3.4,3.5,3.477777777777778,0.044095855184409914,3.4,3.5,3.477777777777778,0.044095855184409914,3.4,3.5,9.0,0.0,0,0,0,0
2026-08-21 13:16:35.004256,LONDON_TH4,London Tower Hamlets - Mile End Road,51.524,-0.033,15.6,,,,,,,15.6,-0.2588190451025208,-0.9659258262890683,-0.433883739117558,-0.9009688679024191,-0.8660254037844385,-0.5000000000000004,58,Moderate,15.755555555555556,0.30867098629086864,15.6,16.3,15.755555555555556,0.30867098629086864,15.6,16.3,15.755555555555556,0.30867098629086864,15.6,16.3,9.0,0.0,0,0,0,0
2026-08-21 13:16:35.436957,LONDON_GR9,London Greenwich - Westhorne Avenue,51.455,0.03,12.0,10.0,,4.0,50.0,,,12.0,-0.2588190451025208,-0.9659258262890683,-0.433883739117558,-0.9009688679024191,-0.8660254037844385,-0.5000000000000004,50,Good,12.0,0.0,12.0,12.0,12.0,0.0,12.0,12.0,12.0,0.0,12.0,12.0,12.0,0.0,0,0,0,0
2026-08-21 13:22:42.004098,LONDON_CT3,London City of London - Sir John Cass School,51.514,-0.077,9.0,,,5.0,49.1,,,9.0,-0.2588190451025208,-0.9659258262890683,-0.433883739117558,-0.9009688679024191,-0.8660254037844385,-0.5000000000000004,38,Good,8.777777777777779,0.6666666666666679,7.0,9.0,8.6,0.8432740427115684,7.0,9.0,8.6,0.8432740427115684,7.0,9.0,16.3,0.0,0,0,0,0
2026-08-21 13:22:42.378289,LONDON_SK6,London Southwark - A2 Invaliders,51.491,-0.102,7.3,,,,0.001,,,7.3,-0.2588190451025208,-0.9659258262890683,-0.433883739117558,-0.9009688679024191,-0.8660254037844385,-0.5000000000000004,30,Good,7.2666666666666675,0.10000000000000021,7.0,7.3,7.24,0.12649110640673533,7.0,7.3,7.24,0.12649110640673533,7.0,7.3,12.0,0.0,0,0,0,0
2026-08-21 13:22:42.742281,LONDON_HF1,London Hammersmith and Fulham,51.49,-0.224,17.0,95.0,,31.3,27.8,,,17.0,-0.2588190451025208,-0.9659258262890683,-0.433883739117558,-0.9009688679024191,-0.8660254037844385,-0.5000000000000004,61,Moderate,16.333333333333332,2.0,11.0,17.0,15.8,2.5298221281347035,11.0,17.0,15.8,2.5298221281347035,11.0,17.0,3.5,0.0,0,0,0,0
2026-08-21 13:22:43.130799,LONDON_HIL,London Hillingdon,51.496,-0.46,9.0,,,,0.015,,,9.0,-0.2588190451025208,-0.9659258262890683,-0.433883739117558,-0.9009688679024191,-0.8660254037844385,-0.5000000000000004,38,Good,8.777777777777779,0.6666666666666679,7.0,9.0,8.6,0.8432740427115684,7.0,9.0,8.6,0.8432740427115684,7.0,9.0,3.5,0.0,0,0,0,0
2026-08-21 13:22:43.510483,LONDON_WL1,London Waltham Forest,51.585,-0.012,9.0,28.0,360.0,39.5,,,,9.0,-0.2588190451025208,-0.9659258262890683,-0.433883739117558,-0.9009688679024191,-0.8660254037844385,-0.5000000000000004,38,Good,8.777777777777779,0.6666666666666679,7.0,9.0,8.6,0.8432740427115684,7.0,9.0,8.6,0.8432740427115684,7.0,9.0,9.0,0.0,0,0,0,0
2026-08-21 13:22:43.711495,LONDON_BX1,London Bexley - Erith,51.481,0.181,12.0,,,0.0,,,,12.0,-0.2588190451025208,-0.9659258262890683,-0.433883739117558,-0.9009688679024191,-0.8660254037844385,-0.5000000000000004,50,Good,12.0,0.0,12.0,12.0,12.0,0.0,12.0,12.0,12.0,0.0,12.0,12.0,12.0,0.0,0,0,0,0
2026-08-21 13:22:44.099087,LONDON_MY7,London Marylebone Road,51.522,-0.154,12.0,,,,0.022,,,12.0,-0.2588190451025208,-0.9659258262890683,-0.433883739117558,-0.9009688679024191,-0.8660254037844385,-0.5000000000000004,50,Good,12.0,0.0,12.0,12.0,12.0,0.0,12.0,12.0,12.0,0.0,12.0,12.0,12.0,0.0,0,0,0,0
2026-08-21 13:22:44.313210,LONDON_KC1,London N. Kensington,51.521,-0.213,3.5,11.0,1.0305,0.006,0.026,,,3.5,-0.2588190451025208,-0.9659258262890683,-0.433883739117558,-0.9009688679024191,-0.8660254037844385,-0.5000000000000004,15,Good,3.488888888888889,0.03333333333333334,3.4,3.5,3.4799999999999995,0.04216370213557845,3.4,3.5,3.4799999999999995,0.04216370213557845,3.4,3.5,12.0,0.0,0,0,0,0
2026-08-21 13:22:44.688825,LONDON_TH4,London Tower Hamlets - Mile End Road,51.524,-0.033,15.6,,,,,,,15.6,-0.2588190451025208,-0.9659258262890683,-0.433883739117558,-0.9009688679024191,-0.8660254037844385,-0.5000000000000004,58,Moderate,15.677777777777777,0.2333333333333323,15.6,16.3,15.74,0.29514591494904846,15.6,16.3,15.74,0.29514591494904846,15.6,16.3,12.0,0.0,0,0,0,0
2026-08-21 13:22:45.072524,LONDON_GR9,London Greenwich - Westhorne Avenue,51.455,0.03,12.0,10.0,,4.0,50.0,,,12.0,-0.2588190451025208,-0.9659258262890683,-0.433883739117558,-0.9009688679024191,-0.8660254037844385,-0.5000000000000004,50,Good,12.0,0.0,12.0,12.0,12.0,0.0,12.0,12.0,12.0,0.0,12.0,12.0,12.0,0.0,0,0,0,0
2026-08-21 13:31:32.231176,LONDON_CT3,London City of London - Sir John Cass School,51.514,-0.077,9.0,,,5.0,49.1,,,9.0,-0.2588190451025208,-0.9659258262890683,-0.433883739117558,-0.9009688679024191,-0.8660254037844385,-0.5000000000000004,38,Good,9.0,0.0,9.0,9.0,8.636363636363637,0.809039834955891,7.0,9.0,8.636363636363637,0.809039834955891,7.0,9.0,9.0,0.0,0,0,0,0
2026-08-21 13:31:32.460677,LONDON_SK6,London Southwark - A2 Invaliders,51.491,-0.102,7.3,,,,0.001,,,7.3,-0.2588190451025208,-0.9659258262890683,-0.433883739117558,-0.9009688679024191,-0.8660254037844385,-0.5000000000000004,30,Good,7.3,0.0,7.3,7.3,7.245454545454546,0.12135597524338369,7.0,7.3,7.245454545454546,0.12135597524338369,7.0,7.3,9.0,0.0,0,0,0,0
2026-08-21 13:31:32.952128,LONDON_HF1,London Hammersmith and Fulham,51.49,-0.224,17.0,95.0,,22.9,27.8,,,17.0,-0.2588190451025208,-0.9659258262890683,-0.433883739117558,-0.9009688679024191,-0.8660254037844385,-0.5000000000000004,61,Moderate,17.0,0.0,17.0,17.0,15.909090909090908,2.4271195048676715,11.0,17.0,15.909090909090908,2.4271195048676715,11.0,17.0,7.3,0.0,0,0,0,0
2026-08-21 13:31:33.350256,LONDON_HIL,London Hillingdon,51.496,-0.46,9.0,,,,0.015,,,9.0,-0.2588190451025208,-0.9659258262890683,-0.433883739117558,-0.9009688679024191,-0.8660254037844385,-0.5000000000000004,38,Good,9.0,0.0,9.0,9.0,8.636363636363637,0.809039834955891,7.0,9.0,8.636363636363637,0.809039834955891,7.0,9.0,17.0,0.0,0,0,0,0
2026-08-21 13:31:33.547744,LONDON_WL1,London Waltham Forest,51.585,-0.012,9.0,28.0,360.0,39.5,,,,9.0,-0.2588190451025208,-0.9659258262890683,-0.433883739117558,-0.9009688679024191,-0.8660254037844385,-0.5000000000000004,38,Good,9.0,0.0,9.0,9.0,8.636363636363637,0.809039834955891,7.0,9.0,8.636363636363637,0.809039834955891,7.0,9.0,9.0,0.0,0,0,0,0
2026-08-21 13:31:33.947039,LONDON_BX1,London Bexley - Erith,51.481,0.181,12.0,,,0.0,,,,12.0,-0.2588190451025208,-0.9659258262890683,-0.433883739117558,-0.9009688679024191,-0.8660254037844385,-0.5000000000000004,50,Good,12.0,0.0,12.0,12.0,12.0,0.0,12.0,12.0,12.0,0.0,12.0,12.0,7.0,0.0,0,0,0,0
2026-08-21 13:31:34.157815,LONDON_MY7,London Marylebone Road,51.522,-0.154,12.0,,,,0.022,,,12.0,-0.2588190451025208,-0.9659258262890683,-0.433883739117558,-0.9009688679024191,-0.8660254037844385,-0.5000000000000004,50,Good,12.0,0.0,12.0,12.0,12.0,0.0,12.0,12.0,12.0,0.0,12.0,12.0,12.0,0.0,0,0,0,0
2026-08-21 13:31:34.363138,LONDON_KC1,London N. Kensington,51.521,-0.213,3.5,11.0,1.0305,0.006,0.026,,,3.5,-0.2588190451025208,-0.9659258262890683,-0.433883739117558,-0.9009688679024191,-0.8660254037844385,-0.5000000000000004,15,Good,3.5,0.0,3.5,3.5,3.4818181818181815,0.040451991747794576,3.4,3.5,3.4818181818181815,0.040451991747794576,3.4,3.5,12.0,0.0,0,0,0,0
2026-08-21 13:31:34.747746,LONDON_TH4,London Tower Hamlets - Mile End Road,51.524,-0.033,15.6,,,,,,,15.6,-0.2588190451025208,-0.9659258262890683,-0.433883739117558,-0.9009688679024191,-0.8660254037844385,-0.5000000000000004,58,Moderate,15.6,0.0,15.6,15.6,15.727272727272727,0.28316394223456137,15.6,16.3,15.727272727272727,0.28316394223456137,15.6,16.3,15.6,0.0,0,0,0,0
2026-08-21 13:31:35.128722,LONDON_GR9,London Greenwich - Westhorne Avenue,51.455,0.03,12.0,10.0,,4.0,50.0,,,12.0,-0.2588190451025208,-0.9659258262890683,-0.433883739117558,-0.9009688679024191,-0.8660254037844385,-0.5000000000000004,50,Good,12.0,0.0,12.0,12.0,12.0,0.0,12.0,12.0,12.0,0.0,12.0,12.0,17.0,0.0,0,0,0,0
2026-08-21 13:37:41.991849,LONDON_CT3,London City of London - Sir John Cass School,51.514,-0.077,8.0,,,5.0,49.1,,,8.0,-0.2588190451025208,-0.9659258262890683,-0.433883739117558,-0.9009688679024191,-0.8660254037844385,-0.5000000000000004,33,Good,8.88888888888889,0.3333333333333362,8.0,9.0,8.583333333333334,0.7929614610987595,7.0,9.0,8.583333333333334,0.7929614610987595,7.0,9.0,17.0,0.0,0,0,0,0
2026-08-21 13:37:42.201145,LONDON_SK6,London Southwark - A2 Invaliders,51.491,-0.102,7.3,,,,0.001,,,7.3,-0.2588190451025208,-0.9659258262890683,-0.433883739117558,-0.9009688679024191,-0.8660254037844385,-0.5000000000000004,30,Good,7.3,0.0,7.3,7.3,7.25,0.11677484162422852,7.0,7.3,7.25,0.11677484162422852,7.0,7.3,7.3,0.0,0,0,0,0
2026-08-21 13:37:42.585540,LONDON_HF1,London Hammersmith and Fulham,51.49,-0.224,17.0,95.0,,22.9,27.8,,,17.0,-0.2588190451025208,-0.9659258262890683,-0.433883739117558,-0.9009688679024191,-0.8660254037844385,-0.5000000000000004,61,Moderate,17.0,0.0,17.0,17.0,16.0,2.335496832484569,11.0,17.0,16.0,2.335496832484569,11.0,17.0,12.0,0.0,0,0,0,0
2026-08-21 13:37:42.814685,LONDON_HIL,London Hillingdon,51.496,-0.46,8.0,,,,0.015,,,8.0,-0.2588190451025208,-0.9659258262890683,-0.433883739117558,-0.9009688679024191,-0.8660254037844385,-0.5000000000000004,33,Good,8.88888888888889,0.3333333333333362,8.0,9.0,8.583333333333334,0.7929614610987595,7.0,9.0,8.583333333333334,0.7929614610987595,7.0,9.0,3.5,0.0,0,0,0,0
2026-08-21 13:37:43.206919,LONDON_WL1,London Waltham Forest,51.585,-0.012,8.0,28.0,360.0,39.5,,,,8.0,-0.2588190451025208,-0.9659258262890683,-0.433883739117558,-0.9009688679024191,-0.8660254037844385,-0.5000000000000004,33,Good,8.88888888888889,0.3333333333333362,8.0,9.0,8.583333333333334,0.7929614610987595,7.0,9.0,8.583333333333334,0.7929614610987595,7.0,9.0,8.0,0.0,0,0,0,0
2026-08-21 13:37:43.404299,LONDON_BX1,London Bexley - Erith,51.481,0.181,12.0,,,0.0,,,,12.0,-0.2588190451025208,-0.9659258262890683,-0.433883739117558,-0.9009688679024191,-0.8660254037844385,-0.5000000000000004,50,Good,12.0,0.0,12.0,12.0,12.0,0.0,12.0,12.0,12.0,0.0,12.0,12.0,7.0,0.0,0,0,0,0
2026-08-21 13:37:43.780606,LONDON_MY7,London Marylebone Road,51.522,-0.154,12.0,,,,0.022,,,12.0,-0.2588190451025208,-0.9659258262890683,-0.433883739117558,-0.9009688679024191,-0.8660254037844385,-0.5000000000000004,50,Good,12.0,0.0,12.0,12.0,12.0,0.0,12.0,12.0,12.0,0.0,12.0,12.0,9.0,0.0,0,0,0,0
2026-08-21 13:37:44.176697,LONDON_KC1,London N. Kensington,51.521,-0.213,3.5,11.0,1.0305,0.006,0.026,,,3.5,-0.2588190451025208,-0.9659258262890683,-0.433883739117558,-0.9009688679024191,-0.8660254037844385,-0.5000000000000004,15,Good,3.5,0.0,3.5,3.5,3.483333333333333,0.0389249472080762,3.4,3.5,3.483333333333333,0.0389249472080762,3.4,3.5,7.3,0.0,0,0,0,0
2026-08-21 13:37:44.556896,LONDON_TH4,London Tower Hamlets - Mile End Road,51.524,-0.033,15.6,,,,,,,15.6,-0.2588190451025208,-0.9659258262890683,-0.433883739117558,-0.9009688679024191,-0.8660254037844385,-0.5000000000000004,58,Moderate,15.6,0.0,15.6,15.6,15.716666666666667,0.27247463045653275,15.6,16.3,15.716666666666667,0.27247463045653275,15.6,16.3,3.5,0.0,0,0,0,0
2026-08-21 13:37:44.942353,LONDON_GR9,London Greenwich - Westhorne Avenue,51.455,0.03,12.0,10.0,,4.0,50.0,,,12.0,-0.2588190451025208,-0.9659258262890683,-0.433883739117558,-0.9009688679024191,-0.8660254037844385,-0.5000000000000004,50,Good,12.0,0.0,12.0,12.0,12.0,0.0,12.0,12.0,12.0,0.0,12.0,12.0,12.0,0.0,0,0,0,0
2026-08-21 13:46:32.832843,LONDON_CT3,London City of London - Sir John Cass School,51.514,-0.077,8.0,,,5.0,49.1,,,8.0,-0.2588190451025208,-0.9659258262890683,-0.433883739117558,-0.9009688679024191,-0.8660254037844385,-0.5000000000000004,33,Good,8.75,0.4629100498862776,8.0,9.0,8.538461538461538,0.7762500258061851,7.0,9.0,8.538461538461538,0.7762500258061851,7.0,9.0,9.0,0.0,0,0,0,0
2026-08-21 13:46:33.043336,LONDON_SK6,London Southwark - A2 Invaliders,51.491,-0.102,8.7,,,,0.009,,,8.7,-0.2588190451025208,-0.9659258262890683,-0.433883739117558,-0.9009688679024191,-0.8660254037844385,-0.5000000000000004,36,Good,7.475,0.4949747468305831,7.3,8.7,7.361538461538462,0.4174095940808847,7.0,8.7,7.361538461538462,0.4174095940808847,7.0,8.7,12.0,0.0,0,1,0,1
2026-08-21 13:46:33.439294,LONDON_HF1,London Hammersmith and Fulham,51.49,-0.224,8.0,95.0,,22.9,27.8,,,8.0,-0.2588190451025208,-0.9659258262890683,-0.433883739117558,-0.9009688679024191,-0.8660254037844385,-0.5000000000000004,33,Good,15.875,3.1819805153394642,8.0,17.0,15.384615384615385,3.1500915737605033,8.0,17.0,15.384615384615385,3.1500915737605033,8.0,17.0,12.0,0.0,0,0,0,0
2026-08-21 13:46:33.838651,LONDON_HIL,London Hillingdon,51.496,-0.46,8.0,,,,0.015,,,8.0,-0.2588190451025208,-0.9659258262890683,-0.433883739117558,-0.9009688679024191,-0.8660254037844385,-0.5000000000000004,33,Good,8.75,0.4629100498862776,8.0,9.0,8.538461538461538,0.7762500258061851,7.0,9.0,8.538461538461538,0.7762500258061851,7.0,9.0,17.0,0.0,0,0,0,0
2026-08-21 13:46:34.052685,LONDON_WL1,London Waltham Forest,51.585,-0.012,8.0,28.0,360.0,39.5,,,,8.0,-0.2588190451025208,-0.9659258262890683,-0.433883739117558,-0.9009688679024191,-0.8660254037844385,-0.5000000000000004,33,Good,8.75,0.4629100498862776,8.0,9.0,8.538461538461538,0.7762500258061851,7.0,9.0,8.538461538461538,0.7762500258061851,7.0,9.0,8.0,0.0,0,0,0,0
2026-08-21 13:46:34.437626,LONDON_BX1,London Bexley - Erith,51.481,0.181,12.0,,,0.0,,,,12.0,-0.2588190451025208,-0.9659258262890683,-0.433883739117558,-0.9009688679024191,-0.8660254037844385,-0.5000000000000004,50,Good,12.0,0.0,12.0,12.0,12.0,0.0,12.0,12.0,12.0,0.0,12.0,12.0,11.0,0.0,0,0,0,0
2026-08-21 13:46:34.828278,LONDON_MY7,London Marylebone Road,51.522,-0.154,12.0,,,,0.025,,,12.0,-0.2588190451025208,-0.9659258262890683,-0.433883739117558,-0.9009688679024191,-0.8660254037844385,-0.5000000000000004,50,Good,12.0,0.0,12.0,12.0,12.0,0.0,12.0,12.0,12.0,0.0,12.0,12.0,9.0,0.0,0,0,0,0
2026-08-21 13:46:35.219099,LONDON_KC1,London N. Kensington,51.521,-0.213,4.2,16.0,1.0305,0.007,0.022,,,4.2,-0.2588190451025208,-0.9659258262890683,-0.433883739117558,-0.9009688679024191,-0.8660254037844385,-0.5000000000000004,18,Good,3.5875,0.24748737341529173,3.5,4.2,3.5384615384615383,0.2022311447266121,3.4,4.2,3.5384615384615383,0.2022311447266121,3.4,4.2,3.5,0.0,0,1,0,1
2026-08-21 13:46:35.422236,LONDON_TH4,London Tower Hamlets - Mile End Road,51.524,-0.033,15.4,,,,,,,15.4,-0.2588190451025208,-0.9659258262890683,-0.433883739117558,-0.9009688679024191,-0.8660254037844385,-0.5000000000000004,58,Moderate,15.575,0.07071067811864588,15.4,15.6,15.692307692307692,0.27526211284742874,15.4,16.3,15.692307692307692,0.27526211284742874,15.4,16.3,12.0,0.0,0,0,0,0
2026-08-21 13:46:35.811420,LONDON_GR9,London Greenwich - Westhorne Avenue,51.455,0.03,12.0,10.0,,4.0,50.0,,,12.0,-0.2588190451025208,-0.9659258262890683,-0.433883739117558,-0.9009688679024191,-0.8660254037844385,-0.5000000000000004,50,Good,12.0,0.0,12.0,12.0,12.0,0.0,12.0,12.0,12.0,0.0,12.0,12.0,15.6,0.0,0,0,0,0
2026-08-21 13:52:42.105223,LONDON_CT3,London City of London - Sir John Cass School,51.514,-0.077,8.0,,,5.0,49.1,,,8.0,-0.2588190451025208,-0.9659258262890683,-0.433883739117558,-0.9009688679024191,-0.8660254037844385,-0.5000000000000004,33,Good,8.666666666666666,0.5000000000000011,8.0,9.0,8.5,0.7595545253127501,7.0,9.0,8.5,0.7595545253127501,7.0,9.0,12.0,0.0,0,0,0,0
2026-08-21 13:52:42.522310,LONDON_SK6,London Southwark - A2 Invaliders,51.491,-0.102,8.7,,,,0.009,,,8.7,-0.2588190451025208,-0.9659258262890683,-0.433883739117558,-0.9009688679024191,-0.8660254037844385,-0.5000000000000004,36,Good,7.611111111111111,0.6173419725817376,7.3,8.7,7.457142857142856,0.5373929742666984,7.0,8.7,7.457142857142856,0.5373929742666984,7.0,8.7,3.5,0.0,0,0,0,0
2026-08-21 13:52:42.892191,LONDON_HF1,London Hammersmith and Fulham,51.49,-0.224,8.0,95.0,,22.9,27.8,,,8.0,-0.2588190451025208,-0.9659258262890683,-0.433883739117558,-0.9009688679024191,-0.8660254037844385,-0.5000000000000004,33,Good,15.0,3.968626966596886,8.0,17.0,14.857142857142858,3.613162749578969,8.0,17.0,14.857142857142858,3.613162749578969,8.0,17.0,9.0,0.0,0,0,0,0
2026-08-21 13:52:43.090280,LONDON_HIL,London Hillingdon,51.496,-0.46,8.0,,,,0.015,,,8.0,-0.2588190451025208,-0.9659258262890683,-0.433883739117558,-0.9009688679024191,-0.8660254037844385,-0.5000000000000004,33,Good,8.666666666666666,0.5000000000000011,8.0,9.0,8.5,0.7595545253127501,7.0,9.0,8.5,0.7595545253127501,7.0,9.0,3.5,0.0,0,0,0,0
2026-08-21 13:52:43.525482,LONDON_WL1,London Waltham Forest,51.585,-0.012,8.0,28.0,360.0,39.5,,,,8.0,-0.2588190451025208,-0.9659258262890683,-0.433883739117558,-0.9009688679024191,-0.8660254037844385,-0.5000000000000004,33,Good,8.666666666666666,0.5000000000000011,8.0,9.0,8.5,0.7595545253127501,7.0,9.0,8.5,0.7595545253127501,7.0,9.0,8.0,0.0,0,0,0,0
2026-08-21 13:52:43.725021,LONDON_BX1,London Bexley - Erith,51.481,0.181,12.0,,,0.0,,,,12.0,-0.2588190451025208,-0.9659258262890683,-0.433883739117558,-0.9009688679024191,-0.8660254037844385,-0.5000000000000004,50,Good,12.0,0.0,12.0,12.0,12.0,0.0,12.0,12.0,12.0,0.0,12.0,12.0,7.0,0.0,0,0,0,0
2026-08-21 13:52:43.921837,LONDON_MY7,London Marylebone Road,51.522,-0.154,12.0,,,,0.025,,,12.0,-0.2588190451025208,-0.9659258262890683,-0.433883739117558,-0.9009688679024191,-0.8660254037844385,-0.5000000000000004,50,Good,12.0,0.0,12.0,12.0,12.0,0.0,12.0,12.0,12.0,0.0,12.0,12.0,3.5,0.0,0,0,0,0
2026-08-21 13:52:44.303955,LONDON_KC1,London N. Kensington,51.521,-0.213,3.5,11.0,1.0305,0.006,0.026,,,3.5,-0.2588190451025208,-0.9659258262890683,-0.433883739117558,-0.9009688679024191,-0.8660254037844385,-0.5000000000000004,15,Good,3.577777777777778,0.2333333333333334,3.5,4.2,3.5357142857142856,0.19456912102680343,3.4,4.2,3.5357142857142856,0.19456912102680343,3.4,4.2,9.0,0.0,0,0,0,0
2026-08-21 13:52:44.522950,LONDON_TH4,London Tower Hamlets - Mile End Road,51.524,-0.033,15.4,,,,,,,15.4,-0.2588190451025208,-0.9659258262890683,-0.433883739117558,-0.9009688679024191,-0.8660254037844385,-0.5000000000000004,58,Moderate,15.555555555555555,0.08819171036881288,15.4,15.6,15.671428571428573,0.27576068618270416,15.4,16.3,15.671428571428573,0.27576068618270416,15.4,16.3,12.0,0.0,0,0,0,0
2026-08-21 13:52:44.911680,LONDON_GR9,London Greenwich - Westhorne Avenue,51.455,0.03,12.0,10.0,,4.0,50.0,,,12.0,-0.2588190451025208,-0.9659258262890683,-0.433883739117558,-0.9009688679024191,-0.8660254037844385,-0.5000000000000004,50,Good,12.0,0.0,12.0,12.0,12.0,0.0,12.0,12.0,12.0,0.0,12.0,12.0,7.3,0.0,0,0,0,0
2026-08-21 14:01:32.127111,LONDON_CT3,London City of London - Sir John Cass School,51.514,-0.077,8.0,,,5.0,49.1,,,8.0,-0.4999999999999997,-0.8660254037844388,-0.433883739117558,-0.9009688679024191,-0.8660254037844385,-0.5000000000000004,33,Good,8.555555555555555,0.5270462766947303,8.0,9.0,8.466666666666667,0.7432233529572067,7.0,9.0,8.466666666666667,0.7432233529572067,7.0,9.0,15.6,0.0,0,0,0,0
2026-08-21 14:01:32.504399,LONDON_SK6,London Southwark - A2 Invaliders,51.491,-0.102,8.7,,,,0.009,,,8.7,-0.4999999999999997,-0.8660254037844388,-0.433883739117558,-0.9009688679024191,-0.8660254037844385,-0.5000000000000004,36,Good,7.7666666666666675,0.6999999999999998,7.3,8.7,7.54,0.60921495150961,7.0,8.7,7.54,0.60921495150961,7.0,8.7,12.0,0.0,0,0,0,0
2026-08-21 14:01:32.905908,LONDON_HF1,London Hammersmith and Fulham,51.49,-0.224,8.0,24.0,,22.9,27.8,,,8.0,-0.4999999999999997,-0.8660254037844388,-0.433883739117558,-0.9009688679024191,-0.8660254037844385,-0.5000000000000004,33,Good,14.0,4.5,8.0,17.0,14.4,3.906039280030714,8.0,17.0,14.4,3.906039280030714,8.0,17.0,3.5,0.0,0,0,0,0
2026-08-21 14:01:33.283328,LONDON_HIL,London Hillingdon,51.496,-0.46,8.0,,,,0.015,,,8.0,-0.4999999999999997,-0.8660254037844388,-0.433883739117558,-0.9009688679024191,-0.8660254037844385,-0.5000000000000004,33,Good,8.555555555555555,0.5270462766947303,8.0,9.0,8.466666666666667,0.7432233529572067,7.0,9.0,8.466666666666667,0.7432233529572067,7.0,9.0,17.0,0.0,0,0,0,0
2026-08-21 14:01:33.499097,LONDON_WL1,London Waltham Forest,51.585,-0.012,8.0,28.0,360.0,39.5,,,,8.0,-0.4999999999999997,-0.8660254037844388,-0.433883739117558,-0.9009688679024191,-0.8660254037844385,-0.5000000000000004,33,Good,8.555555555555555,0.5270462766947303,8.0,9.0,8.466666666666667,0.7432233529572067,7.0,9.0,8.466666666666667,0.7432233529572067,7.0,9.0,8.0,0.0,0,0,0,0
2026-08-21 14:01:33.692615,LONDON_BX1,London Bexley - Erith,51.481,0.181,12.0,,,0.0,,,,12.0,-0.4999999999999997,-0.8660254037844388,-0.433883739117558,-0.9009688679024191,-0.8660254037844385,-0.5000000000000004,50,Good,12.0,0.0,12.0,12.0,12.0,0.0,12.0,12.0,12.0,0.0,12.0,12.0,7.0,0.0,0,0,0,0
2026-08-21 14:01:34.102872,LONDON_MY7,London Marylebone Road,51.522,-0.154,12.0,,,,0.025,,,12.0,-0.4999999999999997,-0.8660254037844388,-0.433883739117558,-0.9009688679024191,-0.8660254037844385,-0.5000000000000004,50,Good,12.0,0.0,12.0,12.0,12.0,0.0,12.0,12.0,12.0,0.0,12.0,12.0,9.0,0.0,0,0,0,0
2026-08-21 14:01:34.494840,LONDON_KC1,London N. Kensington,51.521,-0.213,4.2,16.0,1.0305,0.007,0.022,,,4.2,-0.4999999999999997,-0.8660254037844388,-0.433883739117558,-0.9009688679024191,-0.8660254037844385,-0.5000000000000004,18,Good,3.6555555555555554,0.30867098629086914,3.5,4.2,3.58,0.25410908793553333,3.4,4.2,3.58,0.25410908793553333,3.4,4.2,12.0,0.0,0,0,0,0
2026-08-21 14:01:34.888530,LONDON_TH4,London Tower Hamlets - Mile End Road,51.524,-0.033,15.4,,,,,,,15.4,-0.4999999999999997,-0.8660254037844388,-0.433883739117558,-0.9009688679024191,-0.8660254037844385,-0.5000000000000004,58,Moderate,15.533333333333335,0.09999999999999339,15.4,15.6,15.653333333333334,0.2748159557300291,15.4,16.3,15.653333333333334,0.2748159557300291,15.4,16.3,8.0,0.0,0,0,0,0
2026-08-21 14:01:35.292030,LONDON_GR9,London Greenwich - Westhorne Avenue,51.455,0.03,12.0,10.0,,4.0,50.0,,,12.0,-0.4999999999999997,-0.8660254037844388,-0.433883739117558,-0.9009688679024191,-0.8660254037844385,-0.5000000000000004,50,Good,12.0,0.0,12.0,12.0,12.0,0.0,12.0,12.0,12.0,0.0,12.0,12.0,9.0,0.0,0,0,0,0
2026-08-21 14:07:41.952078,LONDON_CT3,London City of London - Sir John Cass School,51.514,-0.077,8.0,,,5.0,49.1,,,8.0,-0.4999999999999997,-0.8660254037844388,-0.433883739117558,-0.9009688679024191,-0.8660254037844385,-0.5000000000000004,33,Good,8.375,0.5175491695067647,8.0,9.0,8.4375,0.7274384280931732,7.0,9.0,8.4375,0.7274384280931732,7.0,9.0,9.0,0.0,0,0,0,0
2026-08-21 14:07:42.154344,LONDON_SK6,London Southwark - A2 Invaliders,51.491,-0.102,8.7,,,,0.009,,,8.7,-0.4999999999999997,-0.8660254037844388,-0.433883739117558,-0.9009688679024191,-0.8660254037844385,-0.5000000000000004,36,Good,7.922222222222222,0.7378647873726218,7.3,8.7,7.6125,0.6561249880929695,7.0,8.7,7.6125,0.6561249880929695,7.0,8.7,8.0,0.0,0,0,0,0
2026-08-21 14:07:42.535084,LONDON_HF1,London Hammersmith and Fulham,51.49,-0.224,8.0,24.0,,22.9,27.8,,,8.0,-0.4999999999999997,-0.8660254037844388,-0.433883739117558,-0.9009688679024191,-0.8660254037844385,-0.5000000000000004,33,Good,13.0,4.743416490252569,8.0,17.0,14.0,4.09878030638384,8.0,17.0,14.0,4.09878030638384,8.0,17.0,7.3,0.0,0,0,0,0
2026-08-21 14:07:42.913835,LONDON_HIL,London Hillingdon,51.496,-0.46,8.0,,,,0.015,,,8.0,-0.4999999999999997,-0.8660254037844388,-0.433883739117558,-0.9009688679024191,-0.8660254037844385,-0.5000000000000004,33,Good,8.444444444444445,0.5270462766947295,8.0,9.0,8.4375,0.7274384280931732,7.0,9.0,8.4375,0.7274384280931732,7.0,9.0,3.5,0.0,0,0,0,0
2026-08-21 14:07:43.307044,LONDON_WL1,London Waltham Forest,51.585,-0.012,8.0,28.0,360.0,39.5,,,,8.0,-0.4999999999999997,-0.8660254037844388,-0.433883739117558,-0.9009688679024191,-0.8660254037844385,-0.5000000000000004,33,Good,8.444444444444445,0.5270462766947295,8.0,9.0,8.4375,0.7274384280931732,7.0,9.0,8.4375,0.7274384280931732,7.0,9.0,8.0,0.0,0,0,0,0
2026-08-21 14:07:43.717218,LONDON_BX1,London Bexley - Erith,51.481,0.181,12.0,,,0.0,,,,12.0,-0.4999999999999997,-0.8660254037844388,-0.433883739117558,-0.9009688679024191,-0.8660254037844385,-0.5000000000000004,50,Good,12.0,0.0,12.0,12.0,12.0,0.0,12.0,12.0,12.0,0.0,12.0,12.0,12.0,0.0,0,0,0,0
2026-08-21 14:07:43.921705,LONDON_MY7,London Marylebone Road,51.522,-0.154,12.0,,,,0.025,,,12.0,-0.4999999999999997,-0.8660254037844388,-0.433883739117558,-0.9009688679024191,-0.8660254037844385,-0.5000000000000004,50,Good,12.0,0.0,12.0,12.0,12.0,0.0,12.0,12.0,12.0,0.0,12.0,12.0,7.3,0.0,0,0,0,0
2026-08-21 14:07:44.313381,LONDON_KC1,London N. Kensington,51.521,-0.213,4.2,16.0,1.0305,0.007,0.022,,,4.2,-0.4999999999999997,-0.8660254037844388,-0.433883739117558,-0.9009688679024191,-0.8660254037844385,-0.5000000000000004,18,Good,3.7625,0.36228441865473643,3.5,4.2,3.61875,0.29033027170218867,3.4,4.2,3.61875,0.29033027170218867,3.4,4.2,12.0,0.0,0,0,0,0
2026-08-21 14:07:44.512929,LONDON_TH4,London Tower Hamlets - Mile End Road,51.524,-0.033,15.4,,,,,,,15.4,-0.4999999999999997,-0.8660254037844388,-0.433883739117558,-0.9009688679024191,-0.8660254037844385,-0.5000000000000004,58,Moderate,15.511111111111111,0.10540925533893933,15.4,15.6,15.6375,0.2729468812791232,15.4,16.3,15.6375,0.2729468812791232,15.4,16.3,8.0,0.0,0,0,0,0
2026-08-21 14:07:44.910023,LONDON_GR9,London Greenwich - Westhorne Avenue,51.455,0.03,12.0,10.0,,4.0,50.0,,,12.0,-0.4999999999999997,-0.8660254037844388,-0.433883739117558,-0.9009688679024191,-0.8660254037844385,-0.5000000000000004,50,Good,12.0,0.0,12.0,12.0,12.0,0.0,12.0,12.0,12.0,0.0,12.0,12.0,3.5,0.0,0,0,0,0
2026-08-21 14:16:32.186248,LONDON_CT3,London City of London - Sir John Cass School,51.514,-0.077,8.0,,,5.0,49.1,,,8.0,-0.4999999999999997,-0.8660254037844388,-0.433883739117558,-0.9009688679024191,-0.8660254037844385,-0.5000000000000004,33,Good,8.333333333333334,0.49999999999999883,8.0,9.0,8.411764705882353,0.7122871199007255,7.0,9.0,8.411764705882353,0.7122871199007255,7.0,9.0,17.0,0.0,0,0,0,0
2026-08-21 14:16:32.402043,LONDON_SK6,London Southwark - A2 Invaliders,51.491,-0.102,8.7,,,,0.009,,,8.7,-0.4999999999999997,-0.8660254037844388,-0.433883739117558,-0.9009688679024191,-0.8660254037844385,-0.5000000000000004,36,Good,8.077777777777778,0.7378647873726218,7.3,8.7,7.676470588235294,0.6878675488100029,7.0,8.7,7.676470588235294,0.6878675488100029,7.0,8.7,8.7,0.0,0,0,0,0
2026-08-21 14:16:32.785671,LONDON_HF1,London Hammersmith and Fulham,51.49,-0.224,8.0,24.0,,31.1,27.8,,,8.0,-0.4999999999999997,-0.8660254037844388,-0.433883739117558,-0.9009688679024191,-0.8660254037844385,-0.5000000000000004,33,Good,12.0,4.743416490252569,8.0,17.0,13.647058823529411,4.227013964824759,8.0,17.0,13.647058823529411,4.227013964824759,8.0,17.0,12.0,0.0,0,0,0,0
2026-08-21 14:16:33.167039,LONDON_HIL,London Hillingdon,51.496,-0.46,8.0,,,,0.02,,,8.0,-0.4999999999999997,-0.8660254037844388,-0.433883739117558,-0.9009688679024191,-0.8660254037844385,-0.5000000000000004,33,Good,8.333333333333334,0.4999999999999987,8.0,9.0,8.411764705882353,0.7122871199007255,7.0,9.0,8.411764705882353,0.7122871199007255,7.0,9.0,17.0,0.0,0,0,0,0
2026-08-21 14:16:33.563443,LONDON_WL1,London Waltham Forest,51.585,-0.012,8.0,28.0,360.0,39.5,,,,8.0,-0.4999999999999997,-0.8660254037844388,-0.433883739117558,-0.9009688679024191,-0.8660254037844385,-0.5000000000000004,33,Good,8.333333333333334,0.4999999999999987,8.0,9.0,8.411764705882353,0.7122871199007255,7.0,9.0,8.411764705882353,0.7122871199007255,7.0,9.0,8.0,0.0,0,0,0,0
2026-08-21 14:16:33.771536,LONDON_BX1,London Bexley - Erith,51.481,0.181,12.0,,,0.0,,,,12.0,-0.4999999999999997,-0.8660254037844388,-0.433883739117558,-0.9009688679024191,-0.8660254037844385,-0.5000000000000004,50,Good,12.0,0.0,12.0,12.0,12.0,0.0,12.0,12.0,12.0,0.0,12.0,12.0,12.0,0.0,0,0,0,0
2026-08-21 14:16:33.967073,LONDON_MY7,London Marylebone Road,51.522,-0.154,12.0,,,,0.025,,,12.0,-0.4999999999999997,-0.8660254037844388,-0.433883739117558,-0.9009688679024191,-0.8660254037844385,-0.5000000000000004,50,Good,12.0,0.0,12.0,12.0,12.0,0.0,12.0,12.0,12.0,0.0,12.0,12.0,15.6,0.0,0,0,0,0
2026-08-21 14:16:34.201093,LONDON_KC1,London N. Kensington,51.521,-0.213,4.2,16.0,1.0305,0.007,0.022,,,4.2,-0.4999999999999997,-0.8660254037844388,-0.433883739117558,-0.9009688679024191,-0.8660254037844385,-0.5000000000000004,18,Good,3.811111111111111,0.3689323936863114,3.5,4.2,3.652941176470588,0.3144790276370262,3.4,4.2,3.652941176470588,0.3144790276370262,3.4,4.2,7.3,0.0,0,0,0,0
2026-08-21 14:16:34.602471,LONDON_TH4,London Tower Hamlets - Mile End Road,51.524,-0.033,15.4,,,,,,,15.4,-0.4999999999999997,-0.8660254037844388,-0.433883739117558,-0.9009688679024191,-0.8660254037844385,-0.5000000000000004,58,Moderate,15.488888888888889,0.10540925533893893,15.4,15.6,15.623529411764707,0.27048431508293064,15.4,16.3,15.623529411764707,0.27048431508293064,15.4,16.3,8.0,0.0,0,0,0,0
2026-08-21 14:16:35.010382,LONDON_GR9,London Greenwich - Westhorne Avenue,51.455,0.03,12.0,10.0,,4.0,50.0,,,12.0,-0.4999999999999997,-0.8660254037844388,-0.433883739117558,-0.9009688679024191,-0.8660254037844385,-0.5000000000000004,50,Good,12.0,0.0,12.0,12.0,12.0,0.0,12.0,12.0,12.0,0.0,12.0,12.0,9.0,0.0,0,0,0,0
2026-08-21 14:22:42.449630,LONDON_CT3,London City of London - Sir John Cass School,51.514,-0.077,8.0,,,5.0,49.1,,,8.0,-0.4999999999999997,-0.8660254037844388,-0.433883739117558,-0.9009688679024191,-0.8660254037844385,-0.5000000000000004,33,Good,8.125,0.35355339059326957,8.0,9.0,8.38888888888889,0.6978023391872251,7.0,9.0,8.38888888888889,0.6978023391872251,7.0,9.0,9.0,0.0,0,0,0,0
2026-08-21 14:22:42.837134,LONDON_SK6,London Southwark - A2 Invaliders,51.491,-0.102,8.7,,,,0.009,,,8.7,-0.4999999999999997,-0.8660254037844388,-0.433883739117558,-0.9009688679024191,-0.8660254037844385,-0.5000000000000004,36,Good,8.35,0.6480740698407863,7.3,8.7,7.7333333333333325,0.7095980635294218,7.0,8.7,7.7333333333333325,0.7095980635294218,7.0,8.7,12.0,0.0,0,0,0,0
2026-08-21 14:22:43.236144,LONDON_HF1,London Hammersmith and Fulham,51.49,-0.224,8.0,24.0,,31.1,27.8,,,8.0,-0.4999999999999997,-0.8660254037844388,-0.433883739117558,-0.9009688679024191,-0.8660254037844385,-0.5000000000000004,33,Good,10.25,4.166190448976482,8.0,17.0,13.333333333333334,4.311407576896164,8.0,17.0,13.333333333333334,4.311407576896164,8.0,17.0,12.0,0.0,0,0,0,0
2026-08-21 14:22:43.619561,LONDON_HIL,London Hillingdon,51.496,-0.46,8.0,,,,0.02,,,8.0,-0.4999999999999997,-0.8660254037844388,-0.433883739117558,-0.9009688679024191,-0.8660254037844385,-0.5000000000000004,33,Good,8.125,0.35355339059326935,8.0,9.0,8.38888888888889,0.6978023391872251,7.0,9.0,8.38888888888889,0.6978023391872251,7.0,9.0,3.5,0.0,0,0,0,0
2026-08-21 14:22:43.826809,LONDON_WL1,London Waltham Forest,51.585,-0.012,8.0,28.0,360.0,39.5,,,,8.0,-0.4999999999999997,-0.8660254037844388,-0.433883739117558,-0.9009688679024191,-0.8660254037844385,-0.5000000000000004,33,Good,8.125,0.35355339059326935,8.0,9.0,8.38888888888889,0.6978023391872251,7.0,9.0,8.38888888888889,0.6978023391872251,7.0,9.0,8.0,0.0,0,0,0,0
2026-08-21 14:22:44.219031,LONDON_BX1,London Bexley - Erith,51.481,0.181,12.0,,,0.0,,,,12.0,-0.4999999999999997,-0.8660254037844388,-0.433883739117558,-0.9009688679024191,-0.8660254037844385,-0.5000000000000004,50,Good,12.0,0.0,12.0,12.0,12.0,0.0,12.0,12.0,12.0,0.0,12.0,12.0,3.4,0.0,0,0,0,0
2026-08-21 14:22:44.604832,LONDON_MY7,London Marylebone Road,51.522,-0.154,12.0,,,,0.025,,,12.0,-0.4999999999999997,-0.8660254037844388,-0.433883739117558,-0.9009688679024191,-0.8660254037844385,-0.5000000000000004,50,Good,12.0,0.0,12.0,12.0,12.0,0.0,12.0,12.0,12.0,0.0,12.0,12.0,12.0,0.0,0,0,0,0
2026-08-21 14:22:44.816748,LONDON_KC1,London N. Kensington,51.521,-0.213,4.2,16.0,1.0305,0.007,0.022,,,4.2,-0.4999999999999997,-0.8660254037844388,-0.433883739117558,-0.9009688679024191,-0.8660254037844385,-0.5000000000000004,18,Good,3.9375,0.36228441865473693,3.5,4.2,3.683333333333333,0.33121878321275994,3.4,4.2,3.683333333333333,0.33121878321275994,3.4,4.2,3.5,0.0,0,0,0,0
2026-08-21 14:22:45.194380,LONDON_TH4,London Tower Hamlets - Mile End Road,51.524,-0.033,15.4,,,,,,,15.4,-0.4999999999999997,-0.8660254037844388,-0.433883739117558,-0.9009688679024191,-0.8660254037844385,-0.5000000000000004,58,Moderate,15.450000000000001,0.09258200997724524,15.4,15.6,15.61111111111111,0.2676452632274749,15.4,16.3,15.61111111111111,0.2676452632274749,15.4,16.3,8.7,0.0,0,0,0,0
2026-08-21 14:22:45.394988,LONDON_GR9,London Greenwich - Westhorne Avenue,51.455,0.03,12.0,10.0,,4.0,50.0,,,12.0,-0.4999999999999997,-0.8660254037844388,-0.433883739117558,-0.9009688679024191,-0.8660254037844385,-0.5000000000000004,50,Good,12.0,0.0,12.0,12.0,12.0,0.0,12.0,12.0,12.0,0.0,12.0,12.0,9.0,0.0,0,0,0,0
2026-08-23 13:40:45.625870,LONDON_CT3,London City of London - Sir John Cass School,51.514,-0.077,13.96,49.97,2.47,58.53,43.55,,,13.96,-0.2588190451025208,-0.9659258262890683,-0.7818314824680299,0.6234898018587334,-0.8660254037844385,-0.5000000000000004,55,Moderate,13.96,0.0,13.96,13.96,13.96,0.0,13.96,13.96,13.96,0.0,13.96,13.96,12.0,0.0,0,0,0,0
2026-08-23 13:40:45.653821,LONDON_SK6,London Southwark - A2 Invaliders,51.491,-0.102,31.83,45.02,0.95,20.93,75.19,,,31.83,-0.2588190451025208,-0.9659258262890683,-0.7818314824680299,0.6234898018587334,-0.8660254037844385,-0.5000000000000004,92,Moderate,31.83,0.0,31.83,31.83,31.83,0.0,31.83,31.83,31.83,0.0,31.83,31.83,4.2,0.0,0,0,0,0
2026-08-23 13:40:45.676388,LONDON_HF1,London Hammersmith and Fulham,51.49,-0.224,12.01,16.51,0.57,25.66,71.51,,,12.01,-0.2588190451025208,-0.9659258262890683,-0.7818314824680299,0.6234898018587334,-0.8660254037844385,-0.5000000000000004,500,Hazardous,12.01,0.0,12.01,12.01,12.01,0.0,12.01,12.01,12.01,0.0,12.01,12.01,9.0,0.0,0,0,0,0
2026-08-23 13:40:45.704309,LONDON_HIL,London Hillingdon,51.496,-0.46,22.06,45.25,0.4,17.73,26.45,,,22.06,-0.2588190451025208,-0.9659258262890683,-0.7818314824680299,0.6234898018587334,-0.8660254037844385,-0.5000000000000004,72,Moderate,22.06,0.0,22.06,22.06,22.06,0.0,22.06,22.06,22.06,0.0,22.06,22.06,17.0,0.0,0,0,0,0
2026-08-23 13:40:45.732176,LONDON_WL1,London Waltham Forest,51.585,-0.012,18.43,23.79,0.26,28.23,62.19,,,18.43,-0.2588190451025208,-0.9659258262890683,-0.7818314824680299,0.6234898018587334,-0.8660254037844385,-0.5000000000000004,64,Moderate,18.43,0.0,18.43,18.43,18.43,0.0,18.43,18.43,18.43,0.0,18.43,18.43,18.43,0.0,0,0,0,0
2026-08-23 13:40:45.777069,LONDON_BX1,London Bexley - Erith,51.481,0.181,10.74,11.36,2.47,75.42,21.45,,,10.74,-0.2588190451025208,-0.9659258262890683,-0.7818314824680299,0.6234898018587334,-0.8660254037844385,-0.5000000000000004,45,Good,10.74,0.0,10.74,10.74,10.74,0.0,10.74,10.74,10.74,0.0,10.74,10.74,16.3,0.0,0,0,0,0
2026-08-23 13:40:45.822628,LONDON_MY7,London Marylebone Road,51.522,-0.154,11.85,40.32,0.5,59.09,84.18,,,11.85,-0.2588190451025208,-0.9659258262890683,-0.7818314824680299,0.6234898018587334,-0.8660254037844385,-0.5000000000000004,49,Good,11.85,0.0,11.85,11.85,11.85,0.0,11.85,11.85,11.85,0.0,11.85,11.85,8.0,0.0,0,0,0,0
2026-08-23 13:40:45.869420,LONDON_KC1,London N. Kensington,51.521,-0.213,16.65,23.7,0.69,73.81,40.27,,,16.65,-0.2588190451025208,-0.9659258262890683,-0.7818314824680299,0.6234898018587334,-0.8660254037844385,-0.5000000000000004,61,Moderate,16.65,0.0,16.65,16.65,16.65,0.0,16.65,16.65,16.65,0.0,16.65,16.65,8.0,0.0,0,0,0,0
2026-08-23 13:40:45.905448,LONDON_TH4,London Tower Hamlets - Mile End Road,51.524,-0.033,24.01,22.79,1.32,22.96,44.73,,,24.01,-0.2588190451025208,-0.9659258262890683,-0.7818314824680299,0.6234898018587334,-0.8660254037844385,-0.5000000000000004,76,Moderate,24.01,0.0,24.01,24.01,24.01,0.0,24.01,24.01,24.01,0.0,24.01,24.01,8.0,0.0,0,0,0,0
2026-08-23 13:40:45.950560,LONDON_GR9,London Greenwich - Westhorne Avenue,51.455,0.03,19.59,39.35,2.07,53.55,32.12,,,19.59,-0.2588190451025208,-0.9659258262890683,-0.7818314824680299,0.6234898018587334,-0.8660254037844385,-0.5000000000000004,67,Moderate,19.59,0.0,19.59,19.59,19.59,0.0,19.59,19.59,19.59,0.0,19.59,19.59,12.0,0.0,0,0,0,0
2026-08-23 13:47:09.950802,LONDON_CT3,London City of London - Sir John Cass School,51.514,-0.077,10.96,17.92,1.34,65.81,68.37,,,10.96,-0.2588190451025208,-0.9659258262890683,-0.7818314824680299,0.6234898018587334,-0.8660254037844385,-0.5000000000000004,46,Good,12.46,2.1213203435596424,10.96,13.96,12.46,2.1213203435596424,10.96,13.96,12.46,2.1213203435596424,10.96,13.96,15.6,0.0,0,0,0,0
2026-08-23 13:47:22.529263,LONDON_SK6,London Southwark - A2 Invaliders,51.491,-0.102,21.52,19.59,2.41,44.84,83.63,,,21.52,-0.2588190451025208,-0.9659258262890683,-0.7818314824680299,0.6234898018587334,-0.8660254037844385,-0.5000000000000004,71,Moderate,26.674999999999997,7.290270914033303,21.52,31.83,26.674999999999997,7.290270914033303,21.52,31.83,26.674999999999997,7.290270914033303,21.52,31.83,12.0,0.0,0,0,0,0
2026-08-23 13:47:33.828635,LONDON_HF1,London Hammersmith and Fulham,51.49,-0.224,29.37,42.98,1.18,70.18,31.54,,,29.37,-0.2588190451025208,-0.9659258262890683,-0.7818314824680299,0.6234898018587334,-0.8660254037844385,-0.5000000000000004,87,Moderate,20.69,12.275373721398466,12.01,29.37,20.69,12.275373721398466,12.01,29.37,20.69,12.275373721398466,12.01,29.37,3.5,0.0,0,0,0,0
2026-08-23 13:47:47.432941,LONDON_HIL,London Hillingdon,51.496,-0.46,6.69,42.76,1.07,26.82,33.58,,,6.69,-0.2588190451025208,-0.9659258262890683,-0.7818314824680299,0.6234898018587334,-0.8660254037844385,-0.5000000000000004,28,Good,14.375,10.868231226837233,6.69,22.06,14.375,10.868231226837233,6.69,22.06,14.375,10.868231226837233,6.69,22.06,3.5,0.0,0,0,0,0
2026-08-23 13:47:59.050499,LONDON_WL1,London Waltham Forest,51.585,-0.012,6.98,52.03,1.93,62.27,77.92,,,6.98,-0.2588190451025208,-0.9659258262890683,-0.7818314824680299,0.6234898018587334,-0.8660254037844385,-0.5000000000000004,29,Good,12.705,8.09637264458597,6.98,18.43,12.705,8.09637264458597,6.98,18.43,12.705,8.09637264458597,6.98,18.43,6.98,0.0,0,0,0,0
2026-08-23 13:48:11.054938,LONDON_BX1,London Bexley - Erith,51.481,0.181,5.22,32.47,1.19,65.41,75.5,,,5.22,-0.2588190451025208,-0.9659258262890683,-0.7818314824680299,0.6234898018587334,-0.8660254037844385,-0.5000000000000004,22,Good,7.98,3.9032294321497427,5.22,10.74,7.98,3.9032294321497427,5.22,10.74,7.98,3.9032294321497427,5.22,10.74,12.0,0.0,0,0,0,0
2026-08-23 13:48:22.473355,LONDON_MY7,London Marylebone Road,51.522,-0.154,25.37,23.38,0.8,26.11,36.23,,,25.37,-0.2588190451025208,-0.9659258262890683,-0.7818314824680299,0.6234898018587334,-0.8660254037844385,-0.5000000000000004,79,Moderate,18.61,9.560083681642125,11.85,25.37,18.61,9.560083681642125,11.85,25.37,18.61,9.560083681642125,11.85,25.37,12.0,0.0,0,0,0,0
2026-08-23 13:48:34.108991,LONDON_KC1,London N. Kensington,51.521,-0.213,14.28,29.21,2.44,31.32,72.39,,,14.28,-0.2588190451025208,-0.9659258262890683,-0.7818314824680299,0.6234898018587334,-0.8660254037844385,-0.5000000000000004,56,Moderate,15.465,1.6758430714121177,14.28,16.65,15.465,1.6758430714121177,14.28,16.65,15.465,1.6758430714121177,14.28,16.65,12.0,0.0,0,0,0,0
2026-08-23 13:48:54.569480,LONDON_TH4,London Tower Hamlets - Mile End Road,51.524,-0.033,26.95,11.33,1.22,27.7,63.3,,,26.95,-0.2588190451025208,-0.9659258262890683,-0.7818314824680299,0.6234898018587334,-0.8660254037844385,-0.5000000000000004,82,Moderate,25.48,2.078893936688448,24.01,26.95,25.48,2.078893936688448,24.01,26.95,25.48,2.078893936688448,24.01,26.95,12.0,0.0,0,0,0,0
2026-08-23 13:48:55.936421,LONDON_GR9,London Greenwich - Westhorne Avenue,51.455,0.03,21.16,41.71,1.01,55.73,81.25,,,21.16,-0.2588190451025208,-0.9659258262890683,-0.7818314824680299,0.6234898018587334,-0.8660254037844385,-0.5000000000000004,70,Moderate,20.375,1.1101576464628797,19.59,21.16,20.375,1.1101576464628797,19.59,21.16,20.375,1.1101576464628797,19.59,21.16,12.0,0.0,0,0,0,0
2026-08-23 13:55:45.619179,LONDON_CT3,London City of London - Sir John Cass School,51.514,-0.077,13.1,33.96,2.08,65.54,56.02,,,13.1,-0.2588190451025208,-0.9659258262890683,-0.7818314824680299,0.6234898018587334,-0.8660254037844385,-0.5000000000000004,53,Moderate,12.673333333333334,1.5448408763796138,10.96,13.96,12.673333333333334,1.5448408763796138,10.96,13.96,12.673333333333334,1.5448408763796138,10.96,13.96,9.0,0.0,0,0,0,0
2026-08-23 13:55:45.634928,LONDON_SK6,London Southwark - A2 Invaliders,51.491,-0.102,15.4,43.98,1.05,73.43,37.7,,,15.4,-0.2588190451025208,-0.9659258262890683,-0.7818314824680299,0.6234898018587334,-0.8660254037844385,-0.5000000000000004,58,Moderate,22.916666666666668,8.303567506399482,15.4,31.83,22.916666666666668,8.303567506399482,15.4,31.83,22.916666666666668,8.303567506399482,15.4,31.83,8.0,0.0,0,0,0,0
2026-08-23 13:55:45.664012,LONDON_HF1,London Hammersmith and Fulham,51.49,-0.224,32.9,16.22,1.12,27.97,78.16,,,32.9,-0.2588190451025208,-0.9659258262890683,-0.7818314824680299,0.6234898018587334,-0.8660254037844385,-0.5000000000000004,95,Moderate,24.76,11.181998926846667,12.01,32.9,24.76,11.181998926846667,12.01,32.9,24.76,11.181998926846667,12.01,32.9,7.3,0.0,0,0,0,0
2026-08-23 13:55:45.697255,LONDON_HIL,London Hillingdon,51.496,-0.46,15.39,44.93,2.18,19.71,68.39,,,15.39,-0.2588190451025208,-0.9659258262890683,-0.7818314824680299,0.6234898018587334,-0.8660254037844385,-0.5000000000000004,58,Moderate,14.713333333333333,7.707310382574022,6.69,22.06,14.713333333333333,7.707310382574022,6.69,22.06,14.713333333333333,7.707310382574022,6.69,22.06,17.0,0.0,0,0,0,0
2026-08-23 13:55:45.719968,LONDON_WL1,London Waltham Forest,51.585,-0.012,15.35,20.82,1.13,26.33,31.05,,,15.35,-0.2588190451025208,-0.9659258262890683,-0.7818314824680299,0.6234898018587334,-0.8660254037844385,-0.5000000000000004,58,Moderate,13.586666666666666,5.925169477182347,6.98,18.43,13.586666666666666,5.925169477182347,6.98,18.43,13.586666666666666,5.925169477182347,6.98,18.43,15.35,0.0,0,0,0,0
2026-08-23 13:55:45.742444,LONDON_BX1,London Bexley - Erith,51.481,0.181,32.91,22.8,1.96,77.97,82.67,,,32.91,-0.2588190451025208,-0.9659258262890683,-0.7818314824680299,0.6234898018587334,-0.8660254037844385,-0.5000000000000004,95,Moderate,16.29,14.655575730758581,5.22,32.91,16.29,14.655575730758581,5.22,32.91,16.29,14.655575730758581,5.22,32.91,9.0,0.0,0,0,0,0
2026-08-23 13:55:45.801345,LONDON_MY7,London Marylebone Road,51.522,-0.154,22.66,26.91,2.22,79.57,46.76,,,22.66,-0.2588190451025208,-0.9659258262890683,-0.7818314824680299,0.6234898018587334,-0.8660254037844385,-0.5000000000000004,73,Moderate,19.96,7.152978400638437,11.85,25.37,19.96,7.152978400638437,11.85,25.37,19.96,7.152978400638437,11.85,25.37,12.0,0.0,0,0,0,0
2026-08-23 13:55:45.853232,LONDON_KC1,London N. Kensington,51.521,-0.213,25.03,31.17,0.62,44.85,57.31,,,25.03,-0.2588190451025208,-0.9659258262890683,-0.7818314824680299,0.6234898018587334,-0.8660254037844385,-0.5000000000000004,78,Moderate,18.653333333333332,5.648064565258912,14.28,25.03,18.653333333333332,5.648064565258912,14.28,25.03,18.653333333333332,5.648064565258912,14.28,25.03,12.0,0.0,0,0,0,0
2026-08-23 13:55:45.908822,LONDON_TH4,London Tower Hamlets - Mile End Road,51.524,-0.033,13.24,33.43,1.37,69.8,64.7,,,13.24,-0.2588190451025208,-0.9659258262890683,-0.7818314824680299,0.6234898018587334,-0.8660254037844385,-0.5000000000000004,53,Moderate,21.400000000000002,7.218039900139095,13.24,26.95,21.400000000000002,7.218039900139095,13.24,26.95,21.400000000000002,7.218039900139095,13.24,26.95,24.01,0.0,0,0,0,0
2026-08-23 13:55:45.933484,LONDON_GR9,London Greenwich - Westhorne Avenue,51.455,0.03,8.66,18.14,2.01,52.61,43.52,,,8.66,-0.2588190451025208,-0.9659258262890683,-0.7818314824680299,0.6234898018587334,-0.8660254037844385,-0.5000000000000004,36,Good,16.47,6.809060140724268,8.66,21.16,16.47,6.809060140724268,8.66,21.16,16.47,6.809060140724268,8.66,21.16,17.0,0.0,0,0,0,0
2026-08-23 14:01:55.419380,LONDON_CT3,London City of London - Sir John Cass School,51.514,-0.077,27.55,42.46,1.01,32.98,44.69,,,27.55,-0.4999999999999997,-0.8660254037844388,-0.7818314824680299,0.6234898018587334,-0.8660254037844385,-0.5000000000000004,83,Moderate,16.3925,7.544522847735302,10.96,27.55,16.3925,7.544522847735302,10.96,27.55,16.3925,7.544522847735302,10.96,27.55,17.0,0.0,0,0,0,0
2026-08-23 14:01:55.447596,LONDON_SK6,London Southwark - A2 Invaliders,51.491,-0.102,10.96,14.9,1.77,17.53,40.38,,,10.96,-0.4999999999999997,-0.8660254037844388,-0.7818314824680299,0.6234898018587334,-0.8660254037844385,-0.5000000000000004,46,Good,19.9275,9.039171698778597,10.96,31.83,19.9275,9.039171698778597,10.96,31.83,19.9275,9.039171698778597,10.96,31.83,8.7,0.0,0,0,0,0
2026-08-23 14:01:55.463020,LONDON_HF1,London Hammersmith and Fulham,51.49,-0.224,30.29,13.38,0.45,69.96,79.34,,,30.29,-0.4999999999999997,-0.8660254037844388,-0.7818314824680299,0.6234898018587334,-0.8660254037844385,-0.5000000000000004,89,Moderate,26.1425,9.539564542821998,12.01,32.9,26.1425,9.539564542821998,12.01,32.9,26.1425,9.539564542821998,12.01,32.9,12.0,0.0,0,0,0,0
2026-08-23 14:01:55.482373,LONDON_HIL,London Hillingdon,51.496,-0.46,23.76,14.12,2.32,54.31,58.88,,,23.76,-0.4999999999999997,-0.8660254037844388,-0.7818314824680299,0.6234898018587334,-0.8660254037844385,-0.5000000000000004,76,Moderate,16.975,7.749987096763451,6.69,23.76,16.975,7.749987096763451,6.69,23.76,16.975,7.749987096763451,6.69,23.76,3.5,0.0,0,0,0,0
2026-08-23 14:01:55.500479,LONDON_WL1,London Waltham Forest,51.585,-0.012,25.02,36.19,1.43,70.78,78.94,,,25.02,-0.4999999999999997,-0.8660254037844388,-0.7818314824680299,0.6234898018587334,-0.8660254037844385,-0.5000000000000004,78,Moderate,16.445,7.48901640181584,6.98,25.02,16.445,7.48901640181584,6.98,25.02,16.445,7.48901640181584,6.98,25.02,25.02,0.0,0,0,0,0
2026-08-23 14:01:55.518520,LONDON_BX1,London Bexley - Erith,51.481,0.181,24.96,26.44,1.2,78.55,25.26,,,24.96,-0.4999999999999997,-0.8660254037844388,-0.7818314824680299,0.6234898018587334,-0.8660254037844385,-0.5000000000000004,78,Moderate,18.4575,12.727247345753911,5.22,32.91,18.4575,12.727247345753911,5.22,32.91,18.4575,12.727247345753911,5.22,32.91,7.3,0.0,0,0,0,0
2026-08-23 14:01:55.532843,LONDON_MY7,London Marylebone Road,51.522,-0.154,21.57,17.82,0.86,48.95,79.09,,,21.57,-0.4999999999999997,-0.8660254037844388,-0.7818314824680299,0.6234898018587334,-0.8660254037844385,-0.5000000000000004,71,Moderate,20.3625,5.89559934753598,11.85,25.37,20.3625,5.89559934753598,11.85,25.37,20.3625,5.89559934753598,11.85,25.37,8.0,0.0,0,0,0,0
2026-08-23 14:01:55.549893,LONDON_KC1,London N. Kensington,51.521,-0.213,14.88,54.09,1.54,37.41,35.08,,,14.88,-0.4999999999999997,-0.8660254037844388,-0.7818314824680299,0.6234898018587334,-0.8660254037844385,-0.5000000000000004,57,Moderate,17.71,4.982629827711468,14.28,25.03,17.71,4.982629827711468,14.28,25.03,17.71,4.982629827711468,14.28,25.03,8.7,0.0,0,0,0,0
2026-08-23 14:01:55.579740,LONDON_TH4,London Tower Hamlets - Mile End Road,51.524,-0.033,13.82,26.13,0.48,19.62,72.93,,,13.82,-0.4999999999999997,-0.8660254037844388,-0.7818314824680299,0.6234898018587334,-0.8660254037844385,-0.5000000000000004,55,Moderate,19.505,7.006960824779884,13.24,26.95,19.505,7.006960824779884,13.24,26.95,19.505,7.006960824779884,13.24,26.95,14.28,0.0,0,0,0,0
2026-08-23 14:01:55.598111,LONDON_GR9,London Greenwich - Westhorne Avenue,51.455,0.03,27.85,46.63,0.37,79.95,33.49,,,27.85,-0.4999999999999997,-0.8660254037844388,-0.7818314824680299,0.6234898018587334,-0.8660254037844385,-0.5000000000000004,84,Moderate,19.315,7.95518489204787,8.66,27.85,19.315,7.95518489204787,8.66,27.85,19.315,7.95518489204787,8.66,27.85,12.0,0.0,0,0,0,0
2026-08-23 14:10:48.757085,LONDON_CT3,London City of London - Sir John Cass School,51.514,-0.077,9.7,,,5.0,49.1,,,9.7,-0.4999999999999997,-0.8660254037844388,-0.7818314824680299,0.6234898018587334,-0.8660254037844385,-0.5000000000000004,40,Good,15.053999999999998,7.186638991907135,9.7,27.55,15.053999999999998,7.186638991907135,9.7,27.55,15.053999999999998,7.186638991907135,9.7,27.55,9.0,0.0,0,0,0,0
2026-08-23 14:10:49.121053,LONDON_SK6,London Southwark - A2 Invaliders,51.491,-0.102,9.7,,,,0.01,,,9.7,-0.4999999999999997,-0.8660254037844388,-0.7818314824680299,0.6234898018587334,-0.8660254037844385,-0.5000000000000004,40,Good,17.881999999999998,9.066439212833226,9.7,31.83,17.881999999999998,9.066439212833226,9.7,31.83,17.881999999999998,9.066439212833226,9.7,31.83,12.0,0.0,0,0,0,0
2026-08-23 14:10:49.558229,LONDON_HF1,London Hammersmith and Fulham,51.49,-0.224,7.0,16.0,,48.4,27.8,,,7.0,-0.4999999999999997,-0.8660254037844388,-0.7818314824680299,0.6234898018587334,-0.8660254037844385,-0.5000000000000004,29,Good,22.314,11.897038707174152,7.0,32.9,22.314,11.897038707174152,7.0,32.9,22.314,11.897038707174152,7.0,32.9,12.0,0.0,0,0,0,0
2026-08-23 14:10:49.804719,LONDON_HIL,London Hillingdon,51.496,-0.46,11.0,,,,0.004,,,11.0,-0.4999999999999997,-0.8660254037844388,-0.7818314824680299,0.6234898018587334,-0.8660254037844385,-0.5000000000000004,46,Good,15.780000000000001,7.224046649904747,6.69,23.76,15.780000000000001,7.224046649904747,6.69,23.76,15.780000000000001,7.224046649904747,6.69,23.76,17.0,0.0,0,0,0,0
2026-08-23 14:10:50.271464,LONDON_WL1,London Waltham Forest,51.585,-0.012,9.7,28.0,360.0,39.5,,,,9.7,-0.4999999999999997,-0.8660254037844388,-0.7818314824680299,0.6234898018587334,-0.8660254037844385,-0.5000000000000004,40,Good,15.096,7.15283370420423,6.98,25.02,15.096,7.15283370420423,6.98,25.02,15.096,7.15283370420423,6.98,25.02,9.7,0.0,0,0,0,0
2026-08-23 14:10:50.751785,LONDON_BX1,London Bexley - Erith,51.481,0.181,12.0,,,0.0,,,,12.0,-0.4999999999999997,-0.8660254037844388,-0.7818314824680299,0.6234898018587334,-0.8660254037844385,-0.5000000000000004,50,Good,17.166,11.394164295813887,5.22,32.91,17.166,11.394164295813887,5.22,32.91,17.166,11.394164295813887,5.22,32.91,17.0,0.0,0,0,0,0
2026-08-23 14:10:51.270751,LONDON_MY7,London Marylebone Road,51.522,-0.154,12.0,,,,0.016,,,12.0,-0.4999999999999997,-0.8660254037844388,-0.7818314824680299,0.6234898018587334,-0.8660254037844385,-0.5000000000000004,50,Good,18.69,6.328890108067924,11.85,25.37,18.69,6.328890108067924,11.85,25.37,18.69,6.328890108067924,11.85,25.37,8.0,0.0,0,0,0,0
2026-08-23 14:10:51.715597,LONDON_KC1,London N. Kensington,51.521,-0.213,3.5,13.0,1.0305,0.005,0.019,,,3.5,-0.4999999999999997,-0.8660254037844388,-0.7818314824680299,0.6234898018587334,-0.8660254037844385,-0.5000000000000004,15,Good,14.868,7.681456242145757,3.5,25.03,14.868,7.681456242145757,3.5,25.03,14.868,7.681456242145757,3.5,25.03,3.5,0.0,0,0,0,0
2026-08-23 14:10:52.090730,LONDON_TH4,London Tower Hamlets - Mile End Road,51.524,-0.033,13.4,,,,,,,13.4,-0.4999999999999997,-0.8660254037844388,-0.7818314824680299,0.6234898018587334,-0.8660254037844385,-0.5000000000000004,54,Moderate,18.284,6.654121279327571,13.24,26.95,18.284,6.654121279327571,13.24,26.95,18.284,6.654121279327571,13.24,26.95,22.66,0.0,0,0,0,0
2026-08-23 14:10:52.584803,LONDON_GR9,London Greenwich - Westhorne Avenue,51.455,0.03,12.0,1.0,,12.0,10.0,,,12.0,-0.4999999999999997,-0.8660254037844388,-0.7818314824680299,0.6234898018587334,-0.8660254037844385,-0.5000000000000004,50,Good,17.852,7.626635562290885,8.66,27.85,17.852,7.626635562290885,8.66,27.85,17.852,7.626635562290885,8.66,27.85,15.6,0.0,0,0,0,0
2026-08-23 14:16:57.604826,LONDON_CT3,London City of London - Sir John Cass School,51.514,-0.077,9.7,,,5.0,49.1,,,9.7,-0.4999999999999997,-0.8660254037844388,-0.7818314824680299,0.6234898018587334,-0.8660254037844385,-0.5000000000000004,40,Good,14.161666666666667,6.78938706119092,9.7,27.55,14.161666666666667,6.78938706119092,9.7,27.55,14.161666666666667,6.78938706119092,9.7,27.55,12.0,0.0,0,0,0,0
2026-08-23 14:16:58.066869,LONDON_SK6,London Southwark - A2 Invaliders,51.491,-0.102,9.7,,,,0.01,,,9.7,-0.4999999999999997,-0.8660254037844388,-0.7818314824680299,0.6234898018587334,-0.8660254037844385,-0.5000000000000004,40,Good,16.518333333333334,8.770278026759849,9.7,31.83,16.518333333333334,8.770278026759849,9.7,31.83,16.518333333333334,8.770278026759849,9.7,31.83,16.65,0.0,0,0,0,0
2026-08-23 14:16:58.682132,LONDON_HF1,London Hammersmith and Fulham,51.49,-0.224,7.0,16.0,,53.4,27.8,,,7.0,-0.4999999999999997,-0.8660254037844388,-0.7818314824680299,0.6234898018587334,-0.8660254037844385,-0.5000000000000004,29,Good,19.761666666666667,12.341720166438172,7.0,32.9,19.761666666666667,12.341720166438172,7.0,32.9,19.761666666666667,12.341720166438172,7.0,32.9,9.0,0.0,0,0,0,0
2026-08-23 14:16:59.197745,LONDON_HIL,London Hillingdon,51.496,-0.46,11.0,,,,0.004,,,11.0,-0.4999999999999997,-0.8660254037844388,-0.7818314824680299,0.6234898018587334,-0.8660254037844385,-0.5000000000000004,46,Good,14.983333333333334,6.749633076446946,6.69,23.76,14.983333333333334,6.749633076446946,6.69,23.76,14.983333333333334,6.749633076446946,6.69,23.76,3.5,0.0,0,0,0,0
2026-08-23 14:16:59.664420,LONDON_WL1,London Waltham Forest,51.585,-0.012,9.7,28.0,360.0,39.5,,,,9.7,-0.4999999999999997,-0.8660254037844388,-0.7818314824680299,0.6234898018587334,-0.8660254037844385,-0.5000000000000004,40,Good,14.196666666666667,6.7663303693114685,6.98,25.02,14.196666666666667,6.7663303693114685,6.98,25.02,14.196666666666667,6.7663303693114685,6.98,25.02,9.7,0.0,0,0,0,0
2026-08-23 14:17:00.120108,LONDON_BX1,London Bexley - Erith,51.481,0.181,12.0,,,0.0,,,,12.0,-0.4999999999999997,-0.8660254037844388,-0.7818314824680299,0.6234898018587334,-0.8660254037844385,-0.5000000000000004,50,Good,16.305,10.407185498490934,5.22,32.91,16.305,10.407185498490934,5.22,32.91,16.305,10.407185498490934,5.22,32.91,9.0,0.0,0,0,0,0
2026-08-23 14:17:00.421935,LONDON_MY7,London Marylebone Road,51.522,-0.154,12.0,,,,0.016,,,12.0,-0.4999999999999997,-0.8660254037844388,-0.7818314824680299,0.6234898018587334,-0.8660254037844385,-0.5000000000000004,50,Good,17.575,6.285159504738127,11.85,25.37,17.575,6.285159504738127,11.85,25.37,17.575,6.285159504738127,11.85,25.37,4.2,0.0,0,0,0,0
2026-08-23 14:17:00.642606,LONDON_KC1,London N. Kensington,51.521,-0.213,3.5,13.0,1.0305,0.005,0.019,,,3.5,-0.4999999999999997,-0.8660254037844388,-0.7818314824680299,0.6234898018587334,-0.8660254037844385,-0.5000000000000004,15,Good,12.973333333333334,8.291102861903637,3.5,25.03,12.973333333333334,8.291102861903637,3.5,25.03,12.973333333333334,8.291102861903637,3.5,25.03,8.0,0.0,0,0,0,0
2026-08-23 14:17:00.870816,LONDON_TH4,London Tower Hamlets - Mile End Road,51.524,-0.033,13.4,,,,,,,13.4,-0.4999999999999997,-0.8660254037844388,-0.7818314824680299,0.6234898018587334,-0.8660254037844385,-0.5000000000000004,54,Moderate,17.470000000000002,6.276738006321435,13.24,26.95,17.470000000000002,6.276738006321435,13.24,26.95,17.470000000000002,6.276738006321435,13.24,26.95,24.96,0.0,0,0,0,0
2026-08-23 14:17:01.311646,LONDON_GR9,London Greenwich - Westhorne Avenue,51.455,0.03,12.0,1.0,,12.0,10.0,,,12.0,-0.4999999999999997,-0.8660254037844388,-0.7818314824680299,0.6234898018587334,-0.8660254037844385,-0.5000000000000004,50,Good,16.87666666666667,7.227731778827066,8.66,27.85,16.87666666666667,7.227731778827066,8.66,27.85,16.87666666666667,7.227731778827066,8.66,27.85,7.3,0.0,0,0,0,0
2026-08-23 14:25:47.370022,LONDON_CT3,London City of London - Sir John Cass School,51.514,-0.077,9.7,,,5.0,49.1,,,9.7,-0.4999999999999997,-0.8660254037844388,-0.7818314824680299,0.6234898018587334,-0.8660254037844385,-0.5000000000000004,40,Good,13.524285714285714,6.423155655238987,9.7,27.55,13.524285714285714,6.423155655238987,9.7,27.55,13.524285714285714,6.423155655238987,9.7,27.55,15.6,0.0,0,0,0,0
2026-08-23 14:25:47.883919,LONDON_SK6,London Southwark - A2 Invaliders,51.491,-0.102,9.7,,,,0.01,,,9.7,-0.4999999999999997,-0.8660254037844388,-0.7818314824680299,0.6234898018587334,-0.8660254037844385,-0.5000000000000004,40,Good,15.544285714285715,8.41067943577857,9.7,31.83,15.544285714285715,8.41067943577857,9.7,31.83,15.544285714285715,8.41067943577857,9.7,31.83,5.22,0.0,0,0,0,0
2026-08-23 14:25:48.349632,LONDON_HF1,London Hammersmith and Fulham,51.49,-0.224,7.0,16.0,,53.4,27.8,,,7.0,-0.4999999999999997,-0.8660254037844388,-0.7818314824680299,0.6234898018587334,-0.8660254037844385,-0.5000000000000004,29,Good,17.93857142857143,12.25550682832202,7.0,32.9,17.93857142857143,12.25550682832202,7.0,32.9,17.93857142857143,12.25550682832202,7.0,32.9,3.5,0.0,0,0,0,0
2026-08-23 14:25:48.805196,LONDON_HIL,London Hillingdon,51.496,-0.46,11.0,,,,0.004,,,11.0,-0.4999999999999997,-0.8660254037844388,-0.7818314824680299,0.6234898018587334,-0.8660254037844385,-0.5000000000000004,46,Good,14.414285714285715,6.342817084815592,6.69,23.76,14.414285714285715,6.342817084815592,6.69,23.76,14.414285714285715,6.342817084815592,6.69,23.76,8.0,0.0,0,0,0,0
2026-08-23 14:25:49.313510,LONDON_WL1,London Waltham Forest,51.585,-0.012,9.7,28.0,360.0,39.5,,,,9.7,-0.4999999999999997,-0.8660254037844388,-0.7818314824680299,0.6234898018587334,-0.8660254037844385,-0.5000000000000004,40,Good,13.554285714285713,6.406345440636331,6.98,25.02,13.554285714285713,6.406345440636331,6.98,25.02,13.554285714285713,6.406345440636331,6.98,25.02,9.7,0.0,0,0,0,0
2026-08-23 14:25:49.529194,LONDON_BX1,London Bexley - Erith,51.481,0.181,12.0,,,0.0,,,,12.0,-0.4999999999999997,-0.8660254037844388,-0.7818314824680299,0.6234898018587334,-0.8660254037844385,-0.5000000000000004,50,Good,15.69,9.638749918946958,5.22,32.91,15.69,9.638749918946958,5.22,32.91,15.69,9.638749918946958,5.22,32.91,9.0,0.0,0,0,0,0
2026-08-23 14:25:49.828064,LONDON_MY7,London Marylebone Road,51.522,-0.154,12.0,,,,0.016,,,12.0,-0.4999999999999997,-0.8660254037844388,-0.7818314824680299,0.6234898018587334,-0.8660254037844385,-0.5000000000000004,50,Good,16.77857142857143,6.112237529665191,11.85,25.37,16.77857142857143,6.112237529665191,11.85,25.37,16.77857142857143,6.112237529665191,11.85,25.37,8.0,0.0,0,0,0,0
2026-08-23 14:25:50.442911,LONDON_KC1,London N. Kensington,51.521,-0.213,3.5,13.0,1.0305,0.005,0.019,,,3.5,-0.4999999999999997,-0.8660254037844388,-0.7818314824680299,0.6234898018587334,-0.8660254037844385,-0.5000000000000004,15,Good,11.620000000000001,8.3729266090179,3.5,25.03,11.620000000000001,8.3729266090179,3.5,25.03,11.620000000000001,8.3729266090179,3.5,25.03,12.0,0.0,0,0,0,0
2026-08-23 14:25:50.749995,LONDON_TH4,London Tower Hamlets - Mile End Road,51.524,-0.033,13.4,,,,,,,13.4,-0.4999999999999997,-0.8660254037844388,-0.7818314824680299,0.6234898018587334,-0.8660254037844385,-0.5000000000000004,54,Moderate,16.888571428571428,5.932757730239309,13.24,26.95,16.888571428571428,5.932757730239309,13.24,26.95,16.888571428571428,5.932757730239309,13.24,26.95,9.7,0.0,0,0,0,0
2026-08-23 14:25:51.364458,LONDON_GR9,London Greenwich - Westhorne Avenue,51.455,0.03,12.0,1.0,,12.0,10.0,,,12.0,-0.4999999999999997,-0.8660254037844388,-0.7818314824680299,0.6234898018587334,-0.8660254037844385,-0.5000000000000004,50,Good,16.18,6.850608245501514,8.66,27.85,16.18,6.850608245501514,8.66,27.85,16.18,6.850608245501514,8.66,27.85,9.0,0.0,0,0,0,0
2026-08-23 14:31:57.886287,LONDON_CT3,London City of London - Sir John Cass School,51.514,-0.077,10.0,,,5.0,49.1,,,10.0,-0.4999999999999997,-0.8660254037844388,-0.7818314824680299,0.6234898018587334,-0.8660254037844385,-0.5000000000000004,42,Good,13.08375,6.075825487712997,9.7,27.55,13.08375,6.075825487712997,9.7,27.55,13.08375,6.075825487712997,9.7,27.55,9.0,0.0,0,0,0,0
2026-08-23 14:31:58.361263,LONDON_SK6,London Southwark - A2 Invaliders,51.491,-0.102,10.0,,,,0.014,,,10.0,-0.4999999999999997,-0.8660254037844388,-0.7818314824680299,0.6234898018587334,-0.8660254037844385,-0.5000000000000004,42,Good,14.85125,8.029711678687915,9.7,31.83,14.85125,8.029711678687915,9.7,31.83,14.85125,8.029711678687915,9.7,31.83,15.39,0.0,0,0,0,0
2026-08-23 14:31:58.801081,LONDON_HF1,London Hammersmith and Fulham,51.49,-0.224,9.0,16.0,,53.4,27.8,,,9.0,-0.4999999999999997,-0.8660254037844388,-0.7818314824680299,0.6234898018587334,-0.8660254037844385,-0.5000000000000004,38,Good,16.82125,11.778281996357292,7.0,32.9,16.82125,11.778281996357292,7.0,32.9,16.82125,11.778281996357292,7.0,32.9,7.3,0.0,0,0,0,0
2026-08-23 14:31:59.033834,LONDON_HIL,London Hillingdon,51.496,-0.46,10.0,,,,0.007,,,10.0,-0.4999999999999997,-0.8660254037844388,-0.7818314824680299,0.6234898018587334,-0.8660254037844385,-0.5000000000000004,42,Good,13.8625,6.076161264670788,6.69,23.76,13.8625,6.076161264670788,6.69,23.76,13.8625,6.076161264670788,6.69,23.76,4.2,0.0,0,0,0,0
2026-08-23 14:31:59.449775,LONDON_WL1,London Waltham Forest,51.585,-0.012,10.0,28.0,360.0,39.5,,,,10.0,-0.4999999999999997,-0.8660254037844388,-0.7818314824680299,0.6234898018587334,-0.8660254037844385,-0.5000000000000004,42,Good,13.11,6.06278342489181,6.98,25.02,13.11,6.06278342489181,6.98,25.02,13.11,6.06278342489181,6.98,25.02,10.0,0.0,0,0,0,0
2026-08-23 14:31:59.898489,LONDON_BX1,London Bexley - Erith,51.481,0.181,8.5,,,0.0,,,,8.5,-0.4999999999999997,-0.8660254037844388,-0.7818314824680299,0.6234898018587334,-0.8660254037844385,-0.5000000000000004,35,Good,14.79125,9.278755208231635,5.22,32.91,14.79125,9.278755208231635,5.22,32.91,14.79125,9.278755208231635,5.22,32.91,12.0,0.0,0,0,0,0
2026-08-23 14:32:00.136514,LONDON_MY7,London Marylebone Road,51.522,-0.154,8.5,,,,0.023,,,8.5,-0.4999999999999997,-0.8660254037844388,-0.7818314824680299,0.6234898018587334,-0.8660254037844385,-0.5000000000000004,35,Good,15.74375,6.370967492125063,8.5,25.37,15.74375,6.370967492125063,8.5,25.37,15.74375,6.370967492125063,8.5,25.37,31.83,0.0,0,0,0,0
2026-08-23 14:32:00.555487,LONDON_KC1,London N. Kensington,51.521,-0.213,3.5,16.0,1.0305,0.006,0.019,,,3.5,-0.4999999999999997,-0.8660254037844388,-0.7818314824680299,0.6234898018587334,-0.8660254037844385,-0.5000000000000004,15,Good,10.605,8.26635176051512,3.5,25.03,10.605,8.26635176051512,3.5,25.03,10.605,8.26635176051512,3.5,25.03,12.0,0.0,0,0,0,0
2026-08-23 14:32:01.028354,LONDON_TH4,London Tower Hamlets - Mile End Road,51.524,-0.033,8.5,,,,,,,8.5,-0.4999999999999997,-0.8660254037844388,-0.7818314824680299,0.6234898018587334,-0.8660254037844385,-0.5000000000000004,35,Good,15.84,6.24222716664493,8.5,26.95,15.84,6.24222716664493,8.5,26.95,15.84,6.24222716664493,8.5,26.95,11.0,0.0,0,0,0,0
2026-08-23 14:32:01.333467,LONDON_GR9,London Greenwich - Westhorne Avenue,51.455,0.03,12.0,1.0,,12.0,10.0,,,12.0,-0.4999999999999997,-0.8660254037844388,-0.7818314824680299,0.6234898018587334,-0.8660254037844385,-0.5000000000000004,50,Good,15.6575,6.512332805641045,8.66,27.85,15.6575,6.512332805641045,8.66,27.85,15.6575,6.512332805641045,8.66,27.85,3.5,0.0,0,0,0,0
2026-08-23 14:40:50.331453,LONDON_CT3,London City of London - Sir John Cass School,51.514,-0.077,10.0,,,5.0,49.1,,,10.0,-0.4999999999999997,-0.8660254037844388,-0.7818314824680299,0.6234898018587334,-0.8660254037844385,-0.5000000000000004,42,Good,12.588750000000001,6.15503379937337,9.7,27.55,12.741111111111111,5.7756221406105785,9.7,27.55,12.741111111111111,5.7756221406105785,9.7,27.55,17.0,0.0,0,0,0,0
2026-08-23 14:40:50.638270,LONDON_SK6,London Southwark - A2 Invaliders,51.491,-0.102,10.0,,,,0.014,,,10.0,-0.4999999999999997,-0.8660254037844388,-0.7818314824680299,0.6234898018587334,-0.8660254037844385,-0.5000000000000004,42,Good,12.1225,4.259811364032783,9.7,21.52,14.312222222222223,7.683208603470585,9.7,31.83,14.312222222222223,7.683208603470585,9.7,31.83,10.96,0.0,0,0,0,0
2026-08-23 14:40:51.210086,LONDON_HF1,London Hammersmith and Fulham,51.49,-0.224,9.0,16.0,,53.4,27.8,,,9.0,-0.4999999999999997,-0.8660254037844388,-0.7818314824680299,0.6234898018587334,-0.8660254037844385,-0.5000000000000004,38,Good,16.445,11.999921428314199,7.0,32.9,15.952222222222222,11.321829332949886,7.0,32.9,15.952222222222222,11.321829332949886,7.0,32.9,12.0,0.0,0,0,0,0
2026-08-23 14:40:51.764091,LONDON_HIL,London Hillingdon,51.496,-0.46,10.0,,,,0.007,,,10.0,-0.4999999999999997,-0.8660254037844388,-0.7818314824680299,0.6234898018587334,-0.8660254037844385,-0.5000000000000004,42,Good,12.355,5.182079009156737,6.69,23.76,13.433333333333334,5.827728974480539,6.69,23.76,13.433333333333334,5.827728974480539,6.69,23.76,8.0,0.0,0,0,0,0
2026-08-23 14:40:52.278222,LONDON_WL1,London Waltham Forest,51.585,-0.012,10.0,28.0,360.0,39.5,,,,10.0,-0.4999999999999997,-0.8660254037844388,-0.7818314824680299,0.6234898018587334,-0.8660254037844385,-0.5000000000000004,42,Good,12.056249999999999,5.729472519974493,6.98,25.02,12.764444444444443,5.765184539785157,6.98,25.02,12.764444444444443,5.765184539785157,6.98,25.02,10.0,0.0,0,0,0,0
2026-08-23 14:40:53.297909,LONDON_BX1,London Bexley - Erith,51.481,0.181,8.5,,,0.0,,,,8.5,-0.4999999999999997,-0.8660254037844388,-0.7818314824680299,0.6234898018587334,-0.8660254037844385,-0.5000000000000004,35,Good,14.51125,9.45067712993549,5.22,32.91,14.092222222222222,8.929229778902794,5.22,32.91,14.092222222222222,8.929229778902794,5.22,32.91,12.0,0.0,0,0,0,0
2026-08-23 14:40:54.365504,LONDON_MY7,London Marylebone Road,51.522,-0.154,8.5,,,,0.023,,,8.5,-0.4999999999999997,-0.8660254037844388,-0.7818314824680299,0.6234898018587334,-0.8660254037844385,-0.5000000000000004,35,Good,15.325000000000001,6.761576316637587,8.5,25.37,14.938888888888888,6.430068904071802,8.5,25.37,14.938888888888888,6.430068904071802,8.5,25.37,24.01,0.0,0,0,0,0
2026-08-23 14:40:54.909512,LONDON_KC1,London N. Kensington,51.521,-0.213,3.5,16.0,1.0305,0.006,0.019,,,3.5,-0.4999999999999997,-0.8660254037844388,-0.7818314824680299,0.6234898018587334,-0.8660254037844385,-0.5000000000000004,15,Good,8.96125,8.199753371726667,3.5,25.03,9.815555555555555,8.087026819405125,3.5,25.03,9.815555555555555,8.087026819405125,3.5,25.03,8.7,0.0,0,0,0,0
2026-08-23 14:40:55.451607,LONDON_TH4,London Tower Hamlets - Mile End Road,51.524,-0.033,8.5,,,,,,,8.5,-0.4999999999999997,-0.8660254037844388,-0.7818314824680299,0.6234898018587334,-0.8660254037844385,-0.5000000000000004,35,Good,13.90125,5.729802882423492,8.5,26.95,15.024444444444445,6.330948015722272,8.5,26.95,15.024444444444445,6.330948015722272,8.5,26.95,7.0,0.0,0,0,0,0
2026-08-23 14:40:55.781535,LONDON_GR9,London Greenwich - Westhorne Avenue,51.455,0.03,12.0,1.0,,12.0,10.0,,,12.0,-0.4999999999999997,-0.8660254037844388,-0.7818314824680299,0.6234898018587334,-0.8660254037844385,-0.5000000000000004,50,Good,14.70875,6.409647722657731,8.66,27.85,15.25111111111111,6.2125305722476005,8.66,27.85,15.25111111111111,6.2125305722476005,8.66,27.85,9.0,0.0,0,0,0,0
2026-08-23 14:46:57.315615,LONDON_CT3,London City of London - Sir John Cass School,51.514,-0.077,10.0,,,5.0,49.1,,,10.0,-0.4999999999999997,-0.8660254037844388,-0.7818314824680299,0.6234898018587334,-0.8660254037844385,-0.5000000000000004,42,Good,12.301111111111112,5.821813386833274,9.7,27.55,12.467,5.51386948219367,9.7,27.55,12.467,5.51386948219367,9.7,27.55,9.0,0.0,0,0,0,0
2026-08-23 14:46:57.712784,LONDON_SK6,London Southwark - A2 Invaliders,51.491,-0.102,10.0,,,,0.014,,,10.0,-0.4999999999999997,-0.8660254037844388,-0.7818314824680299,0.6234898018587334,-0.8660254037844385,-0.5000000000000004,42,Good,11.886666666666667,4.047011242880353,9.7,21.52,13.881,7.3710340748997565,9.7,31.83,13.881,7.3710340748997565,9.7,31.83,27.85,0.0,0,0,0,0
2026-08-23 14:46:58.149639,LONDON_HF1,London Hammersmith and Fulham,51.49,-0.224,9.0,16.0,,53.4,27.8,,,9.0,-0.4999999999999997,-0.8660254037844388,-0.7818314824680299,0.6234898018587334,-0.8660254037844385,-0.5000000000000004,38,Good,15.617777777777778,11.495956656339848,7.0,32.9,15.257,10.898371998707983,7.0,32.9,15.257,10.898371998707983,7.0,32.9,12.0,0.0,0,0,0,0
2026-08-23 14:46:58.409386,LONDON_HIL,London Hillingdon,51.496,-0.46,10.0,,,,0.007,,,10.0,-0.4999999999999997,-0.8660254037844388,-0.7818314824680299,0.6234898018587334,-0.8660254037844385,-0.5000000000000004,42,Good,12.093333333333334,4.91054223075212,6.69,23.76,13.09,5.600678530321125,6.69,23.76,13.09,5.600678530321125,6.69,23.76,3.5,0.0,0,0,0,0
2026-08-23 14:46:59.165935,LONDON_WL1,London Waltham Forest,51.585,-0.012,10.0,28.0,360.0,39.5,,,,10.0,-0.4999999999999997,-0.8660254037844388,-0.7818314824680299,0.6234898018587334,-0.8660254037844385,-0.5000000000000004,42,Good,11.827777777777776,5.403081939453116,6.98,25.02,12.488,5.505318236840528,6.98,25.02,12.488,5.505318236840528,6.98,25.02,10.0,0.0,0,0,0,0
2026-08-23 14:46:59.613851,LONDON_BX1,London Bexley - Erith,51.481,0.181,8.5,,,0.0,,,,8.5,-0.4999999999999997,-0.8660254037844388,-0.7818314824680299,0.6234898018587334,-0.8660254037844385,-0.5000000000000004,35,Good,13.843333333333334,9.064540804696065,5.22,32.91,13.532999999999998,8.602291748908154,5.22,32.91,13.532999999999998,8.602291748908154,5.22,32.91,3.5,0.0,0,0,0,0
2026-08-23 14:47:00.065397,LONDON_MY7,London Marylebone Road,51.522,-0.154,8.5,,,,0.023,,,8.5,-0.4999999999999997,-0.8660254037844388,-0.7818314824680299,0.6234898018587334,-0.8660254037844385,-0.5000000000000004,35,Good,14.56666666666667,6.721582774912471,8.5,25.37,14.294999999999998,6.395134000854784,8.5,25.37,14.294999999999998,6.395134000854784,8.5,25.37,5.22,0.0,0,0,0,0
2026-08-23 14:47:00.521340,LONDON_KC1,London N. Kensington,51.521,-0.213,3.5,16.0,1.0305,0.006,0.019,,,3.5,-0.4999999999999997,-0.8660254037844388,-0.7818314824680299,0.6234898018587334,-0.8660254037844385,-0.5000000000000004,15,Good,8.354444444444445,7.883233966956567,3.5,25.03,9.184000000000001,7.881748536968177,3.5,25.03,9.184000000000001,7.881748536968177,3.5,25.03,4.2,0.0,0,0,0,0
2026-08-23 14:47:01.061178,LONDON_TH4,London Tower Hamlets - Mile End Road,51.524,-0.033,8.5,,,,,,,8.5,-0.4999999999999997,-0.8660254037844388,-0.7818314824680299,0.6234898018587334,-0.8660254037844385,-0.5000000000000004,35,Good,13.30111111111111,5.654052627196805,8.5,26.95,14.372,6.315402336088071,8.5,26.95,14.372,6.315402336088071,8.5,26.95,10.0,0.0,0,0,0,0
2026-08-23 14:47:01.307662,LONDON_GR9,London Greenwich - Westhorne Avenue,51.455,0.03,12.0,1.0,,12.0,10.0,,,12.0,-0.4999999999999997,-0.8660254037844388,-0.7818314824680299,0.6234898018587334,-0.8660254037844385,-0.5000000000000004,50,Good,14.407777777777776,6.06328248100354,8.66,27.85,14.925999999999998,5.946773541640504,8.66,27.85,14.925999999999998,5.946773541640504,8.66,27.85,9.0,0.0,0,0,0,0
2026-08-23 14:55:47.798157,LONDON_CT3,London City of London - Sir John Cass School,51.514,-0.077,10.0,,,5.0,49.1,,,10.0,-0.4999999999999997,-0.8660254037844388,-0.7818314824680299,0.6234898018587334,-0.8660254037844385,-0.5000000000000004,42,Good,12.08125,6.252081796147128,9.7,27.55,12.242727272727272,5.283536866359677,9.7,27.55,12.242727272727272,5.283536866359677,9.7,27.55,12.0,0.0,0,0,0,0
2026-08-23 14:55:48.229438,LONDON_SK6,London Southwark - A2 Invaliders,51.491,-0.102,10.0,,,,0.014,,,10.0,-0.4999999999999997,-0.8660254037844388,-0.7818314824680299,0.6234898018587334,-0.8660254037844385,-0.5000000000000004,42,Good,10.0075,0.41250974014470426,9.7,10.96,13.52818181818182,7.090008206175529,9.7,31.83,13.52818181818182,7.090008206175529,9.7,31.83,3.5,0.0,0,0,0,0
2026-08-23 14:55:48.661705,LONDON_HF1,London Hammersmith and Fulham,51.49,-0.224,9.0,16.0,,53.4,27.8,,,9.0,-0.4999999999999997,-0.8660254037844388,-0.7818314824680299,0.6234898018587334,-0.8660254037844385,-0.5000000000000004,38,Good,10.911249999999999,7.892501753472813,7.0,30.29,14.688181818181818,10.509812384797188,7.0,32.9,14.688181818181818,10.509812384797188,7.0,32.9,8.0,0.0,0,0,0,0
2026-08-23 14:55:48.923445,LONDON_HIL,London Hillingdon,51.496,-0.46,10.0,,,,0.007,,,10.0,-0.4999999999999997,-0.8660254037844388,-0.7818314824680299,0.6234898018587334,-0.8660254037844385,-0.5000000000000004,42,Good,12.095,4.739279631818683,10.0,23.76,12.80909090909091,5.394334907188197,6.69,23.76,12.80909090909091,5.394334907188197,6.69,23.76,8.0,0.0,0,0,0,0
2026-08-23 14:55:49.382313,LONDON_WL1,London Waltham Forest,51.585,-0.012,10.0,28.0,360.0,39.5,,,,10.0,-0.4999999999999997,-0.8660254037844388,-0.7818314824680299,0.6234898018587334,-0.8660254037844385,-0.5000000000000004,42,Good,11.764999999999999,5.357886043687647,9.7,25.02,12.261818181818182,5.276401838718917,6.98,25.02,12.261818181818182,5.276401838718917,6.98,25.02,10.0,0.0,0,0,0,0
2026-08-23 14:55:49.814748,LONDON_BX1,London Bexley - Erith,51.481,0.181,8.5,,,0.0,,,,8.5,-0.4999999999999997,-0.8660254037844388,-0.7818314824680299,0.6234898018587334,-0.8660254037844385,-0.5000000000000004,35,Good,11.870000000000001,5.565536811485486,8.5,24.96,13.075454545454544,8.300741368861413,5.22,32.91,13.075454545454544,8.300741368861413,5.22,32.91,15.6,0.0,0,0,0,0
2026-08-23 14:55:50.043940,LONDON_MY7,London Marylebone Road,51.522,-0.154,8.5,,,,0.023,,,8.5,-0.4999999999999997,-0.8660254037844388,-0.7818314824680299,0.6234898018587334,-0.8660254037844385,-0.5000000000000004,35,Good,11.446250000000001,4.442196810137982,8.5,21.57,13.768181818181818,6.313547050876899,8.5,25.37,13.768181818181818,6.313547050876899,8.5,25.37,32.9,0.0,0,0,0,0
2026-08-23 14:55:50.464703,LONDON_KC1,London N. Kensington,51.521,-0.213,3.5,16.0,1.0305,0.006,0.019,,,3.5,-0.4999999999999997,-0.8660254037844388,-0.7818314824680299,0.6234898018587334,-0.8660254037844385,-0.5000000000000004,15,Good,4.9225,4.023437584951453,3.5,14.88,8.667272727272728,7.671169520886748,3.5,25.03,8.667272727272728,7.671169520886748,3.5,25.03,8.0,0.0,0,0,0,0
2026-08-23 14:55:50.906856,LONDON_TH4,London Tower Hamlets - Mile End Road,51.524,-0.033,8.5,,,,,,,8.5,-0.4999999999999997,-0.8660254037844388,-0.7818314824680299,0.6234898018587334,-0.8660254037844385,-0.5000000000000004,35,Good,11.0025,2.6788150365413395,8.5,13.82,13.838181818181818,6.247435983156319,8.5,26.95,13.838181818181818,6.247435983156319,8.5,26.95,10.0,0.0,0,0,0,0
2026-08-23 14:55:51.151678,LONDON_GR9,London Greenwich - Westhorne Avenue,51.455,0.03,12.0,1.0,,12.0,10.0,,,12.0,-0.4999999999999997,-0.8660254037844388,-0.7818314824680299,0.6234898018587334,-0.8660254037844385,-0.5000000000000004,50,Good,13.981250000000001,5.60382124090339,12.0,27.85,14.659999999999998,5.710168123619479,8.66,27.85,14.659999999999998,5.710168123619479,8.66,27.85,12.0,0.0,0,0,0,0
2026-08-23 15:02:35.633832,LONDON_CT3,London City of London - Sir John Cass School,51.514,-0.077,12.99,10.82,1.83,34.85,50.13,,,12.99,-0.7071067811865471,-0.7071067811865479,-0.7818314824680299,0.6234898018587334,-0.8660254037844385,-0.5000000000000004,53,Moderate,10.261249999999999,1.1125317009929632,9.7,12.99,12.305,5.042271313604616,9.7,27.55,12.305,5.042271313604616,9.7,27.55,15.6,0.0,0,0,0,0
2026-08-23 15:02:58.428367,LONDON_SK6,London Southwark - A2 Invaliders,51.491,-0.102,10.0,,,,0.014,,,10.0,-0.7071067811865471,-0.7071067811865479,-0.7818314824680299,0.6234898018587334,-0.8660254037844385,-0.5000000000000004,42,Good,9.887500000000001,0.15526475085191582,9.7,10.0,13.234166666666667,6.836352640424747,9.7,31.83,13.234166666666667,6.836352640424747,9.7,31.83,12.0,0.0,0,0,0,0
2026-08-23 15:02:58.644289,LONDON_HF1,London Hammersmith and Fulham,51.49,-0.224,9.0,20.0,,53.4,27.8,,,9.0,-0.7071067811865471,-0.7071067811865479,-0.7818314824680299,0.6234898018587334,-0.8660254037844385,-0.5000000000000004,38,Good,8.25,1.0350983390135375,7.0,9.0,14.214166666666666,10.154357289838533,7.0,32.9,14.214166666666666,10.154357289838533,7.0,32.9,3.5,0.0,0,0,0,0
2026-08-23 15:02:59.461067,LONDON_HIL,London Hillingdon,51.496,-0.46,10.0,,,,0.007,,,10.0,-0.7071067811865471,-0.7071067811865479,-0.7818314824680299,0.6234898018587334,-0.8660254037844385,-0.5000000000000004,42,Good,10.375,0.5175491695067707,10.0,11.0,12.575000000000001,5.20683030433889,6.69,23.76,12.575000000000001,5.20683030433889,6.69,23.76,4.2,0.0,0,0,0,0
2026-08-23 15:02:59.909303,LONDON_WL1,London Waltham Forest,51.585,-0.012,10.0,28.0,360.0,39.5,,,,10.0,-0.7071067811865471,-0.7071067811865479,-0.7818314824680299,0.6234898018587334,-0.8660254037844385,-0.5000000000000004,42,Good,9.8875,0.15526475085209748,9.7,10.0,12.073333333333332,5.073045227354856,6.98,25.02,12.073333333333332,5.073045227354856,6.98,25.02,10.0,0.0,0,0,0,0
2026-08-23 15:03:00.324398,LONDON_BX1,London Bexley - Erith,51.481,0.181,8.5,,,0.0,,,,8.5,-0.7071067811865471,-0.7071067811865479,-0.7818314824680299,0.6234898018587334,-0.8660254037844385,-0.5000000000000004,35,Good,9.8125,1.8114220932736853,8.5,12.0,12.694166666666666,8.02390344627548,5.22,32.91,12.694166666666666,8.02390344627548,5.22,32.91,12.0,0.0,0,0,0,0
2026-08-23 15:03:00.954450,LONDON_MY7,London Marylebone Road,51.522,-0.154,8.5,,,,0.023,,,8.5,-0.7071067811865471,-0.7071067811865479,-0.7818314824680299,0.6234898018587334,-0.8660254037844385,-0.5000000000000004,35,Good,9.8125,1.8114220932736993,8.5,12.0,13.329166666666666,6.20886237322885,8.5,25.37,13.329166666666666,6.20886237322885,8.5,25.37,8.66,0.0,0,0,0,0
2026-08-23 15:03:01.910213,LONDON_KC1,London N. Kensington,51.521,-0.213,3.5,16.0,1.0305,0.006,0.019,,,3.5,-0.7071067811865471,-0.7071067811865479,-0.7818314824680299,0.6234898018587334,-0.8660254037844385,-0.5000000000000004,15,Good,3.5,0.0,3.5,3.5,8.236666666666666,7.464729591806249,3.5,25.03,8.236666666666666,7.464729591806249,3.5,25.03,12.0,0.0,0,0,0,0
2026-08-23 15:03:02.147855,LONDON_TH4,London Tower Hamlets - Mile End Road,51.524,-0.033,8.5,,,,,,,8.5,-0.7071067811865471,-0.7071067811865479,-0.7818314824680299,0.6234898018587334,-0.8660254037844385,-0.5000000000000004,35,Good,10.3375,2.5359909305831474,8.5,13.4,13.393333333333333,6.152797343608445,8.5,26.95,13.393333333333333,6.152797343608445,8.5,26.95,12.0,0.0,0,0,0,0
2026-08-23 15:03:02.580585,LONDON_GR9,London Greenwich - Westhorne Avenue,51.455,0.03,12.0,1.0,,12.0,10.0,,,12.0,-0.7071067811865471,-0.7071067811865479,-0.7818314824680299,0.6234898018587334,-0.8660254037844385,-0.5000000000000004,50,Good,12.0,0.0,12.0,12.0,14.438333333333333,5.498315168937635,8.66,27.85,14.438333333333333,5.498315168937635,8.66,27.85,12.0,0.0,0,0,0,0
2026-08-23 15:10:48.935015,LONDON_CT3,London City of London - Sir John Cass School,51.514,-0.077,10.0,,,5.0,49.1,,,10.0,-0.7071067811865471,-0.7071067811865479,-0.7818314824680299,0.6234898018587334,-0.8660254037844385,-0.5000000000000004,42,Good,10.29875,1.0958419789628218,9.7,12.99,12.127692307692307,4.869752139219809,9.7,27.55,12.127692307692307,4.869752139219809,9.7,27.55,9.0,0.0,0,0,0,0
2026-08-23 15:10:49.392528,LONDON_SK6,London Southwark - A2 Invaliders,51.491,-0.102,10.0,,,,0.014,,,10.0,-0.7071067811865471,-0.7071067811865479,-0.7818314824680299,0.6234898018587334,-0.8660254037844385,-0.5000000000000004,42,Good,9.925,0.1388730149657561,9.7,10.0,12.985384615384616,6.606487487544111,9.7,31.83,12.985384615384616,6.606487487544111,9.7,31.83,11.0,0.0,0,0,0,0
2026-08-23 15:10:49.802062,LONDON_HF1,London Hammersmith and Fulham,51.49,-0.224,9.0,20.0,,53.4,27.8,,,9.0,-0.7071067811865471,-0.7071067811865479,-0.7818314824680299,0.6234898018587334,-0.8660254037844385,-0.5000000000000004,38,Good,8.5,0.9258200997725584,7.0,9.0,13.813076923076922,9.829025370991253,7.0,32.9,13.813076923076922,9.829025370991253,7.0,32.9,8.7,0.0,0,0,0,0
2026-08-23 15:10:50.234924,LONDON_HIL,London Hillingdon,51.496,-0.46,10.0,,,,0.007,,,10.0,-0.7071067811865471,-0.7071067811865479,-0.7818314824680299,0.6234898018587334,-0.8660254037844385,-0.5000000000000004,42,Good,10.25,0.4629100498862815,10.0,11.0,12.376923076923077,5.036057294841181,6.69,23.76,12.376923076923077,5.036057294841181,6.69,23.76,8.0,0.0,0,0,0,0
2026-08-23 15:10:50.540336,LONDON_WL1,London Waltham Forest,51.585,-0.012,10.0,28.0,360.0,39.5,,,,10.0,-0.7071067811865471,-0.7071067811865479,-0.7818314824680299,0.6234898018587334,-0.8660254037844385,-0.5000000000000004,42,Good,9.924999999999999,0.13887301496595733,9.7,10.0,11.913846153846153,4.890992636915229,6.98,25.02,11.913846153846153,4.890992636915229,6.98,25.02,10.0,0.0,0,0,0,0
2026-08-23 15:10:50.992241,LONDON_BX1,London Bexley - Erith,51.481,0.181,8.5,,,0.0,,,,8.5,-0.7071067811865471,-0.7071067811865479,-0.7818314824680299,0.6234898018587334,-0.8660254037844385,-0.5000000000000004,35,Good,9.375,1.6201851746019706,8.5,12.0,12.37153846153846,7.769873278839929,5.22,32.91,12.37153846153846,7.769873278839929,5.22,32.91,9.0,0.0,0,0,0,0
2026-08-23 15:10:51.217837,LONDON_MY7,London Marylebone Road,51.522,-0.154,8.5,,,,0.023,,,8.5,-0.7071067811865471,-0.7071067811865479,-0.7818314824680299,0.6234898018587334,-0.8660254037844385,-0.5000000000000004,35,Good,9.666666666666666,1.750000000000018,8.5,12.0,12.957692307692307,6.093552814035168,8.5,25.37,12.957692307692307,6.093552814035168,8.5,25.37,21.57,0.0,0,0,0,0
2026-08-23 15:10:51.635846,LONDON_KC1,London N. Kensington,51.521,-0.213,3.5,16.0,1.0305,0.006,0.019,,,3.5,-0.7071067811865471,-0.7071067811865479,-0.7818314824680299,0.6234898018587334,-0.8660254037844385,-0.5000000000000004,15,Good,3.5,0.0,3.5,3.5,7.872307692307692,7.266671812512881,3.5,25.03,7.872307692307692,7.266671812512881,3.5,25.03,10.74,0.0,0,0,0,0
2026-08-23 15:10:51.855771,LONDON_TH4,London Tower Hamlets - Mile End Road,51.524,-0.033,8.5,,,,,,,8.5,-0.7071067811865471,-0.7071067811865479,-0.7818314824680299,0.6234898018587334,-0.8660254037844385,-0.5000000000000004,35,Good,10.133333333333333,2.4499999999999957,8.5,13.4,13.016923076923076,6.0451694001841725,8.5,26.95,13.016923076923076,6.0451694001841725,8.5,26.95,8.5,0.0,0,0,0,0
2026-08-23 15:10:52.270036,LONDON_GR9,London Greenwich - Westhorne Avenue,51.455,0.03,12.0,1.0,,12.0,10.0,,,12.0,-0.7071067811865471,-0.7071067811865479,-0.7818314824680299,0.6234898018587334,-0.8660254037844385,-0.5000000000000004,50,Good,12.0,0.0,12.0,12.0,14.25076923076923,5.307496995663244,8.66,27.85,14.25076923076923,5.307496995663244,8.66,27.85,17.0,0.0,0,0,0,0
2026-08-23 15:16:56.668435,LONDON_CT3,London City of London - Sir John Cass School,51.514,-0.077,10.0,,,5.0,49.1,,,10.0,-0.7071067811865471,-0.7071067811865479,-0.7818314824680299,0.6234898018587334,-0.8660254037844385,-0.5000000000000004,42,Good,10.265555555555556,1.0298921194852337,9.7,12.99,11.975714285714286,4.713136656501396,9.7,27.55,11.975714285714286,4.713136656501396,9.7,27.55,17.0,0.0,0,0,0,0
2026-08-23 15:16:56.893463,LONDON_SK6,London Southwark - A2 Invaliders,51.491,-0.102,10.0,,,,0.014,,,10.0,-0.7071067811865471,-0.7071067811865479,-0.7818314824680299,0.6234898018587334,-0.8660254037844385,-0.5000000000000004,42,Good,9.933333333333334,0.13228756555311344,9.7,10.0,12.772142857142857,6.397259243158417,9.7,31.83,12.772142857142857,6.397259243158417,9.7,31.83,10.0,0.0,0,0,0,0
2026-08-23 15:16:57.311128,LONDON_HF1,London Hammersmith and Fulham,51.49,-0.224,9.0,20.0,,53.4,27.8,,,9.0,-0.7071067811865471,-0.7071067811865479,-0.7818314824680299,0.6234898018587334,-0.8660254037844385,-0.5000000000000004,38,Good,8.555555555555555,0.8819171036882032,7.0,9.0,13.469285714285714,9.530630348259491,7.0,32.9,13.469285714285714,9.530630348259491,7.0,32.9,12.0,0.0,0,0,0,0
2026-08-23 15:16:57.966579,LONDON_HIL,London Hillingdon,51.496,-0.46,10.0,,,,0.007,,,10.0,-0.7071067811865471,-0.7071067811865479,-0.7818314824680299,0.6234898018587334,-0.8660254037844385,-0.5000000000000004,42,Good,10.222222222222221,0.4409585518441037,10.0,11.0,12.207142857142857,4.880011709587825,6.69,23.76,12.207142857142857,4.880011709587825,6.69,23.76,4.2,0.0,0,0,0,0
2026-08-23 15:16:58.211330,LONDON_WL1,London Waltham Forest,51.585,-0.012,10.0,28.0,360.0,39.5,,,,10.0,-0.7071067811865471,-0.7071067811865479,-0.7818314824680299,0.6234898018587334,-0.8660254037844385,-0.5000000000000004,42,Good,9.933333333333332,0.1322875655532978,9.7,10.0,11.777142857142858,4.726869884088085,6.98,25.02,11.777142857142858,4.726869884088085,6.98,25.02,10.0,0.0,0,0,0,0
2026-08-23 15:16:58.654124,LONDON_BX1,London Bexley - Erith,51.481,0.181,8.5,,,0.0,,,,8.5,-0.7071067811865471,-0.7071067811865479,-0.7818314824680299,0.6234898018587334,-0.8660254037844385,-0.5000000000000004,35,Good,9.277777777777779,1.5433549314543495,8.5,12.0,12.094999999999999,7.5364210542997325,5.22,32.91,12.094999999999999,7.5364210542997325,5.22,32.91,7.3,0.0,0,0,0,0
2026-08-23 15:16:58.859411,LONDON_MY7,London Marylebone Road,51.522,-0.154,8.5,,,,0.023,,,8.5,-0.7071067811865471,-0.7071067811865479,-0.7818314824680299,0.6234898018587334,-0.8660254037844385,-0.5000000000000004,35,Good,9.277777777777779,1.5433549314543658,8.5,12.0,12.639285714285714,5.974486092203587,8.5,25.37,12.639285714285714,5.974486092203587,8.5,25.37,11.0,0.0,0,0,0,0
2026-08-23 15:16:59.333941,LONDON_KC1,London N. Kensington,51.521,-0.213,3.5,16.0,1.0305,0.006,0.019,,,3.5,-0.7071067811865471,-0.7071067811865479,-0.7818314824680299,0.6234898018587334,-0.8660254037844385,-0.5000000000000004,15,Good,3.5,0.0,3.5,3.5,7.5600000000000005,7.078710225848948,3.5,25.03,7.5600000000000005,7.078710225848948,3.5,25.03,21.52,0.0,0,0,0,0
2026-08-23 15:16:59.786014,LONDON_TH4,London Tower Hamlets - Mile End Road,51.524,-0.033,8.5,,,,,,,8.5,-0.7071067811865471,-0.7071067811865479,-0.7818314824680299,0.6234898018587334,-0.8660254037844385,-0.5000000000000004,35,Good,9.588888888888889,2.1606969040360773,8.5,13.4,12.694285714285714,5.932142840603105,8.5,26.95,12.694285714285714,5.932142840603105,8.5,26.95,3.5,0.0,0,0,0,0
2026-08-23 15:17:00.099861,LONDON_GR9,London Greenwich - Westhorne Avenue,51.455,0.03,12.0,1.0,,12.0,10.0,,,12.0,-0.7071067811865471,-0.7071067811865479,-0.7818314824680299,0.6234898018587334,-0.8660254037844385,-0.5000000000000004,50,Good,12.0,0.0,12.0,12.0,14.09,5.134636531215458,8.66,27.85,14.09,5.134636531215458,8.66,27.85,12.0,0.0,0,0,0,0
2026-08-23 15:25:47.089100,LONDON_CT3,London City of London - Sir John Cass School,51.514,-0.077,10.0,,,5.0,49.1,,,10.0,-0.7071067811865471,-0.7071067811865479,-0.7818314824680299,0.6234898018587334,-0.8660254037844385,-0.5000000000000004,42,Good,10.29888888888889,1.0140321055623043,9.7,12.99,11.844,4.5702513216296055,9.7,27.55,11.844,4.5702513216296055,9.7,27.55,9.0,0.0,0,0,0,0
2026-08-23 15:25:47.579748,LONDON_SK6,London Southwark - A2 Invaliders,51.491,-0.102,10.0,,,,0.014,,,10.0,-0.7071067811865471,-0.7071067811865479,-0.7818314824680299,0.6234898018587334,-0.8660254037844385,-0.5000000000000004,42,Good,9.966666666666667,0.09999999999984738,9.7,10.0,12.587333333333333,6.20596771165426,9.7,31.83,12.587333333333333,6.20596771165426,9.7,31.83,12.0,0.0,0,0,0,0
2026-08-23 15:25:47.983331,LONDON_HF1,London Hammersmith and Fulham,51.49,-0.224,9.0,20.0,,53.4,27.8,,,9.0,-0.7071067811865471,-0.7071067811865479,-0.7818314824680299,0.6234898018587334,-0.8660254037844385,-0.5000000000000004,38,Good,8.777777777777779,0.6666666666666751,7.0,9.0,13.171333333333333,9.256159236396261,7.0,32.9,13.171333333333333,9.256159236396261,7.0,32.9,12.0,0.0,0,0,0,0
2026-08-23 15:25:48.406529,LONDON_HIL,London Hillingdon,51.496,-0.46,10.0,,,,0.007,,,10.0,-0.7071067811865471,-0.7071067811865479,-0.7818314824680299,0.6234898018587334,-0.8660254037844385,-0.5000000000000004,42,Good,10.11111111111111,0.33333333333334014,10.0,11.0,12.06,4.736902242726027,6.69,23.76,12.06,4.736902242726027,6.69,23.76,8.0,0.0,0,0,0,0
2026-08-23 15:25:48.682065,LONDON_WL1,London Waltham Forest,51.585,-0.012,10.0,28.0,360.0,39.5,,,,10.0,-0.7071067811865471,-0.7071067811865479,-0.7818314824680299,0.6234898018587334,-0.8660254037844385,-0.5000000000000004,42,Good,9.966666666666665,0.10000000000008873,9.7,10.0,11.658666666666667,4.5779796958088514,6.98,25.02,11.658666666666667,4.5779796958088514,6.98,25.02,10.0,0.0,0,0,0,0
2026-08-23 15:25:48.919634,LONDON_BX1,London Bexley - Erith,51.481,0.181,8.5,,,0.0,,,,8.5,-0.7071067811865471,-0.7071067811865479,-0.7818314824680299,0.6234898018587334,-0.8660254037844385,-0.5000000000000004,35,Good,8.88888888888889,1.166666666666673,8.5,12.0,11.855333333333332,7.321357082113227,5.22,32.91,11.855333333333332,7.321357082113227,5.22,32.91,17.0,0.0,0,0,0,0
2026-08-23 15:25:49.398560,LONDON_MY7,London Marylebone Road,51.522,-0.154,8.5,,,,0.023,,,8.5,-0.7071067811865471,-0.7071067811865479,-0.7818314824680299,0.6234898018587334,-0.8660254037844385,-0.5000000000000004,35,Good,8.88888888888889,1.1666666666666958,8.5,12.0,12.363333333333333,5.85552079746318,8.5,25.37,12.363333333333333,5.85552079746318,8.5,25.37,9.7,0.0,0,0,0,0
2026-08-23 15:25:49.624670,LONDON_KC1,London N. Kensington,51.521,-0.213,3.5,16.0,1.0305,0.006,0.019,,,3.5,-0.7071067811865471,-0.7071067811865479,-0.7818314824680299,0.6234898018587334,-0.8660254037844385,-0.5000000000000004,15,Good,3.5,0.0,3.5,3.5,7.289333333333333,6.901296427552753,3.5,25.03,7.289333333333333,6.901296427552753,3.5,25.03,14.28,0.0,0,0,0,0
2026-08-23 15:25:49.892206,LONDON_TH4,London Tower Hamlets - Mile End Road,51.524,-0.033,8.5,,,,,,,8.5,-0.7071067811865471,-0.7071067811865479,-0.7818314824680299,0.6234898018587334,-0.8660254037844385,-0.5000000000000004,35,Good,9.044444444444444,1.6333333333333264,8.5,13.4,12.414666666666667,5.818034605145165,8.5,26.95,12.414666666666667,5.818034605145165,8.5,26.95,8.5,0.0,0,0,0,0
2026-08-23 15:25:50.346171,LONDON_GR9,London Greenwich - Westhorne Avenue,51.455,0.03,12.0,1.0,,12.0,10.0,,,12.0,-0.7071067811865471,-0.7071067811865479,-0.7818314824680299,0.6234898018587334,-0.8660254037844385,-0.5000000000000004,50,Good,12.0,0.0,12.0,12.0,13.950666666666667,4.9772001117476625,8.66,27.85,13.950666666666667,4.9772001117476625,8.66,27.85,15.6,0.0,0,0,0,0
2026-08-23 15:31:56.544880,LONDON_CT3,London City of London - Sir John Cass School,51.514,-0.077,13.0,,,5.0,49.1,,,13.0,-0.7071067811865471,-0.7071067811865479,-0.7818314824680299,0.6234898018587334,-0.8660254037844385,-0.5000000000000004,53,Moderate,10.665555555555555,1.320673228992617,10.0,13.0,11.91625,4.424730311932395,9.7,27.55,11.91625,4.424730311932395,9.7,27.55,12.0,0.0,0,0,0,0
2026-08-23 15:31:56.956756,LONDON_SK6,London Southwark - A2 Invaliders,51.491,-0.102,8.8,,,,0.021,,,8.8,-0.7071067811865471,-0.7071067811865479,-0.7818314824680299,0.6234898018587334,-0.8660254037844385,-0.5000000000000004,37,Good,9.866666666666667,0.39999999999996066,8.8,10.0,12.350624999999999,6.069837415450268,8.8,31.83,12.350624999999999,6.069837415450268,8.8,31.83,3.5,0.0,0,0,0,0
2026-08-23 15:31:57.396344,LONDON_HF1,London Hammersmith and Fulham,51.49,-0.224,13.0,20.0,,54.1,27.8,,,13.0,-0.7071067811865471,-0.7071067811865479,-0.7818314824680299,0.6234898018587334,-0.8660254037844385,-0.5000000000000004,53,Moderate,9.444444444444445,1.3333333333333375,9.0,13.0,13.160625,8.942401965728596,7.0,32.9,13.160625,8.942401965728596,7.0,32.9,8.0,0.0,0,0,0,0
2026-08-23 15:31:57.824799,LONDON_HIL,London Hillingdon,51.496,-0.46,14.0,,,,0.022,,,14.0,-0.7071067811865471,-0.7071067811865479,-0.7818314824680299,0.6234898018587334,-0.8660254037844385,-0.5000000000000004,55,Moderate,10.444444444444445,1.333333333333335,10.0,14.0,12.18125,4.601911016088859,6.69,23.76,12.18125,4.601911016088859,6.69,23.76,4.2,0.0,0,0,0,0
2026-08-23 15:31:58.276243,LONDON_WL1,London Waltham Forest,51.585,-0.012,13.0,28.0,360.0,39.5,,,,13.0,-0.7071067811865471,-0.7071067811865479,-0.7818314824680299,0.6234898018587334,-0.8660254037844385,-0.5000000000000004,53,Moderate,10.333333333333334,1.0000000000000075,10.0,13.0,11.7425,4.435442856506365,6.98,25.02,11.7425,4.435442856506365,6.98,25.02,13.0,0.0,0,0,0,0
2026-08-23 15:31:58.820037,LONDON_BX1,London Bexley - Erith,51.481,0.181,6.4,,,0.0,,,,6.4,-0.7071067811865471,-0.7071067811865479,-0.7818314824680299,0.6234898018587334,-0.8660254037844385,-0.5000000000000004,27,Good,8.266666666666667,0.7000000000000087,6.4,8.5,11.514375,7.2033899137836475,5.22,32.91,11.514375,7.2033899137836475,5.22,32.91,9.0,0.0,0,0,0,0
2026-08-23 15:31:59.119585,LONDON_MY7,London Marylebone Road,51.522,-0.154,6.4,,,,0.03,,,6.4,-0.7071067811865471,-0.7071067811865479,-0.7818314824680299,0.6234898018587334,-0.8660254037844385,-0.5000000000000004,27,Good,8.266666666666667,0.7000000000000518,6.4,8.5,11.990625,5.850119621284112,6.4,25.37,11.990625,5.850119621284112,6.4,25.37,3.5,0.0,0,0,0,0
2026-08-23 15:31:59.380287,LONDON_KC1,London N. Kensington,51.521,-0.213,3.0,10.0,1.0305,0.002,0.037,,,3.0,-0.7071067811865471,-0.7071067811865479,-0.7818314824680299,0.6234898018587334,-0.8660254037844385,-0.5000000000000004,12,Good,3.4444444444444446,0.16666666666659177,3.0,3.5,7.02125,6.752969593692343,3.0,25.03,7.02125,6.752969593692343,3.0,25.03,15.39,0.0,0,0,0,0
2026-08-23 15:31:59.830657,LONDON_TH4,London Tower Hamlets - Mile End Road,51.524,-0.033,6.4,,,,,,,6.4,-0.7071067811865471,-0.7071067811865479,-0.7818314824680299,0.6234898018587334,-0.8660254037844385,-0.5000000000000004,27,Good,8.266666666666667,0.6999999999999835,6.4,8.5,12.03875,5.818410865519897,6.4,26.95,12.03875,5.818410865519897,6.4,26.95,8.5,0.0,0,0,0,0
2026-08-23 15:32:00.111849,LONDON_GR9,London Greenwich - Westhorne Avenue,51.455,0.03,12.0,1.0,,12.0,10.0,,,12.0,-0.7071067811865471,-0.7071067811865479,-0.7818314824680299,0.6234898018587334,-0.8660254037844385,-0.5000000000000004,50,Good,12.0,0.0,12.0,12.0,13.82875,4.833098212672005,8.66,27.85,13.82875,4.833098212672005,8.66,27.85,7.3,0.0,0,0,0,0
2026-08-23 15:40:46.979818,LONDON_CT3,London City of London - Sir John Cass School,51.514,-0.077,13.0,,,5.0,49.1,,,13.0,-0.7071067811865471,-0.7071067811865479,-0.7818314824680299,0.6234898018587334,-0.8660254037844385,-0.5000000000000004,53,Moderate,10.998888888888889,1.498336114198386,10.0,13.0,11.98,4.292282318301071,9.7,27.55,11.98,4.292282318301071,9.7,27.55,15.6,0.0,0,0,0,0
2026-08-23 15:40:47.407559,LONDON_SK6,London Southwark - A2 Invaliders,51.491,-0.102,8.8,,,,0.021,,,8.8,-0.7071067811865471,-0.7071067811865479,-0.7818314824680299,0.6234898018587334,-0.8660254037844385,-0.5000000000000004,37,Good,9.733333333333333,0.5291502622128873,8.8,10.0,12.141764705882352,5.9398508349264505,8.8,31.83,12.141764705882352,5.9398508349264505,8.8,31.83,8.5,0.0,0,0,0,0
2026-08-23 15:40:47.838683,LONDON_HF1,London Hammersmith and Fulham,51.49,-0.224,13.0,20.0,,54.1,27.8,,,13.0,-0.7071067811865471,-0.7071067811865479,-0.7818314824680299,0.6234898018587334,-0.8660254037844385,-0.5000000000000004,53,Moderate,9.88888888888889,1.7638342073763968,9.0,13.0,13.151176470588235,8.658531112689483,7.0,32.9,13.151176470588235,8.658531112689483,7.0,32.9,3.5,0.0,0,0,0,0
2026-08-23 15:40:48.074922,LONDON_HIL,London Hillingdon,51.496,-0.46,14.0,,,,0.022,,,14.0,-0.7071067811865471,-0.7071067811865479,-0.7818314824680299,0.6234898018587334,-0.8660254037844385,-0.5000000000000004,55,Moderate,10.88888888888889,1.7638342073763948,10.0,14.0,12.288235294117648,4.477562444140391,6.69,23.76,12.288235294117648,4.477562444140391,6.69,23.76,8.0,0.0,0,0,0,0
2026-08-23 15:40:48.292777,LONDON_WL1,London Waltham Forest,51.585,-0.012,13.0,28.0,360.0,39.5,,,,13.0,-0.7071067811865471,-0.7071067811865479,-0.7818314824680299,0.6234898018587334,-0.8660254037844385,-0.5000000000000004,53,Moderate,10.666666666666666,1.3228756555323002,10.0,13.0,11.816470588235294,4.305415109452965,6.98,25.02,11.816470588235294,4.305415109452965,6.98,25.02,13.0,0.0,0,0,0,0
2026-08-23 15:40:48.807538,LONDON_BX1,London Bexley - Erith,51.481,0.181,6.4,,,0.0,,,,6.4,-0.7071067811865471,-0.7071067811865479,-0.7818314824680299,0.6234898018587334,-0.8660254037844385,-0.5000000000000004,27,Good,8.033333333333333,0.926012958872613,6.4,8.5,11.213529411764705,7.084095691385448,5.22,32.91,11.213529411764705,7.084095691385448,5.22,32.91,9.0,0.0,0,0,0,0
2026-08-23 15:40:49.230309,LONDON_MY7,London Marylebone Road,51.522,-0.154,6.4,,,,0.03,,,6.4,-0.7071067811865471,-0.7071067811865479,-0.7818314824680299,0.6234898018587334,-0.8660254037844385,-0.5000000000000004,27,Good,8.033333333333333,0.9260129588726463,6.4,8.5,11.661764705882353,5.824383267022912,6.4,25.37,11.661764705882353,5.824383267022912,6.4,25.37,9.7,0.0,0,0,0,0
2026-08-23 15:40:49.694190,LONDON_KC1,London N. Kensington,51.521,-0.213,3.0,10.0,1.0305,0.002,0.037,,,3.0,-0.7071067811865471,-0.7071067811865479,-0.7818314824680299,0.6234898018587334,-0.8660254037844385,-0.5000000000000004,12,Good,3.388888888888889,0.22047927592199237,3.0,3.5,6.784705882352942,6.610872784329481,3.0,25.03,6.784705882352942,6.610872784329481,3.0,25.03,8.66,0.0,0,0,0,0
2026-08-23 15:40:50.129723,LONDON_TH4,London Tower Hamlets - Mile End Road,51.524,-0.033,6.4,,,,,,,6.4,-0.7071067811865471,-0.7071067811865479,-0.7818314824680299,0.6234898018587334,-0.8660254037844385,-0.5000000000000004,27,Good,8.033333333333335,0.9260129588725943,6.4,8.5,11.707058823529412,5.797271734085226,6.4,26.95,11.707058823529412,5.797271734085226,6.4,26.95,10.0,0.0,0,0,0,0
2026-08-23 15:40:50.345275,LONDON_GR9,London Greenwich - Westhorne Avenue,51.455,0.03,12.0,1.0,,12.0,10.0,,,12.0,-0.7071067811865471,-0.7071067811865479,-0.7818314824680299,0.6234898018587334,-0.8660254037844385,-0.5000000000000004,50,Good,12.0,0.0,12.0,12.0,13.721176470588235,4.700599539357906,8.66,27.85,13.721176470588235,4.700599539357906,8.66,27.85,9.0,0.0,0,0,0,0
2026-08-23 15:46:56.971779,LONDON_CT3,London City of London - Sir John Cass School,51.514,-0.077,13.0,,,5.0,49.1,,,13.0,-0.7071067811865471,-0.7071067811865479,-0.7818314824680299,0.6234898018587334,-0.8660254037844385,-0.5000000000000004,53,Moderate,11.33222222222222,1.5798241814975649,10.0,13.0,12.036666666666667,4.171059958388347,9.7,27.55,12.036666666666667,4.171059958388347,9.7,27.55,9.0,0.0,0,0,0,0
2026-08-23 15:46:57.419102,LONDON_SK6,London Southwark - A2 Invaliders,51.491,-0.102,8.8,,,,0.021,,,8.8,-0.7071067811865471,-0.7071067811865479,-0.7818314824680299,0.6234898018587334,-0.8660254037844385,-0.5000000000000004,37,Good,9.6,0.5999999999999722,8.8,10.0,11.956111111111111,5.816084329521415,8.8,31.83,11.956111111111111,5.816084329521415,8.8,31.83,10.0,0.0,0,0,0,0
2026-08-23 15:46:57.842024,LONDON_HF1,London Hammersmith and Fulham,51.49,-0.224,13.0,20.0,,54.1,27.8,,,13.0,-0.7071067811865471,-0.7071067811865479,-0.7818314824680299,0.6234898018587334,-0.8660254037844385,-0.5000000000000004,53,Moderate,10.333333333333334,2.0000000000000027,9.0,13.0,13.142777777777777,8.400084597301985,7.0,32.9,13.142777777777777,8.400084597301985,7.0,32.9,8.7,0.0,0,0,0,0
2026-08-23 15:46:58.073361,LONDON_HIL,London Hillingdon,51.496,-0.46,14.0,,,,0.022,,,14.0,-0.7071067811865471,-0.7071067811865479,-0.7818314824680299,0.6234898018587334,-0.8660254037844385,-0.5000000000000004,55,Moderate,11.333333333333334,2.000000000000001,10.0,14.0,12.383333333333333,4.362570747782981,6.69,23.76,12.383333333333333,4.362570747782981,6.69,23.76,4.2,0.0,0,0,0,0
2026-08-23 15:46:58.318015,LONDON_WL1,London Waltham Forest,51.585,-0.012,13.0,28.0,360.0,39.5,,,,13.0,-0.7071067811865471,-0.7071067811865479,-0.7818314824680299,0.6234898018587334,-0.8660254037844385,-0.5000000000000004,53,Moderate,11.0,1.5000000000000036,10.0,13.0,11.882222222222222,4.186171289538865,6.98,25.02,11.882222222222222,4.186171289538865,6.98,25.02,13.0,0.0,0,0,0,0
2026-08-23 15:46:58.759413,LONDON_BX1,London Bexley - Erith,51.481,0.181,6.4,,,0.0,,,,6.4,-0.7071067811865471,-0.7071067811865479,-0.7818314824680299,0.6234898018587334,-0.8660254037844385,-0.5000000000000004,27,Good,7.800000000000001,1.0500000000000056,6.4,8.5,10.946111111111112,6.965602156216848,5.22,32.91,10.946111111111112,6.965602156216848,5.22,32.91,12.0,0.0,0,0,0,0
2026-08-23 15:46:59.080898,LONDON_MY7,London Marylebone Road,51.522,-0.154,6.4,,,,0.03,,,6.4,-0.7071067811865471,-0.7071067811865479,-0.7818314824680299,0.6234898018587334,-0.8660254037844385,-0.5000000000000004,27,Good,7.800000000000001,1.0500000000000353,6.4,8.5,11.369444444444445,5.784986117449633,6.4,25.37,11.369444444444445,5.784986117449633,6.4,25.37,10.0,0.0,0,0,0,0
2026-08-23 15:46:59.325644,LONDON_KC1,London N. Kensington,51.521,-0.213,3.0,10.0,1.0305,0.002,0.037,,,3.0,-0.7071067811865471,-0.7071067811865479,-0.7818314824680299,0.6234898018587334,-0.8660254037844385,-0.5000000000000004,12,Good,3.3333333333333335,0.24999999999994965,3.0,3.5,6.5744444444444445,6.47523083596909,3.0,25.03,6.5744444444444445,6.47523083596909,3.0,25.03,24.96,0.0,0,0,0,0
2026-08-23 15:46:59.800851,LONDON_TH4,London Tower Hamlets - Mile End Road,51.524,-0.033,6.4,,,,,,,6.4,-0.7071067811865471,-0.7071067811865479,-0.7818314824680299,0.6234898018587334,-0.8660254037844385,-0.5000000000000004,27,Good,7.800000000000001,1.049999999999989,6.4,8.5,11.412222222222223,5.761606756652231,6.4,26.95,11.412222222222223,5.761606756652231,6.4,26.95,10.0,0.0,0,0,0,0
2026-08-23 15:47:00.283342,LONDON_GR9,London Greenwich - Westhorne Avenue,51.455,0.03,12.0,1.0,,12.0,10.0,,,12.0,-0.7071067811865471,-0.7071067811865479,-0.7818314824680299,0.6234898018587334,-0.8660254037844385,-0.5000000000000004,50,Good,12.0,0.0,12.0,12.0,13.625555555555556,4.57826093649263,8.66,27.85,13.625555555555556,4.57826093649263,8.66,27.85,3.5,0.0,0,0,0,0
2026-08-23 15:55:47.074832,LONDON_CT3,London City of London - Sir John Cass School,51.514,-0.077,13.0,,,5.0,49.1,,,13.0,-0.7071067811865471,-0.7071067811865479,-0.7818314824680299,0.6234898018587334,-0.8660254037844385,-0.5000000000000004,53,Moderate,11.665555555555555,1.5800879019148852,10.0,13.0,12.08736842105263,4.059561884004047,9.7,27.55,12.08736842105263,4.059561884004047,9.7,27.55,17.0,0.0,0,0,0,0
2026-08-23 15:55:47.274913,LONDON_SK6,London Southwark - A2 Invaliders,51.491,-0.102,8.8,,,,0.021,,,8.8,-0.7071067811865471,-0.7071067811865479,-0.7818314824680299,0.6234898018587334,-0.8660254037844385,-0.5000000000000004,37,Good,9.466666666666667,0.6324555320336489,8.8,10.0,11.79,5.698406209926888,8.8,31.83,11.79,5.698406209926888,8.8,31.83,10.0,0.0,0,0,0,0
2026-08-23 15:55:47.725376,LONDON_HF1,London Hammersmith and Fulham,51.49,-0.224,13.0,20.0,,54.1,27.8,,,13.0,-0.7071067811865471,-0.7071067811865479,-0.7818314824680299,0.6234898018587334,-0.8660254037844385,-0.5000000000000004,53,Moderate,10.777777777777779,2.1081851067789223,9.0,13.0,13.135263157894736,8.163480581509234,7.0,32.9,13.135263157894736,8.163480581509234,7.0,32.9,12.0,0.0,0,0,0,0
2026-08-23 15:55:48.172401,LONDON_HIL,London Hillingdon,51.496,-0.46,14.0,,,,0.022,,,14.0,-0.7071067811865471,-0.7071067811865479,-0.7818314824680299,0.6234898018587334,-0.8660254037844385,-0.5000000000000004,55,Moderate,11.777777777777779,2.1081851067789206,10.0,14.0,12.468421052631578,4.2558486073192325,6.69,23.76,12.468421052631578,4.2558486073192325,6.69,23.76,12.01,0.0,0,0,0,0
2026-08-23 15:55:48.611730,LONDON_WL1,London Waltham Forest,51.585,-0.012,13.0,28.0,360.0,39.5,,,,13.0,-0.7071067811865471,-0.7071067811865479,-0.7818314824680299,0.6234898018587334,-0.8660254037844385,-0.5000000000000004,53,Moderate,11.333333333333334,1.5811388300841924,10.0,13.0,11.941052631578946,4.076301284711754,6.98,25.02,11.941052631578946,4.076301284711754,6.98,25.02,13.0,0.0,0,0,0,0
2026-08-23 15:55:49.442162,LONDON_BX1,London Bexley - Erith,51.481,0.181,6.4,,,0.0,,,,6.4,-0.7071067811865471,-0.7071067811865479,-0.7818314824680299,0.6234898018587334,-0.8660254037844385,-0.5000000000000004,27,Good,7.566666666666666,1.1067971810589379,6.4,8.5,10.706842105263158,6.849220598507361,5.22,32.91,10.706842105263158,6.849220598507361,5.22,32.91,12.0,0.0,0,0,0,0
2026-08-23 15:55:50.222908,LONDON_MY7,London Marylebone Road,51.522,-0.154,6.4,,,,0.03,,,6.4,-0.7071067811865471,-0.7071067811865479,-0.7818314824680299,0.6234898018587334,-0.8660254037844385,-0.5000000000000004,27,Good,7.45,1.1224972160322209,6.4,8.5,11.107894736842105,5.736427051888435,6.4,25.37,11.107894736842105,5.736427051888435,6.4,25.37,8.5,0.0,0,0,0,0
2026-08-23 15:55:50.734491,LONDON_KC1,London N. Kensington,51.521,-0.213,3.0,10.0,1.0305,0.002,0.037,,,3.0,-0.7071067811865471,-0.7071067811865479,-0.7818314824680299,0.6234898018587334,-0.8660254037844385,-0.5000000000000004,12,Good,3.25,0.2672612419123703,3.0,3.5,6.386315789473684,6.345998923666887,3.0,25.03,6.386315789473684,6.345998923666887,3.0,25.03,9.7,0.0,0,0,0,0
2026-08-23 15:55:51.267738,LONDON_TH4,London Tower Hamlets - Mile End Road,51.524,-0.033,6.4,,,,,,,6.4,-0.7071067811865471,-0.7071067811865479,-0.7818314824680299,0.6234898018587334,-0.8660254037844385,-0.5000000000000004,27,Good,7.450000000000001,1.1224972160321702,6.4,8.5,11.148421052631578,5.716127538385381,6.4,26.95,11.148421052631578,5.716127538385381,6.4,26.95,13.0,0.0,0,0,0,0
2026-08-23 15:55:51.707757,LONDON_GR9,London Greenwich - Westhorne Avenue,51.455,0.03,12.0,1.0,,12.0,10.0,,,12.0,-0.7071067811865471,-0.7071067811865479,-0.7818314824680299,0.6234898018587334,-0.8660254037844385,-0.5000000000000004,50,Good,12.0,0.0,12.0,12.0,13.54,4.464871529817826,8.66,27.85,13.54,4.464871529817826,8.66,27.85,8.0,0.0,0,0,0,0
2026-08-23 16:01:56.758433,LONDON_CT3,London City of London - Sir John Cass School,51.514,-0.077,13.0,,,5.0,49.1,,,13.0,-0.8660254037844385,-0.5000000000000004,-0.7818314824680299,0.6234898018587334,-0.8660254037844385,-0.5000000000000004,53,Moderate,11.998888888888889,1.4991701408149498,10.0,13.0,12.133,3.9565536571750513,9.7,27.55,12.133,3.9565536571750513,9.7,27.55,9.0,0.0,0,0,0,0
2026-08-23 16:01:57.202050,LONDON_SK6,London Southwark - A2 Invaliders,51.491,-0.102,8.8,,,,0.021,,,8.8,-0.8660254037844385,-0.5000000000000004,-0.7818314824680299,0.6234898018587334,-0.8660254037844385,-0.5000000000000004,37,Good,9.333333333333334,0.6324555320336485,8.8,10.0,11.6405,5.586572694746234,8.8,31.83,11.6405,5.586572694746234,8.8,31.83,12.0,0.0,0,0,0,0
2026-08-23 16:01:57.639718,LONDON_HF1,London Hammersmith and Fulham,51.49,-0.224,13.0,25.0,,54.1,27.8,,,13.0,-0.8660254037844385,-0.5000000000000004,-0.7818314824680299,0.6234898018587334,-0.8660254037844385,-0.5000000000000004,53,Moderate,11.222222222222221,2.1081851067789223,9.0,13.0,13.128499999999999,7.945806093385629,7.0,32.9,13.128499999999999,7.945806093385629,7.0,32.9,12.0,0.0,0,0,0,0
2026-08-23 16:01:58.067220,LONDON_HIL,London Hillingdon,51.496,-0.46,14.0,,,,0.022,,,14.0,-0.8660254037844385,-0.5000000000000004,-0.7818314824680299,0.6234898018587334,-0.8660254037844385,-0.5000000000000004,55,Moderate,12.222222222222221,2.1081851067789206,10.0,14.0,12.545,4.156471808485755,6.69,23.76,12.545,4.156471808485755,6.69,23.76,16.65,0.0,0,0,0,0
2026-08-23 16:01:58.529359,LONDON_WL1,London Waltham Forest,51.585,-0.012,13.0,28.0,360.0,39.5,,,,13.0,-0.8660254037844385,-0.5000000000000004,-0.7818314824680299,0.6234898018587334,-0.8660254037844385,-0.5000000000000004,53,Moderate,11.666666666666666,1.5811388300841915,10.0,13.0,11.994,3.9746398711409268,6.98,25.02,11.994,3.9746398711409268,6.98,25.02,13.0,0.0,0,0,0,0
2026-08-23 16:01:58.965887,LONDON_BX1,London Bexley - Erith,51.481,0.181,6.4,,,0.0,,,,6.4,-0.8660254037844385,-0.5000000000000004,-0.7818314824680299,0.6234898018587334,-0.8660254037844385,-0.5000000000000004,27,Good,7.333333333333333,1.1067971810589379,6.4,8.5,10.4915,6.735742271447774,5.22,32.91,10.4915,6.735742271447774,5.22,32.91,3.5,0.0,0,0,0,0
2026-08-23 16:01:59.213827,LONDON_MY7,London Marylebone Road,51.522,-0.154,6.4,,,,0.03,,,6.4,-0.8660254037844385,-0.5000000000000004,-0.7818314824680299,0.6234898018587334,-0.8660254037844385,-0.5000000000000004,27,Good,7.333333333333333,1.106797181058967,6.4,8.5,10.8725,5.681802785625074,6.4,25.37,10.8725,5.681802785625074,6.4,25.37,8.5,0.0,0,0,0,0
2026-08-23 16:01:59.660638,LONDON_KC1,London N. Kensington,51.521,-0.213,3.0,10.0,1.0305,0.002,0.037,,,3.0,-0.8660254037844385,-0.5000000000000004,-0.7818314824680299,0.6234898018587334,-0.8660254037844385,-0.5000000000000004,12,Good,3.2222222222222223,0.26352313834731683,3.0,3.5,6.2170000000000005,6.222981262182434,3.0,25.03,6.2170000000000005,6.222981262182434,3.0,25.03,3.5,0.0,0,0,0,0
2026-08-23 16:02:00.086047,LONDON_TH4,London Tower Hamlets - Mile End Road,51.524,-0.033,6.4,,,,,,,6.4,-0.8660254037844385,-0.5000000000000004,-0.7818314824680299,0.6234898018587334,-0.8660254037844385,-0.5000000000000004,27,Good,7.333333333333333,1.1067971810589219,6.4,8.5,10.911,5.664079708776035,6.4,26.95,10.911,5.664079708776035,6.4,26.95,8.8,0.0,0,0,0,0
2026-08-23 16:02:00.537174,LONDON_GR9,London Greenwich - Westhorne Avenue,51.455,0.03,12.0,1.0,,12.0,10.0,,,12.0,-0.8660254037844385,-0.5000000000000004,-0.7818314824680299,0.6234898018587334,-0.8660254037844385,-0.5000000000000004,50,Good,12.0,0.0,12.0,12.0,13.463,4.359408578912365,8.66,27.85,13.463,4.359408578912365,8.66,27.85,8.0,0.0,0,0,0,0
2026-08-23 16:10:46.911773,LONDON_CT3,London City of London - Sir John Cass School,51.514,-0.077,13.0,,,5.0,49.1,,,13.0,-0.8660254037844385,-0.5000000000000004,-0.7818314824680299,0.6234898018587334,-0.8660254037844385,-0.5000000000000004,53,Moderate,12.0,1.5000000000000016,10.0,13.0,12.174285714285714,3.8610096754975536,9.7,27.55,12.174285714285714,3.8610096754975536,9.7,27.55,12.0,0.0,0,0,0,0
2026-08-23 16:10:47.142086,LONDON_SK6,London Southwark - A2 Invaliders,51.491,-0.102,8.8,,,,0.021,,,8.8,-0.8660254037844385,-0.5000000000000004,-0.7818314824680299,0.6234898018587334,-0.8660254037844385,-0.5000000000000004,37,Good,9.2,0.5999999999999708,8.8,10.0,11.505238095238095,5.480284316573017,8.8,31.83,11.505238095238095,5.480284316573017,8.8,31.83,3.5,0.0,0,0,0,0
2026-08-23 16:10:47.571992,LONDON_HF1,London Hammersmith and Fulham,51.49,-0.224,13.0,25.0,,54.1,27.8,,,13.0,-0.8660254037844385,-0.5000000000000004,-0.7818314824680299,0.6234898018587334,-0.8660254037844385,-0.5000000000000004,53,Moderate,11.666666666666666,2.0000000000000027,9.0,13.0,13.122380952380952,7.744664553589073,7.0,32.9,13.122380952380952,7.744664553589073,7.0,32.9,8.0,0.0,0,0,0,0
2026-08-23 16:10:47.825509,LONDON_HIL,London Hillingdon,51.496,-0.46,14.0,,,,0.022,,,14.0,-0.8660254037844385,-0.5000000000000004,-0.7818314824680299,0.6234898018587334,-0.8660254037844385,-0.5000000000000004,55,Moderate,12.666666666666666,2.000000000000001,10.0,14.0,12.614285714285714,4.063650540374469,6.69,23.76,12.614285714285714,4.063650540374469,6.69,23.76,29.37,0.0,0,0,0,0
2026-08-23 16:10:48.256400,LONDON_WL1,London Waltham Forest,51.585,-0.012,13.0,28.0,360.0,39.5,,,,13.0,-0.8660254037844385,-0.5000000000000004,-0.7818314824680299,0.6234898018587334,-0.8660254037844385,-0.5000000000000004,53,Moderate,12.0,1.5000000000000013,10.0,13.0,12.041904761904762,3.8802147093268173,6.98,25.02,12.041904761904762,3.8802147093268173,6.98,25.02,13.0,0.0,0,0,0,0
2026-08-23 16:10:48.491110,LONDON_BX1,London Bexley - Erith,51.481,0.181,6.4,,,0.0,,,,6.4,-0.8660254037844385,-0.5000000000000004,-0.7818314824680299,0.6234898018587334,-0.8660254037844385,-0.5000000000000004,27,Good,7.1000000000000005,1.0500000000000054,6.4,8.5,10.296666666666667,6.625622486478786,5.22,32.91,10.296666666666667,6.625622486478786,5.22,32.91,15.6,0.0,0,0,0,0
2026-08-23 16:10:48.718607,LONDON_MY7,London Marylebone Road,51.522,-0.154,6.4,,,,0.03,,,6.4,-0.8660254037844385,-0.5000000000000004,-0.7818314824680299,0.6234898018587334,-0.8660254037844385,-0.5000000000000004,27,Good,7.1000000000000005,1.0500000000000362,6.4,8.5,10.65952380952381,5.623279715780176,6.4,25.37,10.65952380952381,5.623279715780176,6.4,25.37,9.0,0.0,0,0,0,0
2026-08-23 16:10:48.937924,LONDON_KC1,London N. Kensington,51.521,-0.213,3.0,10.0,1.0305,0.002,0.037,,,3.0,-0.8660254037844385,-0.5000000000000004,-0.7818314824680299,0.6234898018587334,-0.8660254037844385,-0.5000000000000004,12,Good,3.1666666666666665,0.24999999999994907,3.0,3.5,6.063809523809524,6.105901633821556,3.0,25.03,6.063809523809524,6.105901633821556,3.0,25.03,11.0,0.0,0,0,0,0
2026-08-23 16:10:49.370821,LONDON_TH4,London Tower Hamlets - Mile End Road,51.524,-0.033,6.4,,,,,,,6.4,-0.8660254037844385,-0.5000000000000004,-0.7818314824680299,0.6234898018587334,-0.8660254037844385,-0.5000000000000004,27,Good,7.1000000000000005,1.0499999999999885,6.4,8.5,10.696190476190477,5.607737044646864,6.4,26.95,10.696190476190477,5.607737044646864,6.4,26.95,13.0,0.0,0,0,0,0
2026-08-23 16:10:49.992192,LONDON_GR9,London Greenwich - Westhorne Avenue,51.455,0.03,12.0,1.0,,12.0,10.0,,,12.0,-0.8660254037844385,-0.5000000000000004,-0.7818314824680299,0.6234898018587334,-0.8660254037844385,-0.5000000000000004,50,Good,12.0,0.0,12.0,12.0,13.393333333333333,4.261002620667268,8.66,27.85,13.393333333333333,4.261002620667268,8.66,27.85,12.0,0.0,0,0,0,0
2026-08-23 16:16:56.647123,LONDON_CT3,London City of London - Sir John Cass School,51.514,-0.077,13.0,,,5.0,49.1,,,13.0,-0.8660254037844385,-0.5000000000000004,-0.7818314824680299,0.6234898018587334,-0.8660254037844385,-0.5000000000000004,53,Moderate,12.333333333333334,1.3228756555322967,10.0,13.0,12.211818181818183,3.7720698326662556,9.7,27.55,12.211818181818183,3.7720698326662556,9.7,27.55,15.6,0.0,0,0,0,0
2026-08-23 16:16:56.884571,LONDON_SK6,London Southwark - A2 Invaliders,51.491,-0.102,8.8,,,,0.021,,,8.8,-0.8660254037844385,-0.5000000000000004,-0.7818314824680299,0.6234898018587334,-0.8660254037844385,-0.5000000000000004,37,Good,9.066666666666666,0.5291502622128847,8.8,10.0,11.382272727272728,5.379219213849658,8.8,31.83,11.382272727272728,5.379219213849658,8.8,31.83,8.5,0.0,0,0,0,0
2026-08-23 16:16:57.476203,LONDON_HF1,London Hammersmith and Fulham,51.49,-0.224,13.0,25.0,,55.3,27.8,,,13.0,-0.8660254037844385,-0.5000000000000004,-0.7818314824680299,0.6234898018587334,-0.8660254037844385,-0.5000000000000004,53,Moderate,12.5,1.4142135623730998,9.0,13.0,13.116818181818182,7.558063739422781,7.0,32.9,13.116818181818182,7.558063739422781,7.0,32.9,4.2,0.0,0,0,0,0
2026-08-23 16:16:57.927212,LONDON_HIL,London Hillingdon,51.496,-0.46,14.0,,,,0.022,,,14.0,-0.8660254037844385,-0.5000000000000004,-0.7818314824680299,0.6234898018587334,-0.8660254037844385,-0.5000000000000004,55,Moderate,13.11111111111111,1.763834207376395,10.0,14.0,12.677272727272726,3.9767062008391076,6.69,23.76,12.677272727272726,3.9767062008391076,6.69,23.76,14.28,0.0,0,0,0,0
2026-08-23 16:16:58.398397,LONDON_WL1,London Waltham Forest,51.585,-0.012,13.0,28.0,360.0,39.5,,,,13.0,-0.8660254037844385,-0.5000000000000004,-0.7818314824680299,0.6234898018587334,-0.8660254037844385,-0.5000000000000004,53,Moderate,12.625,1.0606601717798212,10.0,13.0,12.085454545454546,3.7922072066061348,6.98,25.02,12.085454545454546,3.7922072066061348,6.98,25.02,13.0,0.0,0,0,0,0
2026-08-23 16:16:58.658449,LONDON_BX1,London Bexley - Erith,51.481,0.181,6.4,,,0.0,,,,6.4,-0.8660254037844385,-0.5000000000000004,-0.7818314824680299,0.6234898018587334,-0.8660254037844385,-0.5000000000000004,27,Good,6.6625000000000005,0.7424621202458833,6.4,8.5,10.119545454545454,6.519097569210259,5.22,32.91,10.119545454545454,6.519097569210259,5.22,32.91,12.0,0.0,0,0,0,0
2026-08-23 16:16:59.125058,LONDON_MY7,London Marylebone Road,51.522,-0.154,6.4,,,,0.03,,,6.4,-0.8660254037844385,-0.5000000000000004,-0.7818314824680299,0.6234898018587334,-0.8660254037844385,-0.5000000000000004,27,Good,6.6625000000000005,0.7424621202459346,6.4,8.5,10.465909090909092,5.56239213621768,6.4,25.37,10.465909090909092,5.56239213621768,6.4,25.37,12.0,0.0,0,0,0,0
2026-08-23 16:16:59.451875,LONDON_KC1,London N. Kensington,51.521,-0.213,3.0,10.0,1.0305,0.002,0.037,,,3.0,-0.8660254037844385,-0.5000000000000004,-0.7818314824680299,0.6234898018587334,-0.8660254037844385,-0.5000000000000004,12,Good,3.0625,0.176776695296554,3.0,3.5,5.924545454545455,5.994445625325026,3.0,25.03,5.924545454545455,5.994445625325026,3.0,25.03,12.0,0.0,0,0,0,0
2026-08-23 16:16:59.887074,LONDON_TH4,London Tower Hamlets - Mile End Road,51.524,-0.033,6.4,,,,,,,6.4,-0.8660254037844385,-0.5000000000000004,-0.7818314824680299,0.6234898018587334,-0.8660254037844385,-0.5000000000000004,27,Good,6.6625000000000005,0.7424621202458562,6.4,8.5,10.500909090909092,5.548713200537415,6.4,26.95,10.500909090909092,5.548713200537415,6.4,26.95,12.0,0.0,0,0,0,0
2026-08-23 16:17:00.725616,LONDON_GR9,London Greenwich - Westhorne Avenue,51.455,0.03,12.0,1.0,,12.0,10.0,,,12.0,-0.8660254037844385,-0.5000000000000004,-0.7818314824680299,0.6234898018587334,-0.8660254037844385,-0.5000000000000004,50,Good,12.0,0.0,12.0,12.0,13.33,4.168909872353865,8.66,27.85,13.33,4.168909872353865,8.66,27.85,12.0,0.0,0,0,0,0
2026-08-25 14:02:18.581567,LONDON_CT3,London City of London - Sir John Cass School,51.514,-0.077,21.05,27.07,2.02,46.17,82.57,,,21.05,-0.4999999999999997,-0.8660254037844388,0.7818314824680298,0.6234898018587336,-0.8660254037844385,-0.5000000000000004,70,Moderate,21.05,0.0,21.05,21.05,21.05,0.0,21.05,21.05,21.05,0.0,21.05,21.05,9.0,0.0,0,0,0,0
2026-08-25 14:02:21.113496,LONDON_SK6,London Southwark - A2 Invaliders,51.491,-0.102,6.7,,,,0.013,,,6.7,-0.4999999999999997,-0.8660254037844388,0.7818314824680298,0.6234898018587336,-0.8660254037844385,-0.5000000000000004,28,Good,6.7,0.0,6.7,6.7,6.7,0.0,6.7,6.7,6.7,0.0,6.7,6.7,10.0,0.0,0,0,0,0
2026-08-25 14:02:21.571170,LONDON_HF1,London Hammersmith and Fulham,51.49,-0.224,12.0,45.0,,41.0,27.8,,,12.0,-0.4999999999999997,-0.8660254037844388,0.7818314824680298,0.6234898018587336,-0.8660254037844385,-0.5000000000000004,50,Good,12.0,0.0,12.0,12.0,12.0,0.0,12.0,12.0,12.0,0.0,12.0,12.0,8.7,0.0,0,0,0,0
2026-08-25 14:02:22.087847,LONDON_HIL,London Hillingdon,51.496,-0.46,11.0,,,,0.023,,,11.0,-0.4999999999999997,-0.8660254037844388,0.7818314824680298,0.6234898018587336,-0.8660254037844385,-0.5000000000000004,46,Good,11.0,0.0,11.0,11.0,11.0,0.0,11.0,11.0,11.0,0.0,11.0,11.0,32.9,0.0,0,0,0,0
2026-08-25 14:02:22.501679,LONDON_WL1,London Waltham Forest,51.585,-0.012,11.5,28.0,360.0,39.5,,,,11.5,-0.4999999999999997,-0.8660254037844388,0.7818314824680298,0.6234898018587336,-0.8660254037844385,-0.5000000000000004,48,Good,11.5,0.0,11.5,11.5,11.5,0.0,11.5,11.5,11.5,0.0,11.5,11.5,11.5,0.0,0,0,0,0
2026-08-25 14:02:32.513338,LONDON_BX1,London Bexley - Erith,51.481,0.181,13.62,47.03,2.49,27.15,73.5,,,13.62,-0.4999999999999997,-0.8660254037844388,0.7818314824680298,0.6234898018587336,-0.8660254037844385,-0.5000000000000004,54,Moderate,13.62,0.0,13.62,13.62,13.62,0.0,13.62,13.62,13.62,0.0,13.62,13.62,9.0,0.0,0,0,0,0
2026-08-25 14:02:32.535726,LONDON_MY7,London Marylebone Road,51.522,-0.154,23.1,47.96,0.42,59.39,32.27,,,23.1,-0.4999999999999997,-0.8660254037844388,0.7818314824680298,0.6234898018587336,-0.8660254037844385,-0.5000000000000004,74,Moderate,23.1,0.0,23.1,23.1,23.1,0.0,23.1,23.1,23.1,0.0,23.1,23.1,8.5,0.0,0,0,0,0
2026-08-25 14:02:32.552754,LONDON_KC1,London N. Kensington,51.521,-0.213,29.57,37.4,0.38,24.51,36.63,,,29.57,-0.4999999999999997,-0.8660254037844388,0.7818314824680298,0.6234898018587336,-0.8660254037844385,-0.5000000000000004,88,Moderate,29.57,0.0,29.57,29.57,29.57,0.0,29.57,29.57,29.57,0.0,29.57,29.57,12.0,0.0,0,0,0,0
2026-08-25 14:02:32.575883,LONDON_TH4,London Tower Hamlets - Mile End Road,51.524,-0.033,19.58,34.19,1.97,34.46,54.81,,,19.58,-0.4999999999999997,-0.8660254037844388,0.7818314824680298,0.6234898018587336,-0.8660254037844385,-0.5000000000000004,67,Moderate,19.58,0.0,19.58,19.58,19.58,0.0,19.58,19.58,19.58,0.0,19.58,19.58,6.4,0.0,0,0,0,0
2026-08-25 14:02:32.648622,LONDON_GR9,London Greenwich - Westhorne Avenue,51.455,0.03,26.97,22.52,2.11,72.75,23.27,,,26.97,-0.4999999999999997,-0.8660254037844388,0.7818314824680298,0.6234898018587336,-0.8660254037844385,-0.5000000000000004,82,Moderate,26.97,0.0,26.97,26.97,26.97,0.0,26.97,26.97,26.97,0.0,26.97,26.97,8.0,0.0,0,0,0,0
2026-08-25 14:08:16.421782,LONDON_CT3,London City of London - Sir John Cass School,51.514,-0.077,22.69,36.43,1.52,51.79,72.52,,,22.69,-0.4999999999999997,-0.8660254037844388,0.7818314824680298,0.6234898018587336,-0.8660254037844385,-0.5000000000000004,73,Moderate,21.87,1.1596551211459383,21.05,22.69,21.87,1.1596551211459383,21.05,22.69,21.87,1.1596551211459383,21.05,22.69,17.0,0.0,0,0,0,0
2026-08-25 14:08:16.451509,LONDON_SK6,London Southwark - A2 Invaliders,51.491,-0.102,21.7,54.04,1.55,16.21,73.57,,,21.7,-0.4999999999999997,-0.8660254037844388,0.7818314824680298,0.6234898018587336,-0.8660254037844385,-0.5000000000000004,71,Moderate,14.2,10.606601717798213,6.7,21.7,14.2,10.606601717798213,6.7,21.7,14.2,10.606601717798213,6.7,21.7,8.8,0.0,0,0,0,0
2026-08-25 14:08:16.474779,LONDON_HF1,London Hammersmith and Fulham,51.49,-0.224,32.52,22.62,0.62,22.98,23.32,,,32.52,-0.4999999999999997,-0.8660254037844388,0.7818314824680298,0.6234898018587336,-0.8660254037844385,-0.5000000000000004,94,Moderate,22.26,14.509831149947956,12.0,32.52,22.26,14.509831149947956,12.0,32.52,22.26,14.509831149947956,12.0,32.52,12.0,0.0,0,0,0,0
2026-08-25 14:08:16.506071,LONDON_HIL,London Hillingdon,51.496,-0.46,20.49,52.34,0.46,30.08,22.37,,,20.49,-0.4999999999999997,-0.8660254037844388,0.7818314824680298,0.6234898018587336,-0.8660254037844385,-0.5000000000000004,69,Moderate,15.745,6.710443353460335,11.0,20.49,15.745,6.710443353460335,11.0,20.49,15.745,6.710443353460335,11.0,20.49,25.03,0.0,0,0,0,0
2026-08-25 14:08:16.524302,LONDON_WL1,London Waltham Forest,51.585,-0.012,25.48,54.78,0.4,40.0,82.38,,,25.48,-0.4999999999999997,-0.8660254037844388,0.7818314824680298,0.6234898018587336,-0.8660254037844385,-0.5000000000000004,79,Moderate,18.490000000000002,9.885352800987933,11.5,25.48,18.490000000000002,9.885352800987933,11.5,25.48,18.490000000000002,9.885352800987933,11.5,25.48,25.48,0.0,0,0,0,0
2026-08-25 14:08:16.538743,LONDON_BX1,London Bexley - Erith,51.481,0.181,17.67,40.75,0.65,60.3,89.75,,,17.67,-0.4999999999999997,-0.8660254037844388,0.7818314824680298,0.6234898018587336,-0.8660254037844385,-0.5000000000000004,63,Moderate,15.645,2.86378246380552,13.62,17.67,15.645,2.86378246380552,13.62,17.67,15.645,2.86378246380552,13.62,17.67,7.3,0.0,0,0,0,0
2026-08-25 14:08:16.549594,LONDON_MY7,London Marylebone Road,51.522,-0.154,32.82,18.67,2.06,28.27,78.6,,,32.82,-0.4999999999999997,-0.8660254037844388,0.7818314824680298,0.6234898018587336,-0.8660254037844385,-0.5000000000000004,95,Moderate,27.96,6.873077913133241,23.1,32.82,27.96,6.873077913133241,23.1,32.82,27.96,6.873077913133241,23.1,32.82,10.0,0.0,0,0,0,0
2026-08-25 14:08:16.559551,LONDON_KC1,London N. Kensington,51.521,-0.213,15.55,12.58,1.71,26.51,60.3,,,15.55,-0.4999999999999997,-0.8660254037844388,0.7818314824680298,0.6234898018587336,-0.8660254037844385,-0.5000000000000004,58,Moderate,22.560000000000002,9.913637072235398,15.55,29.57,22.560000000000002,9.913637072235398,15.55,29.57,22.560000000000002,9.913637072235398,15.55,29.57,10.0,0.0,0,0,0,0
2026-08-25 14:08:16.576065,LONDON_TH4,London Tower Hamlets - Mile End Road,51.524,-0.033,20.51,34.85,0.35,52.58,40.29,,,20.51,-0.4999999999999997,-0.8660254037844388,0.7818314824680298,0.6234898018587336,-0.8660254037844385,-0.5000000000000004,69,Moderate,20.045,0.6576093065034903,19.58,20.51,20.045,0.6576093065034903,19.58,20.51,20.045,0.6576093065034903,19.58,20.51,3.0,0.0,0,0,0,0
2026-08-25 14:08:16.592168,LONDON_GR9,London Greenwich - Westhorne Avenue,51.455,0.03,23.02,41.43,0.86,44.57,57.42,,,23.02,-0.4999999999999997,-0.8660254037844388,0.7818314824680298,0.6234898018587336,-0.8660254037844385,-0.5000000000000004,74,Moderate,24.994999999999997,2.7930717856868608,23.02,26.97,24.994999999999997,2.7930717856868608,23.02,26.97,24.994999999999997,2.7930717856868608,23.02,26.97,12.0,0.0,0,0,0,0
2026-08-25 14:17:06.626180,LONDON_CT3,London City of London - Sir John Cass School,51.514,-0.077,22.29,39.75,0.36,20.76,37.08,,,22.29,-0.4999999999999997,-0.8660254037844388,0.7818314824680298,0.6234898018587336,-0.8660254037844385,-0.5000000000000004,72,Moderate,22.01,0.8551023330572778,21.05,22.69,22.01,0.8551023330572778,21.05,22.69,22.01,0.8551023330572778,21.05,22.69,9.0,0.0,0,0,0,0
2026-08-25 14:17:06.664143,LONDON_SK6,London Southwark - A2 Invaliders,51.491,-0.102,10.15,37.0,1.47,39.04,64.13,,,10.15,-0.4999999999999997,-0.8660254037844388,0.7818314824680298,0.6234898018587336,-0.8660254037844385,-0.5000000000000004,42,Good,12.85,7.856048625104099,6.7,21.7,12.85,7.856048625104099,6.7,21.7,12.85,7.856048625104099,6.7,21.7,12.0,0.0,0,0,0,0
2026-08-25 14:17:06.703126,LONDON_HF1,London Hammersmith and Fulham,51.49,-0.224,12.47,24.68,0.17,67.86,21.01,,,12.47,-0.4999999999999997,-0.8660254037844388,0.7818314824680298,0.6234898018587336,-0.8660254037844385,-0.5000000000000004,52,Moderate,18.996666666666666,11.713907688441692,12.0,32.52,18.996666666666666,11.713907688441692,12.0,32.52,18.996666666666666,11.713907688441692,12.0,32.52,12.0,0.0,0,0,0,0
2026-08-25 14:17:06.730709,LONDON_HIL,London Hillingdon,51.496,-0.46,22.78,19.47,1.63,52.3,83.87,,,22.78,-0.4999999999999997,-0.8660254037844388,0.7818314824680298,0.6234898018587336,-0.8660254037844385,-0.5000000000000004,73,Moderate,18.09,6.245966698598385,11.0,22.78,18.09,6.245966698598385,11.0,22.78,18.09,6.245966698598385,11.0,22.78,30.29,0.0,0,0,0,0
2026-08-25 14:17:06.768896,LONDON_WL1,London Waltham Forest,51.585,-0.012,9.53,27.36,0.89,43.17,85.39,,,9.53,-0.4999999999999997,-0.8660254037844388,0.7818314824680298,0.6234898018587336,-0.8660254037844385,-0.5000000000000004,40,Good,15.503333333333332,8.696012496157842,9.53,25.48,15.503333333333332,8.696012496157842,9.53,25.48,15.503333333333332,8.696012496157842,9.53,25.48,9.53,0.0,0,0,0,0
2026-08-25 14:17:06.797465,LONDON_BX1,London Bexley - Erith,51.481,0.181,24.73,32.26,1.26,62.77,85.38,,,24.73,-0.4999999999999997,-0.8660254037844388,0.7818314824680298,0.6234898018587336,-0.8660254037844385,-0.5000000000000004,78,Moderate,18.673333333333332,5.622546872488779,13.62,24.73,18.673333333333332,5.622546872488779,13.62,24.73,18.673333333333332,5.622546872488779,13.62,24.73,17.0,0.0,0,0,0,0
2026-08-25 14:17:06.813562,LONDON_MY7,London Marylebone Road,51.522,-0.154,14.28,42.77,2.42,77.68,47.72,,,14.28,-0.4999999999999997,-0.8660254037844388,0.7818314824680298,0.6234898018587336,-0.8660254037844385,-0.5000000000000004,56,Moderate,23.400000000000002,9.273640062025267,14.28,32.82,23.400000000000002,9.273640062025267,14.28,32.82,23.400000000000002,9.273640062025267,14.28,32.82,10.0,0.0,0,0,0,0
2026-08-25 14:17:06.819870,LONDON_KC1,London N. Kensington,51.521,-0.213,20.24,20.03,1.05,32.88,31.51,,,20.24,-0.4999999999999997,-0.8660254037844388,0.7818314824680298,0.6234898018587336,-0.8660254037844385,-0.5000000000000004,68,Moderate,21.786666666666665,7.136822355455777,15.55,29.57,21.786666666666665,7.136822355455777,15.55,29.57,21.786666666666665,7.136822355455777,15.55,29.57,3.5,0.0,0,0,0,0
2026-08-25 14:17:06.827549,LONDON_TH4,London Tower Hamlets - Mile End Road,51.524,-0.033,31.11,40.61,1.03,44.31,87.14,,,31.11,-0.4999999999999997,-0.8660254037844388,0.7818314824680298,0.6234898018587336,-0.8660254037844385,-0.5000000000000004,91,Moderate,23.733333333333334,6.405281674784749,19.58,31.11,23.733333333333334,6.405281674784749,19.58,31.11,23.733333333333334,6.405281674784749,19.58,31.11,6.4,0.0,0,0,0,0
2026-08-25 14:17:06.842267,LONDON_GR9,London Greenwich - Westhorne Avenue,51.455,0.03,25.58,15.71,0.84,67.8,77.87,,,25.58,-0.4999999999999997,-0.8660254037844388,0.7818314824680298,0.6234898018587336,-0.8660254037844385,-0.5000000000000004,79,Moderate,25.189999999999998,2.003671629783682,23.02,26.97,25.189999999999998,2.003671629783682,23.02,26.97,25.189999999999998,2.003671629783682,23.02,26.97,15.4,0.0,0,0,0,0
2026-08-25 14:23:16.378804,LONDON_CT3,London City of London - Sir John Cass School,51.514,-0.077,24.79,43.67,0.55,76.87,74.47,,,24.79,-0.4999999999999997,-0.8660254037844388,0.7818314824680298,0.6234898018587336,-0.8660254037844385,-0.5000000000000004,78,Moderate,22.705,1.5554956337665053,21.05,24.79,22.705,1.5554956337665053,21.05,24.79,22.705,1.5554956337665053,21.05,24.79,12.0,0.0,0,0,0,0
2026-08-25 14:23:16.407974,LONDON_SK6,London Southwark - A2 Invaliders,51.491,-0.102,18.17,45.8,1.85,77.02,22.06,,,18.17,-0.4999999999999997,-0.8660254037844388,0.7818314824680298,0.6234898018587336,-0.8660254037844385,-0.5000000000000004,64,Moderate,14.18,6.944105413946422,6.7,21.7,14.18,6.944105413946422,6.7,21.7,14.18,6.944105413946422,6.7,21.7,3.0,0.0,0,0,0,0
2026-08-25 14:23:16.481308,LONDON_HF1,London Hammersmith and Fulham,51.49,-0.224,9.29,42.89,0.71,67.56,47.1,,,9.29,-0.4999999999999997,-0.8660254037844388,0.7818314824680298,0.6234898018587336,-0.8660254037844385,-0.5000000000000004,39,Good,16.57,10.725294090761958,9.29,32.52,16.57,10.725294090761958,9.29,32.52,16.57,10.725294090761958,9.29,32.52,8.0,0.0,0,0,0,0
2026-08-25 14:23:16.539420,LONDON_HIL,London Hillingdon,51.496,-0.46,11.79,38.89,2.4,78.15,41.44,,,11.79,-0.4999999999999997,-0.8660254037844388,0.7818314824680298,0.6234898018587336,-0.8660254037844385,-0.5000000000000004,49,Good,16.515,5.994211096271691,11.0,22.78,16.515,5.994211096271691,11.0,22.78,16.515,5.994211096271691,11.0,22.78,14.88,0.0,0,0,0,0
2026-08-25 14:23:16.559510,LONDON_WL1,London Waltham Forest,51.585,-0.012,11.52,29.09,2.1,40.34,26.53,,,11.52,-0.4999999999999997,-0.8660254037844388,0.7818314824680298,0.6234898018587336,-0.8660254037844385,-0.5000000000000004,48,Good,14.5075,7.374312962348877,9.53,25.48,14.5075,7.374312962348877,9.53,25.48,14.5075,7.374312962348877,9.53,25.48,11.52,0.0,0,0,0,0
2026-08-25 14:23:16.581137,LONDON_BX1,London Bexley - Erith,51.481,0.181,23.53,32.63,1.73,22.35,61.89,,,23.53,-0.4999999999999997,-0.8660254037844388,0.7818314824680298,0.6234898018587336,-0.8660254037844385,-0.5000000000000004,75,Moderate,19.8875,5.193472666081275,13.62,24.73,19.8875,5.193472666081275,13.62,24.73,19.8875,5.193472666081275,13.62,24.73,9.0,0.0,0,0,0,0
2026-08-25 14:23:16.607467,LONDON_MY7,London Marylebone Road,51.522,-0.154,24.75,26.92,0.1,15.98,82.5,,,24.75,-0.4999999999999997,-0.8660254037844388,0.7818314824680298,0.6234898018587336,-0.8660254037844385,-0.5000000000000004,78,Moderate,23.7375,7.601922454221695,14.28,32.82,23.7375,7.601922454221695,14.28,32.82,23.7375,7.601922454221695,14.28,32.82,3.5,0.0,0,0,0,0
2026-08-25 14:23:16.644194,LONDON_KC1,London N. Kensington,51.521,-0.213,15.7,42.03,0.46,74.74,53.34,,,15.7,-0.4999999999999997,-0.8660254037844388,0.7818314824680298,0.6234898018587336,-0.8660254037844385,-0.5000000000000004,59,Moderate,20.265,6.574042389073359,15.55,29.57,20.265,6.574042389073359,15.55,29.57,20.265,6.574042389073359,15.55,29.57,10.0,0.0,0,0,0,0
2026-08-25 14:23:16.656824,LONDON_TH4,London Tower Hamlets - Mile End Road,51.524,-0.033,32.58,15.81,1.61,56.33,59.38,,,32.58,-0.4999999999999997,-0.8660254037844388,0.7818314824680298,0.6234898018587336,-0.8660254037844385,-0.5000000000000004,94,Moderate,25.945,6.849644759645081,19.58,32.58,25.945,6.849644759645081,19.58,32.58,25.945,6.849644759645081,19.58,32.58,6.4,0.0,0,0,0,0
2026-08-25 14:23:16.675354,LONDON_GR9,London Greenwich - Westhorne Avenue,51.455,0.03,15.81,23.15,0.26,50.66,31.23,,,15.81,-0.4999999999999997,-0.8660254037844388,0.7818314824680298,0.6234898018587336,-0.8660254037844385,-0.5000000000000004,59,Moderate,22.845,4.9671487461789035,15.81,26.97,22.845,4.9671487461789035,15.81,26.97,22.845,4.9671487461789035,15.81,26.97,8.7,0.0,0,0,0,0
2026-08-25 14:32:06.618400,LONDON_CT3,London City of London - Sir John Cass School,51.514,-0.077,10.8,50.58,1.48,33.24,55.37,,,10.8,-0.4999999999999997,-0.8660254037844388,0.7818314824680298,0.6234898018587336,-0.8660254037844385,-0.5000000000000004,45,Good,20.324,5.491855788346959,10.8,24.79,20.324,5.491855788346959,10.8,24.79,20.324,5.491855788346959,10.8,24.79,15.6,0.0,0,0,0,0
2026-08-25 14:32:06.657402,LONDON_SK6,London Southwark - A2 Invaliders,51.491,-0.102,11.58,26.26,1.3,50.61,33.93,,,11.58,-0.4999999999999997,-0.8660254037844388,0.7818314824680298,0.6234898018587336,-0.8660254037844385,-0.5000000000000004,48,Good,13.66,6.12514897778005,6.7,21.7,13.66,6.12514897778005,6.7,21.7,13.66,6.12514897778005,6.7,21.7,6.4,0.0,0,0,0,0
2026-08-25 14:32:06.692544,LONDON_HF1,London Hammersmith and Fulham,51.49,-0.224,13.07,52.99,2.07,68.72,37.88,,,13.07,-0.4999999999999997,-0.8660254037844388,0.7818314824680298,0.6234898018587336,-0.8660254037844385,-0.5000000000000004,53,Moderate,15.870000000000001,9.419339148793828,9.29,32.52,15.870000000000001,9.419339148793828,9.29,32.52,15.870000000000001,9.419339148793828,9.29,32.52,4.2,0.0,0,0,0,0
2026-08-25 14:32:06.724759,LONDON_HIL,London Hillingdon,51.496,-0.46,13.21,13.65,0.25,21.88,27.93,,,13.21,-0.4999999999999997,-0.8660254037844388,0.7818314824680298,0.6234898018587336,-0.8660254037844385,-0.5000000000000004,53,Moderate,15.854,5.397455882172638,11.0,22.78,15.854,5.397455882172638,11.0,22.78,15.854,5.397455882172638,11.0,22.78,7.0,0.0,0,0,0,0
2026-08-25 14:32:06.757221,LONDON_WL1,London Waltham Forest,51.585,-0.012,27.39,15.22,1.73,22.76,72.84,,,27.39,-0.4999999999999997,-0.8660254037844388,0.7818314824680298,0.6234898018587336,-0.8660254037844385,-0.5000000000000004,83,Moderate,17.084,8.600995872571968,9.53,27.39,17.084,8.600995872571968,9.53,27.39,17.084,8.600995872571968,9.53,27.39,27.39,0.0,0,0,0,0
2026-08-25 14:32:06.784292,LONDON_BX1,London Bexley - Erith,51.481,0.181,7.98,38.47,1.47,37.41,38.68,,,7.98,-0.4999999999999997,-0.8660254037844388,0.7818314824680298,0.6234898018587336,-0.8660254037844385,-0.5000000000000004,33,Good,17.506,6.97042538156747,7.98,24.73,17.506,6.97042538156747,7.98,24.73,17.506,6.97042538156747,7.98,24.73,9.0,0.0,0,0,0,0
2026-08-25 14:32:06.803057,LONDON_MY7,London Marylebone Road,51.522,-0.154,32.75,29.02,2.0,25.16,35.94,,,32.75,-0.4999999999999997,-0.8660254037844388,0.7818314824680298,0.6234898018587336,-0.8660254037844385,-0.5000000000000004,94,Moderate,25.54,7.719258384067734,14.28,32.82,25.54,7.719258384067734,14.28,32.82,25.54,7.719258384067734,14.28,32.82,10.0,0.0,0,0,0,0
2026-08-25 14:32:06.812304,LONDON_KC1,London N. Kensington,51.521,-0.213,21.6,54.01,1.82,54.51,72.62,,,21.6,-0.4999999999999997,-0.8660254037844388,0.7818314824680298,0.6234898018587336,-0.8660254037844385,-0.5000000000000004,71,Moderate,20.532,5.7245060922318896,15.55,29.57,20.532,5.7245060922318896,15.55,29.57,20.532,5.7245060922318896,15.55,29.57,12.0,0.0,0,0,0,0
2026-08-25 14:32:06.827498,LONDON_TH4,London Tower Hamlets - Mile End Road,51.524,-0.033,6.5,44.29,1.59,21.81,55.48,,,6.5,-0.4999999999999997,-0.8660254037844388,0.7818314824680298,0.6234898018587336,-0.8660254037844385,-0.5000000000000004,27,Good,22.056,10.526624815200739,6.5,32.58,22.056,10.526624815200739,6.5,32.58,22.056,10.526624815200739,6.5,32.58,11.5,0.0,0,0,0,0
2026-08-25 14:32:06.840323,LONDON_GR9,London Greenwich - Westhorne Avenue,51.455,0.03,19.26,34.76,1.25,77.98,40.59,,,19.26,-0.4999999999999997,-0.8660254037844388,0.7818314824680298,0.6234898018587336,-0.8660254037844385,-0.5000000000000004,66,Moderate,22.128,4.590737413531729,15.81,26.97,22.128,4.590737413531729,15.81,26.97,22.128,4.590737413531729,15.81,26.97,8.0,0.0,0,0,0,0
2026-08-25 14:38:18.851133,LONDON_CT3,London City of London - Sir John Cass School,51.514,-0.077,11.0,,,5.0,49.1,,,11.0,-0.4999999999999997,-0.8660254037844388,0.7818314824680298,0.6234898018587336,-0.8660254037844385,-0.5000000000000004,46,Good,18.77,6.214328604121286,10.8,24.79,18.77,6.214328604121286,10.8,24.79,18.77,6.214328604121286,10.8,24.79,9.0,0.0,0,0,0,0
2026-08-25 14:38:19.092037,LONDON_SK6,London Southwark - A2 Invaliders,51.491,-0.102,4.9,,,,0.02,,,4.9,-0.4999999999999997,-0.8660254037844388,0.7818314824680298,0.6234898018587336,-0.8660254037844385,-0.5000000000000004,20,Good,12.200000000000001,6.542442968799957,4.9,21.7,12.200000000000001,6.542442968799957,4.9,21.7,12.200000000000001,6.542442968799957,4.9,21.7,14.0,0.0,0,0,0,0
2026-08-25 14:38:19.538286,LONDON_HF1,London Hammersmith and Fulham,51.49,-0.224,14.0,45.0,,43.9,27.8,,,14.0,-0.4999999999999997,-0.8660254037844388,0.7818314824680298,0.6234898018587336,-0.8660254037844385,-0.5000000000000004,55,Moderate,15.558333333333335,8.459431225955248,9.29,32.52,15.558333333333335,8.459431225955248,9.29,32.52,15.558333333333335,8.459431225955248,9.29,32.52,31.83,0.0,0,0,0,0
2026-08-25 14:38:19.972813,LONDON_HIL,London Hillingdon,51.496,-0.46,11.0,,,,0.023,,,11.0,-0.4999999999999997,-0.8660254037844388,0.7818314824680298,0.6234898018587336,-0.8660254037844385,-0.5000000000000004,46,Good,15.045,5.218516072601483,11.0,22.78,15.045,5.218516072601483,11.0,22.78,15.045,5.218516072601483,11.0,22.78,3.5,0.0,0,0,0,0
2026-08-25 14:38:20.403578,LONDON_WL1,London Waltham Forest,51.585,-0.012,11.0,28.0,360.0,39.5,,,,11.0,-0.4999999999999997,-0.8660254037844388,0.7818314824680298,0.6234898018587336,-0.8660254037844385,-0.5000000000000004,46,Good,16.07,8.083989114292523,9.53,27.39,16.07,8.083989114292523,9.53,27.39,16.07,8.083989114292523,9.53,27.39,11.0,0.0,0,0,0,0
2026-08-25 14:38:20.648718,LONDON_BX1,London Bexley - Erith,51.481,0.181,8.0,,,0.0,,,,8.0,-0.4999999999999997,-0.8660254037844388,0.7818314824680298,0.6234898018587336,-0.8660254037844385,-0.5000000000000004,33,Good,15.921666666666667,7.343714092110795,7.98,24.73,15.921666666666667,7.343714092110795,7.98,24.73,15.921666666666667,7.343714092110795,7.98,24.73,12.0,0.0,0,0,0,0
2026-08-25 14:38:21.158244,LONDON_MY7,London Marylebone Road,51.522,-0.154,8.0,,,,0.028,,,8.0,-0.4999999999999997,-0.8660254037844388,0.7818314824680298,0.6234898018587336,-0.8660254037844385,-0.5000000000000004,33,Good,22.616666666666664,9.947101420346868,8.0,32.82,22.616666666666664,9.947101420346868,8.0,32.82,22.616666666666664,9.947101420346868,8.0,32.82,10.0,0.0,0,0,0,0
2026-08-25 14:38:21.799549,LONDON_KC1,London N. Kensington,51.521,-0.213,4.8,23.0,1.0305,0.016,0.019,,,4.8,-0.4999999999999997,-0.8660254037844388,0.7818314824680298,0.6234898018587336,-0.8660254037844385,-0.5000000000000004,20,Good,17.91,8.21372509888175,4.8,29.57,17.91,8.21372509888175,4.8,29.57,17.91,8.21372509888175,4.8,29.57,8.5,0.0,0,0,0,0
2026-08-25 14:38:22.526876,LONDON_TH4,London Tower Hamlets - Mile End Road,51.524,-0.033,18.7,,,,,,,18.7,-0.4999999999999997,-0.8660254037844388,0.7818314824680298,0.6234898018587336,-0.8660254037844385,-0.5000000000000004,65,Moderate,21.496666666666666,9.514461974629288,6.5,32.58,21.496666666666666,9.514461974629288,6.5,32.58,21.496666666666666,9.514461974629288,6.5,32.58,20.49,0.0,0,0,0,0
2026-08-25 14:38:22.745608,LONDON_GR9,London Greenwich - Westhorne Avenue,51.455,0.03,8.0,15.0,,21.0,8.0,,,8.0,-0.4999999999999997,-0.8660254037844388,0.7818314824680298,0.6234898018587336,-0.8660254037844385,-0.5000000000000004,33,Good,19.773333333333333,7.0800160075148595,8.0,26.97,19.773333333333333,7.0800160075148595,8.0,26.97,19.773333333333333,7.0800160075148595,8.0,26.97,3.5,0.0,0,0,0,0
2026-08-25 14:47:08.778372,LONDON_CT3,London City of London - Sir John Cass School,51.514,-0.077,11.0,,,5.0,49.1,,,11.0,-0.4999999999999997,-0.8660254037844388,0.7818314824680298,0.6234898018587336,-0.8660254037844385,-0.5000000000000004,46,Good,17.66,6.387978292595138,10.8,24.79,17.66,6.387978292595138,10.8,24.79,17.66,6.387978292595138,10.8,24.79,17.0,0.0,0,0,0,0
2026-08-25 14:47:09.557782,LONDON_SK6,London Southwark - A2 Invaliders,51.491,-0.102,4.9,,,,0.02,,,4.9,-0.4999999999999997,-0.8660254037844388,0.7818314824680298,0.6234898018587336,-0.8660254037844385,-0.5000000000000004,20,Good,11.157142857142857,6.578942960399525,4.9,21.7,11.157142857142857,6.578942960399525,4.9,21.7,11.157142857142857,6.578942960399525,4.9,21.7,8.8,0.0,0,0,0,0
2026-08-25 14:47:09.773110,LONDON_HF1,London Hammersmith and Fulham,51.49,-0.224,14.0,45.0,,43.9,27.8,,,14.0,-0.4999999999999997,-0.8660254037844388,0.7818314824680298,0.6234898018587336,-0.8660254037844385,-0.5000000000000004,55,Moderate,15.335714285714287,7.744797946886366,9.29,32.52,15.335714285714287,7.744797946886366,9.29,32.52,15.335714285714287,7.744797946886366,9.29,32.52,10.74,0.0,0,0,0,0
2026-08-25 14:47:10.227019,LONDON_HIL,London Hillingdon,51.496,-0.46,11.0,,,,0.023,,,11.0,-0.4999999999999997,-0.8660254037844388,0.7818314824680298,0.6234898018587336,-0.8660254037844385,-0.5000000000000004,46,Good,14.467142857142857,5.003151387827858,11.0,22.78,14.467142857142857,5.003151387827858,11.0,22.78,14.467142857142857,5.003151387827858,11.0,22.78,7.0,0.0,0,0,0,0
2026-08-25 14:47:12.073112,LONDON_WL1,London Waltham Forest,51.585,-0.012,11.0,28.0,360.0,39.5,,,,11.0,-0.4999999999999997,-0.8660254037844388,0.7818314824680298,0.6234898018587336,-0.8660254037844385,-0.5000000000000004,46,Good,15.345714285714285,7.624381629882862,9.53,27.39,15.345714285714285,7.624381629882862,9.53,27.39,15.345714285714285,7.624381629882862,9.53,27.39,11.0,0.0,0,0,0,0
2026-08-25 14:47:12.301497,LONDON_BX1,London Bexley - Erith,51.481,0.181,8.0,,,0.0,,,,8.0,-0.4999999999999997,-0.8660254037844388,0.7818314824680298,0.6234898018587336,-0.8660254037844385,-0.5000000000000004,33,Good,14.790000000000001,7.34210233289258,7.98,24.73,14.790000000000001,7.34210233289258,7.98,24.73,14.790000000000001,7.34210233289258,7.98,24.73,12.0,0.0,0,0,0,0
2026-08-25 14:47:12.725281,LONDON_MY7,London Marylebone Road,51.522,-0.154,8.0,,,,0.028,,,8.0,-0.4999999999999997,-0.8660254037844388,0.7818314824680298,0.6234898018587336,-0.8660254037844385,-0.5000000000000004,33,Good,20.52857142857143,10.628970518620996,8.0,32.82,20.52857142857143,10.628970518620996,8.0,32.82,20.52857142857143,10.628970518620996,8.0,32.82,8.5,0.0,0,0,0,0
2026-08-25 14:47:13.176511,LONDON_KC1,London N. Kensington,51.521,-0.213,4.8,23.0,1.0305,0.016,0.019,,,4.8,-0.4999999999999997,-0.8660254037844388,0.7818314824680298,0.6234898018587336,-0.8660254037844385,-0.5000000000000004,20,Good,16.037142857142857,8.987448125553984,4.8,29.57,16.037142857142857,8.987448125553984,4.8,29.57,16.037142857142857,8.987448125553984,4.8,29.57,10.0,0.0,0,0,0,0
2026-08-25 14:47:13.423665,LONDON_TH4,London Tower Hamlets - Mile End Road,51.524,-0.033,18.7,,,,,,,18.7,-0.4999999999999997,-0.8660254037844388,0.7818314824680298,0.6234898018587336,-0.8660254037844385,-0.5000000000000004,65,Moderate,21.09714285714286,8.749561349549118,6.5,32.58,21.09714285714286,8.749561349549118,6.5,32.58,21.09714285714286,8.749561349549118,6.5,32.58,12.47,0.0,0,0,0,0
2026-08-25 14:47:13.654710,LONDON_GR9,London Greenwich - Westhorne Avenue,51.455,0.03,8.0,15.0,,21.0,8.0,,,8.0,-0.4999999999999997,-0.8660254037844388,0.7818314824680298,0.6234898018587336,-0.8660254037844385,-0.5000000000000004,33,Good,18.091428571428573,7.846898386350767,8.0,26.97,18.091428571428573,7.846898386350767,8.0,26.97,18.091428571428573,7.846898386350767,8.0,26.97,8.0,0.0,0,0,0,0
2026-08-26 13:51:52.488258,LONDON_CT3,London City of London - Sir John Cass School,51.514,-0.077,11.0,,,5.0,49.1,,,11.0,-0.2588190451025208,-0.9659258262890683,0.9749279121818236,-0.22252093395631434,-0.8660254037844385,-0.5000000000000004,46,Good,11.0,0.0,11.0,11.0,11.0,0.0,11.0,11.0,16.8275,6.3656303694135445,10.8,24.79,14.447116396320789,-3.447116396320785,-3.552713678800501e-15,9.0,0.0,0,0,0,0
2026-08-26 13:51:52.725833,LONDON_SK6,London Southwark - A2 Invaliders,51.491,-0.102,8.2,,,,0.02,,,8.2,-0.2588190451025208,-0.9659258262890683,0.9749279121818236,-0.22252093395631434,-0.8660254037844385,-0.5000000000000004,34,Good,8.2,0.0,8.2,8.2,8.2,0.0,8.2,8.2,10.7875,6.179997110494007,4.9,21.7,10.867671346618364,-2.6676713466183637,-1.7763568394002505e-15,12.0,0.0,0,0,0,0
2026-08-26 13:51:53.845690,LONDON_HF1,London Hammersmith and Fulham,51.49,-0.224,13.0,43.0,,52.1,27.8,,,13.0,-0.2588190451025208,-0.9659258262890683,0.9749279121818236,-0.22252093395631434,-0.8660254037844385,-0.5000000000000004,53,Moderate,13.0,0.0,13.0,13.0,13.0,0.0,13.0,13.0,15.043750000000001,7.217686486283935,9.29,32.52,10.63873433859506,2.3612656614049357,3.552713678800501e-15,19.59,0.0,0,0,0,0
2026-08-26 13:51:54.260823,LONDON_HIL,London Hillingdon,51.496,-0.46,11.0,,,,0.023,,,11.0,-0.2588190451025208,-0.9659258262890683,0.9749279121818236,-0.22252093395631434,-0.8660254037844385,-0.5000000000000004,46,Good,11.0,0.0,11.0,11.0,11.0,0.0,11.0,11.0,14.03375,4.791474385375998,11.0,22.78,14.03384975558187,-3.033849755581879,8.881784197001252e-15,3.5,0.0,0,0,0,0
2026-08-26 13:51:54.690882,LONDON_WL1,London Waltham Forest,51.585,-0.012,11.0,28.0,360.0,39.5,,,,11.0,-0.2588190451025208,-0.9659258262890683,0.9749279121818236,-0.22252093395631434,-0.8660254037844385,-0.5000000000000004,46,Good,11.0,0.0,11.0,11.0,11.0,0.0,11.0,11.0,14.8025,7.224084222733208,9.53,27.39,13.781479468599041,-2.781479468599041,0.0,11.0,0.0,0,0,0,0
2026-08-26 13:51:55.229355,LONDON_BX1,London Bexley - Erith,51.481,0.181,8.0,,,0.0,,,,8.0,-0.2588190451025208,-0.9659258262890683,0.9749279121818236,-0.22252093395631434,-0.8660254037844385,-0.5000000000000004,33,Good,8.0,0.0,8.0,8.0,8.0,0.0,8.0,8.0,13.94125,7.208921927524452,7.98,24.73,8.461102140714486,-0.4611021407144871,1.7763568394002505e-15,3.5,0.0,0,0,0,0
2026-08-26 13:51:55.803171,LONDON_MY7,London Marylebone Road,51.522,-0.154,8.0,,,,0.018,,,8.0,-0.2588190451025208,-0.9659258262890683,0.9749279121818236,-0.22252093395631434,-0.8660254037844385,-0.5000000000000004,33,Good,8.0,0.0,8.0,8.0,8.0,0.0,8.0,8.0,18.9625,10.791494997715297,8.0,32.82,8.645723383659531,-0.6457233836595277,-3.552713678800501e-15,6.4,0.0,0,0,0,0
2026-08-26 13:51:56.044260,LONDON_KC1,London N. Kensington,51.521,-0.213,4.9,25.0,1.0305,0.008,0.039,,,4.9,-0.2588190451025208,-0.9659258262890683,0.9749279121818236,-0.22252093395631434,-0.8660254037844385,-0.5000000000000004,20,Good,4.9,0.0,4.9,4.9,4.9,0.0,4.9,4.9,14.645,9.20540834820177,4.8,29.57,6.075081323234954,-1.1750813232349553,1.7763568394002505e-15,3.5,0.0,0,0,0,0
2026-08-26 13:51:56.483482,LONDON_TH4,London Tower Hamlets - Mile End Road,51.524,-0.033,21.8,,,,,,,21.8,-0.2588190451025208,-0.9659258262890683,0.9749279121818236,-0.22252093395631434,-0.8660254037844385,-0.5000000000000004,71,Moderate,21.8,0.0,21.8,21.8,21.8,0.0,21.8,21.8,21.185,8.104330412105089,6.5,32.58,9.875067410439673,11.924932589560326,1.7763568394002505e-15,18.17,0.0,0,0,0,0
2026-08-26 13:51:56.966321,LONDON_GR9,London Greenwich - Westhorne Avenue,51.455,0.03,8.0,23.0,,20.0,20.0,,,8.0,-0.2588190451025208,-0.9659258262890683,0.9749279121818236,-0.22252093395631434,-0.8660254037844385,-0.5000000000000004,33,Good,8.0,0.0,8.0,8.0,8.0,0.0,8.0,8.0,16.83,8.09365006832958,8.0,26.97,13.97423913043479,-5.974239130434786,-5.329070518200751e-15,8.0,0.0,0,0,0,0
2026-08-26 14:00:43.063922,LONDON_CT3,London City of London - Sir John Cass School,51.514,-0.077,11.0,,,5.0,49.1,,,11.0,-0.4999999999999997,-0.8660254037844388,0.9749279121818236,-0.22252093395631434,-0.8660254037844385,-0.5000000000000004,46,Good,11.0,0.0,11.0,11.0,11.0,0.0,11.0,11.0,16.18,6.263337768314912,10.8,24.79,14.898334471583738,-3.881227215708823,-0.01710725587491524,12.0,0.0,0,0,0,0
2026-08-26 14:00:43.535563,LONDON_SK6,London Southwark - A2 Invaliders,51.491,-0.102,8.2,,,,0.02,,,8.2,-0.4999999999999997,-0.8660254037844388,0.9749279121818236,-0.22252093395631434,-0.8660254037844385,-0.5000000000000004,34,Good,8.2,0.0,8.2,8.2,8.2,0.0,8.2,8.2,10.5,5.844846020213021,4.9,21.7,10.440718024710971,-2.189054461785741,-0.05166356292523133,3.0,0.0,0,0,0,0
2026-08-26 14:00:44.048485,LONDON_HF1,London Hammersmith and Fulham,51.49,-0.224,13.0,47.0,,52.1,27.8,,,13.0,-0.4999999999999997,-0.8660254037844388,0.9749279121818236,-0.22252093395631434,-0.8660254037844385,-0.5000000000000004,53,Moderate,13.0,0.0,13.0,13.0,13.0,0.0,13.0,13.0,14.816666666666666,6.785810563226771,9.29,32.52,10.619621311426009,2.2577323801260794,0.12264630844791213,6.69,0.0,0,0,0,0
2026-08-26 14:00:44.598640,LONDON_HIL,London Hillingdon,51.496,-0.46,11.0,,,,0.023,,,11.0,-0.4999999999999997,-0.8660254037844388,0.9749279121818236,-0.22252093395631434,-0.8660254037844385,-0.5000000000000004,46,Good,11.0,0.0,11.0,11.0,11.0,0.0,11.0,11.0,13.696666666666665,4.594678987698707,11.0,22.78,13.839948545494455,-2.7908177223627515,-0.04913082313170314,7.0,0.0,0,0,0,0
2026-08-26 14:00:45.411311,LONDON_WL1,London Waltham Forest,51.585,-0.012,11.0,28.0,360.0,39.5,,,,11.0,-0.4999999999999997,-0.8660254037844388,0.9749279121818236,-0.22252093395631434,-0.8660254037844385,-0.5000000000000004,46,Good,11.0,0.0,11.0,11.0,11.0,0.0,11.0,11.0,14.380000000000003,6.875356354400839,9.53,27.39,13.75396994466429,-2.736805446494056,-0.017164498170233244,11.0,0.0,0,0,0,0
2026-08-26 14:00:45.881467,LONDON_BX1,London Bexley - Erith,51.481,0.181,8.0,,,0.0,,,,8.0,-0.4999999999999997,-0.8660254037844388,0.9749279121818236,-0.22252093395631434,-0.8660254037844385,-0.5000000000000004,33,Good,8.0,0.0,8.0,8.0,8.0,0.0,8.0,8.0,13.28111111111111,7.028124651079484,7.98,24.73,7.9775736375091695,0.07166846607297692,-0.04924210358214598,15.6,0.0,0,0,0,0
2026-08-26 14:00:46.892202,LONDON_MY7,London Marylebone Road,51.522,-0.154,8.0,,,,0.018,,,8.0,-0.4999999999999997,-0.8660254037844388,0.9749279121818236,-0.22252093395631434,-0.8660254037844385,-0.5000000000000004,33,Good,8.0,0.0,8.0,8.0,8.0,0.0,8.0,8.0,17.744444444444444,10.73556019860062,8.0,32.82,9.943288307643304,-1.8941300075149916,-0.049158300128311794,13.0,0.0,0,0,0,0
2026-08-26 14:00:47.144538,LONDON_KC1,London N. Kensington,51.521,-0.213,4.9,25.0,1.0305,0.008,0.039,,,4.9,-0.4999999999999997,-0.8660254037844388,0.9749279121818236,-0.22252093395631434,-0.8660254037844385,-0.5000000000000004,20,Good,4.9,0.0,4.9,4.9,4.9,0.0,4.9,4.9,13.562222222222223,9.20319343730449,4.8,29.57,7.508455040090728,-2.6244534270571966,0.01599838696646927,10.0,0.0,0,0,0,0
2026-08-26 14:00:47.404479,LONDON_TH4,London Tower Hamlets - Mile End Road,51.524,-0.033,21.8,,,,,,,21.8,-0.4999999999999997,-0.8660254037844388,0.9749279121818236,-0.22252093395631434,-0.8660254037844385,-0.5000000000000004,71,Moderate,21.8,0.0,21.8,21.8,21.8,0.0,21.8,21.8,21.253333333333334,7.583678197286591,6.5,32.58,9.793005100376925,11.868557752842312,0.13843714678076324,10.8,0.0,0,0,1,1
2026-08-26 14:00:47.662024,LONDON_GR9,London Greenwich - Westhorne Avenue,51.455,0.03,8.0,23.0,,20.0,20.0,,,8.0,-0.4999999999999997,-0.8660254037844388,0.9749279121818236,-0.22252093395631434,-0.8660254037844385,-0.5000000000000004,33,Good,8.0,0.0,8.0,8.0,8.0,0.0,8.0,8.0,15.848888888888887,8.122929650754775,8.0,26.97,13.698713736476623,-5.649715659097451,-0.0489980773791725,12.0,0.0,0,0,0,0
2026-08-26 14:06:53.742952,LONDON_CT3,London City of London - Sir John Cass School,51.514,-0.077,11.0,,,5.0,49.1,,,11.0,-0.4999999999999997,-0.8660254037844388,0.9749279121818236,-0.22252093395631434,-0.8660254037844385,-0.5000000000000004,46,Good,11.0,0.0,11.0,11.0,11.0,0.0,11.0,11.0,15.063333333333333,6.181911112269411,10.8,24.79,14.93919105371158,-3.8977371929683504,-0.04145386074323021,15.6,0.0,0,0,0,0
2026-08-26 14:06:54.227228,LONDON_SK6,London Southwark - A2 Invaliders,51.491,-0.102,8.2,,,,0.02,,,8.2,-0.4999999999999997,-0.8660254037844388,0.9749279121818236,-0.22252093395631434,-0.8660254037844385,-0.5000000000000004,34,Good,8.2,0.0,8.2,8.2,8.2,0.0,8.2,8.2,10.666666666666666,5.7434506178777225,4.9,21.7,10.194333264818686,-1.883312279524,-0.11102098529468662,6.4,0.0,0,0,0,0
2026-08-26 14:06:54.692497,LONDON_HF1,London Hammersmith and Fulham,51.49,-0.224,13.0,47.0,,52.1,27.8,,,13.0,-0.4999999999999997,-0.8660254037844388,0.9749279121818236,-0.22252093395631434,-0.8660254037844385,-0.5000000000000004,53,Moderate,13.0,0.0,13.0,13.0,13.0,0.0,13.0,13.0,14.927777777777777,6.74197073891933,9.29,32.52,10.802604242569213,2.0032719222979516,0.19412383513283515,14.28,0.0,0,0,1,1
2026-08-26 14:06:55.143372,LONDON_HIL,London Hillingdon,51.496,-0.46,11.0,,,,0.023,,,11.0,-0.4999999999999997,-0.8660254037844388,0.9749279121818236,-0.22252093395631434,-0.8660254037844385,-0.5000000000000004,46,Good,11.0,0.0,11.0,11.0,11.0,0.0,11.0,11.0,13.696666666666665,4.594678987698707,11.0,22.78,13.844697696296441,-2.7717157071385246,-0.07298198915791687,3.5,0.0,0,0,0,0
2026-08-26 14:06:55.903007,LONDON_WL1,London Waltham Forest,51.585,-0.012,11.0,28.0,360.0,39.5,,,,11.0,-0.4999999999999997,-0.8660254037844388,0.9749279121818236,-0.22252093395631434,-0.8660254037844385,-0.5000000000000004,46,Good,11.0,0.0,11.0,11.0,11.0,0.0,11.0,11.0,14.324444444444445,6.903499313955045,9.53,27.39,13.760981918179775,-2.7192398429919757,-0.041742075187800154,11.0,0.0,0,0,0,0
2026-08-26 14:06:56.208193,LONDON_BX1,London Bexley - Erith,51.481,0.181,8.0,,,0.0,,,,8.0,-0.4999999999999997,-0.8660254037844388,0.9749279121818236,-0.22252093395631434,-0.8660254037844385,-0.5000000000000004,33,Good,8.0,0.0,8.0,8.0,8.0,0.0,8.0,8.0,12.656666666666666,7.240702659272786,7.98,24.73,8.001907575630986,0.008712673563469941,-0.010620249194455589,12.0,0.0,0,0,0,0
2026-08-26 14:06:56.652314,LONDON_MY7,London Marylebone Road,51.522,-0.154,8.0,,,,0.018,,,8.0,-0.4999999999999997,-0.8660254037844388,0.9749279121818236,-0.22252093395631434,-0.8660254037844385,-0.5000000000000004,33,Good,8.0,0.0,8.0,8.0,8.0,0.0,8.0,8.0,16.06666666666667,10.971302338373507,8.0,32.82,10.024494804258786,-2.014419217924335,-0.010075586334451714,12.0,0.0,0,0,0,0
2026-08-26 14:06:57.171344,LONDON_KC1,London N. Kensington,51.521,-0.213,4.9,25.0,1.0305,0.008,0.039,,,4.9,-0.4999999999999997,-0.8660254037844388,0.9749279121818236,-0.22252093395631434,-0.8660254037844385,-0.5000000000000004,20,Good,4.9,0.0,4.9,4.9,4.9,0.0,4.9,4.9,10.821111111111113,7.3207930657211655,4.8,21.6,7.619049607931688,-2.751119246805189,0.03206963887350156,12.0,0.0,0,0,0,0
2026-08-26 14:06:57.440333,LONDON_TH4,London Tower Hamlets - Mile End Road,51.524,-0.033,21.8,,,,,,,21.8,-0.4999999999999997,-0.8660254037844388,0.9749279121818236,-0.22252093395631434,-0.8660254037844385,-0.5000000000000004,71,Moderate,21.8,0.0,21.8,21.8,21.8,0.0,21.8,21.8,21.5,7.558510104511337,6.5,32.58,10.718305390461648,10.682945695860804,0.39874891367754906,19.26,0.0,0,0,1,1
2026-08-26 14:06:57.875559,LONDON_GR9,London Greenwich - Westhorne Avenue,51.455,0.03,8.0,23.0,,20.0,20.0,,,8.0,-0.4999999999999997,-0.8660254037844388,0.9749279121818236,-0.22252093395631434,-0.8660254037844385,-0.5000000000000004,33,Good,8.0,0.0,8.0,8.0,8.0,0.0,8.0,8.0,13.741111111111111,7.295523361014693,8.0,25.58,13.511736709937114,-5.414259507484996,-0.09747720245211866,12.0,0.0,0,0,0,0
2026-08-26 14:15:43.423557,LONDON_CT3,London City of London - Sir John Cass School,51.514,-0.077,11.0,,,5.0,49.1,,,11.0,-0.4999999999999997,-0.8660254037844388,0.9749279121818236,-0.22252093395631434,-0.8660254037844385,-0.5000000000000004,46,Good,11.0,0.0,11.0,11.0,11.0,0.0,11.0,11.0,13.764444444444445,5.577732763209243,10.8,24.79,15.08047426634289,-4.040351808655461,-0.040122457687427726,9.0,0.0,0,0,0,0
2026-08-26 14:15:43.928804,LONDON_SK6,London Southwark - A2 Invaliders,51.491,-0.102,8.2,,,,0.02,,,8.2,-0.4999999999999997,-0.8660254037844388,0.9749279121818236,-0.22252093395631434,-0.8660254037844385,-0.5000000000000004,34,Good,8.2,0.0,8.2,8.2,8.2,0.0,8.2,8.2,9.166666666666666,3.999965624852293,4.9,18.17,9.976012325919566,-1.608494023290295,-0.16751830262927214,11.0,0.0,0,0,0,0
2026-08-26 14:15:52.431818,LONDON_HF1,London Hammersmith and Fulham,51.49,-0.224,13.0,47.0,,50.9,27.8,,,13.0,-0.4999999999999997,-0.8660254037844388,0.9749279121818236,-0.22252093395631434,-0.8660254037844385,-0.5000000000000004,53,Moderate,13.0,0.0,13.0,13.0,13.0,0.0,13.0,13.0,12.758888888888889,1.39313894178259,9.29,14.0,11.28741959479707,1.4480598522810015,0.2645205529219279,15.4,0.0,0,0,0,0
2026-08-26 14:15:52.877594,LONDON_HIL,London Hillingdon,51.496,-0.46,11.0,,,,0.023,,,11.0,-0.4999999999999997,-0.8660254037844388,0.9749279121818236,-0.22252093395631434,-0.8660254037844385,-0.5000000000000004,46,Good,11.0,0.0,11.0,11.0,11.0,0.0,11.0,11.0,12.642222222222223,3.8730568604713844,11.0,22.78,13.945586764494083,-2.873876936246272,-0.07170982824781014,9.0,0.0,0,0,0,0
2026-08-26 14:15:53.314289,LONDON_WL1,London Waltham Forest,51.585,-0.012,11.0,28.0,360.0,39.5,,,,11.0,-0.4999999999999997,-0.8660254037844388,0.9749279121818236,-0.22252093395631434,-0.8660254037844385,-0.5000000000000004,46,Good,11.0,0.0,11.0,11.0,11.0,0.0,11.0,11.0,12.715555555555556,5.529186448093226,9.53,27.39,13.868132476404021,-2.8271815033163947,-0.04095097308762696,11.0,0.0,0,0,0,0
2026-08-26 14:15:54.918671,LONDON_BX1,London Bexley - Erith,51.481,0.181,8.0,,,0.0,,,,8.0,-0.4999999999999997,-0.8660254037844388,0.9749279121818236,-0.22252093395631434,-0.8660254037844385,-0.5000000000000004,33,Good,8.0,0.0,8.0,8.0,8.0,0.0,8.0,8.0,11.582222222222223,7.120247147708038,7.98,24.73,8.014011437689671,-0.04211335370514814,0.02810191601547629,9.0,0.0,0,0,0,0
2026-08-26 14:15:56.100183,LONDON_MY7,London Marylebone Road,51.522,-0.154,8.0,,,,0.018,,,8.0,-0.4999999999999997,-0.8660254037844388,0.9749279121818236,-0.22252093395631434,-0.8660254037844385,-0.5000000000000004,33,Good,8.0,0.0,8.0,8.0,8.0,0.0,8.0,8.0,13.30888888888889,9.212116266695244,8.0,32.75,10.093437636868462,-2.122907315207785,0.029469678339323124,6.4,0.0,0,0,0,0
2026-08-26 14:16:04.465787,LONDON_KC1,London N. Kensington,51.521,-0.213,4.9,25.0,1.0305,0.008,0.039,,,4.9,-0.4999999999999997,-0.8660254037844388,0.9749279121818236,-0.22252093395631434,-0.8660254037844385,-0.5000000000000004,20,Good,4.9,0.0,4.9,4.9,4.9,0.0,4.9,4.9,9.637777777777778,7.3216012213479935,4.8,21.6,7.731044620790372,-2.88083776472687,0.049793143936498474,8.5,0.0,0,0,0,0
2026-08-26 14:16:04.945458,LONDON_TH4,London Tower Hamlets - Mile End Road,51.524,-0.033,21.8,,,,,,,21.8,-0.4999999999999997,-0.8660254037844388,0.9749279121818236,-0.22252093395631434,-0.8660254037844385,-0.5000000000000004,71,Moderate,21.8,0.0,21.8,21.8,21.8,0.0,21.8,21.8,21.64333333333333,7.549615884268549,6.5,32.58,11.575684214806115,9.706243663574114,0.5180721216197721,18.7,0.0,0,0,0,0
2026-08-26 14:16:05.391654,LONDON_GR9,London Greenwich - Westhorne Avenue,51.455,0.03,8.0,23.0,,20.0,20.0,,,8.0,-0.4999999999999997,-0.8660254037844388,0.9749279121818236,-0.22252093395631434,-0.8660254037844385,-0.5000000000000004,33,Good,8.0,0.0,8.0,8.0,8.0,0.0,8.0,8.0,12.072222222222223,6.59159650194431,8.0,25.58,13.336287229431605,-5.1909182207413,-0.1453690086903059,8.0,0.0,0,0,0,0
2026-08-26 14:21:53.482937,LONDON_CT3,London City of London - Sir John Cass School,51.514,-0.077,11.0,,,5.0,49.1,,,11.0,-0.4999999999999997,-0.8660254037844388,0.9749279121818236,-0.22252093395631434,-0.8660254037844385,-0.5000000000000004,46,Good,11.0,0.0,11.0,11.0,11.0,0.0,11.0,11.0,12.51,4.605475002646312,10.8,24.79,15.22177127342352,-4.184322120144564,-0.03744915327895626,17.0,0.0,0,0,0,0
2026-08-26 14:21:54.038051,LONDON_SK6,London Southwark - A2 Invaliders,51.491,-0.102,8.2,,,,0.02,,,8.2,-0.4999999999999997,-0.8660254037844388,0.9749279121818236,-0.22252093395631434,-0.8660254037844385,-0.5000000000000004,34,Good,8.2,0.0,8.2,8.2,8.2,0.0,8.2,8.2,8.95,3.992849859436239,4.9,18.17,9.893454818470982,-1.6934548020356293,-1.643535263440299e-08,21.7,0.0,0,0,0,0
2026-08-26 14:21:54.575886,LONDON_HF1,London Hammersmith and Fulham,51.49,-0.224,13.0,47.0,,50.9,27.8,,,13.0,-0.4999999999999997,-0.8660254037844388,0.9749279121818236,-0.22252093395631434,-0.8660254037844385,-0.5000000000000004,53,Moderate,13.0,0.0,13.0,13.0,13.0,0.0,13.0,13.0,12.817777777777778,1.3906003899195658,9.29,14.0,11.72268480241062,0.9705360339779743,0.3067791636114041,32.91,0.0,0,0,0,0
2026-08-26 14:21:55.040105,LONDON_HIL,London Hillingdon,51.496,-0.46,11.0,,,,0.023,,,11.0,-0.4999999999999997,-0.8660254037844388,0.9749279121818236,-0.22252093395631434,-0.8660254037844385,-0.5000000000000004,46,Good,11.0,0.0,11.0,11.0,11.0,0.0,11.0,11.0,11.333333333333334,0.7506830223203484,11.0,13.21,14.046437859963405,-2.9771305398557404,-0.06930732010766505,3.5,0.0,0,0,0,0
2026-08-26 14:21:55.507196,LONDON_WL1,London Waltham Forest,51.585,-0.012,11.0,28.0,360.0,39.5,,,,11.0,-0.4999999999999997,-0.8660254037844388,0.9749279121818236,-0.22252093395631434,-0.8660254037844385,-0.5000000000000004,46,Good,11.0,0.0,11.0,11.0,11.0,0.0,11.0,11.0,12.878888888888888,5.444383446370316,11.0,27.39,13.975164443062692,-2.9358420049514193,-0.03932243811127201,11.0,0.0,0,0,0,0
2026-08-26 14:21:55.930267,LONDON_BX1,London Bexley - Erith,51.481,0.181,8.0,,,0.0,,,,8.0,-0.4999999999999997,-0.8660254037844388,0.9749279121818236,-0.22252093395631434,-0.8660254037844385,-0.5000000000000004,33,Good,8.0,0.0,8.0,8.0,8.0,0.0,8.0,8.0,9.723333333333334,5.177504225010347,7.98,23.53,8.018656362252829,-0.08659252842415294,0.06793616617132514,7.3,0.0,0,0,0,0
2026-08-26 14:21:56.834047,LONDON_MY7,London Marylebone Road,51.522,-0.154,8.0,,,,0.018,,,8.0,-0.4999999999999997,-0.8660254037844388,0.9749279121818236,-0.22252093395631434,-0.8660254037844385,-0.5000000000000004,33,Good,8.0,0.0,8.0,8.0,8.0,0.0,8.0,8.0,12.61111111111111,9.365921530266581,8.0,32.75,10.155558148050316,-2.227020211749201,0.07146206369888475,14.0,0.0,0,0,0,0
2026-08-26 14:21:57.323032,LONDON_KC1,London N. Kensington,51.521,-0.213,4.9,25.0,1.0305,0.008,0.039,,,4.9,-0.4999999999999997,-0.8660254037844388,0.9749279121818236,-0.22252093395631434,-0.8660254037844385,-0.5000000000000004,20,Good,4.9,0.0,4.9,4.9,4.9,0.0,4.9,4.9,7.933333333333334,6.252399539376861,4.8,21.6,7.802152790528545,-2.902152795443245,4.914699758273855e-09,10.0,0.0,0,0,0,0
2026-08-26 14:21:57.541929,LONDON_TH4,London Tower Hamlets - Mile End Road,51.524,-0.033,21.8,,,,,,,21.8,-0.4999999999999997,-0.8660254037844388,0.9749279121818236,-0.22252093395631434,-0.8660254037844385,-0.5000000000000004,71,Moderate,21.8,0.0,21.8,21.8,21.8,0.0,21.8,21.8,20.60888888888889,6.677852282816018,6.5,32.58,12.195741111066464,9.366652457847923,0.23760643108561297,4.8,0.0,0,0,0,0
2026-08-26 14:21:57.991110,LONDON_GR9,London Greenwich - Westhorne Avenue,51.455,0.03,8.0,23.0,,20.0,20.0,,,8.0,-0.4999999999999997,-0.8660254037844388,0.9749279121818236,-0.22252093395631434,-0.8660254037844385,-0.5000000000000004,33,Good,8.0,0.0,8.0,8.0,8.0,0.0,8.0,8.0,10.11888888888889,4.292092859096964,8.0,19.26,13.278541628987403,-5.278541614464183,-1.452321995998318e-08,12.0,0.0,0,0,0,0
2026-08-26 14:30:46.293999,LONDON_CT3,London City of London - Sir John Cass School,51.514,-0.077,11.0,,,5.0,49.1,,,11.0,-0.4999999999999997,-0.8660254037844388,0.9749279121818236,-0.22252093395631434,-0.8660254037844385,-0.5000000000000004,46,Good,11.0,0.0,11.0,11.0,11.0,0.0,11.0,11.0,10.97777777777778,0.06666666666703643,10.8,11.0,15.361844246800059,-4.32923875458947,-0.03260549221058895,9.0,0.0,0,0,0,0
2026-08-26 14:30:47.046939,LONDON_SK6,London Southwark - A2 Invaliders,51.491,-0.102,10.3,,,,0.026,,,10.3,-0.4999999999999997,-0.8660254037844388,0.9749279121818236,-0.22252093395631434,-0.8660254037844385,-0.5000000000000004,43,Good,8.549999999999999,0.857321409974113,8.2,10.3,8.549999999999999,0.857321409974113,8.2,10.3,8.075555555555555,2.1643423430173354,4.9,11.58,9.776597100434907,0.5234029451033455,-4.5538252280152847e-08,23.02,0.0,0,0,0,0
2026-08-26 14:30:47.324618,LONDON_HF1,London Hammersmith and Fulham,51.49,-0.224,13.0,47.0,,50.9,27.8,,,13.0,-0.4999999999999997,-0.8660254037844388,0.9749279121818236,-0.22252093395631434,-0.8660254037844385,-0.5000000000000004,53,Moderate,13.0,0.0,13.0,13.0,13.0,0.0,13.0,13.0,13.23,0.4371498598878935,13.0,14.0,11.84779545453359,1.152204427441737,1.1802467270172201e-07,8.66,0.0,0,0,0,0
2026-08-26 14:30:49.110942,LONDON_HIL,London Hillingdon,51.496,-0.46,11.0,,,,0.023,,,11.0,-0.4999999999999997,-0.8660254037844388,0.9749279121818236,-0.22252093395631434,-0.8660254037844385,-0.5000000000000004,46,Good,11.0,0.0,11.0,11.0,11.0,0.0,11.0,11.0,11.245555555555555,0.7366666666666755,11.0,13.21,14.146926500299466,-3.0817352190374927,-0.06519128126197415,9.0,0.0,0,0,0,0
2026-08-26 14:30:49.618491,LONDON_WL1,London Waltham Forest,51.585,-0.012,11.0,28.0,360.0,39.5,,,,11.0,-0.4999999999999997,-0.8660254037844388,0.9749279121818236,-0.22252093395631434,-0.8660254037844385,-0.5000000000000004,46,Good,11.0,0.0,11.0,11.0,11.0,0.0,11.0,11.0,12.821111111111112,5.463333333333334,11.0,27.39,14.081844787393534,-3.04540421804894,-0.0364405693445935,11.0,0.0,0,0,0,0
2026-08-26 14:30:50.130423,LONDON_BX1,London Bexley - Erith,51.481,0.181,8.0,,,0.0,,,,8.0,-0.4999999999999997,-0.8660254037844388,0.9749279121818236,-0.22252093395631434,-0.8660254037844385,-0.5000000000000004,33,Good,8.0,0.0,8.0,8.0,8.0,0.0,8.0,8.0,7.997777777777778,0.006666666665576608,7.98,8.0,8.016422009703263,-0.12452893216654484,0.10810692246328202,17.0,0.0,0,0,0,0
2026-08-26 14:30:50.695556,LONDON_MY7,London Marylebone Road,51.522,-0.154,8.0,,,,0.037,,,8.0,-0.4999999999999997,-0.8660254037844388,0.9749279121818236,-0.22252093395631434,-0.8660254037844385,-0.5000000000000004,33,Good,8.0,0.0,8.0,8.0,8.0,0.0,8.0,8.0,10.75,8.25,8.0,32.75,10.210962735201237,-2.3261959492692155,0.11523321406797926,13.0,0.0,0,0,0,0
2026-08-26 14:30:51.024776,LONDON_KC1,London N. Kensington,51.521,-0.213,6.2,36.0,1.0305,0.015,0.031,,,6.2,-0.4999999999999997,-0.8660254037844388,0.9749279121818236,-0.22252093395631434,-0.8660254037844385,-0.5000000000000004,26,Good,5.116666666666667,0.5307227776030218,4.9,6.2,5.116666666666667,0.5307227776030218,4.9,6.2,6.877777777777777,5.538451448233921,4.8,21.6,8.006860597407584,-1.8427432665138928,0.035882669106308995,3.5,0.0,0,0,0,0
2026-08-26 14:30:51.481400,LONDON_TH4,London Tower Hamlets - Mile End Road,51.524,-0.033,23.3,,,,,,,23.3,-0.4999999999999997,-0.8660254037844388,0.9749279121818236,-0.22252093395631434,-0.8660254037844385,-0.5000000000000004,75,Moderate,22.05,0.6123724356957945,21.8,23.3,22.05,0.6123724356957945,21.8,23.3,19.577777777777776,5.137065742663262,6.5,23.3,12.659635978340901,10.64036381164,2.1001909900064675e-07,8.0,0.0,0,0,0,0
2026-08-26 14:30:51.961422,LONDON_GR9,London Greenwich - Westhorne Avenue,51.455,0.03,8.0,23.0,,20.0,20.0,,,8.0,-0.4999999999999997,-0.8660254037844388,0.9749279121818236,-0.22252093395631434,-0.8660254037844385,-0.5000000000000004,33,Good,8.0,0.0,8.0,8.0,8.0,0.0,8.0,8.0,9.251111111111111,3.7533333333333383,8.0,19.26,13.114270714802833,-5.114270670482363,-4.4320470848902005e-08,15.4,0.0,0,0,0,0
2026-08-26 14:36:56.713355,LONDON_CT3,London City of London - Sir John Cass School,51.514,-0.077,11.0,,,5.0,49.1,,,11.0,-0.4999999999999997,-0.8660254037844388,0.9749279121818236,-0.22252093395631434,-0.8660254037844385,-0.5000000000000004,46,Good,11.0,0.0,11.0,11.0,11.0,0.0,11.0,11.0,11.0,0.0,11.0,11.0,15.218815564336202,-4.133647498371883,-0.0851680659643197,12.0,0.0,0,0,0,0
2026-08-26 14:36:57.484025,LONDON_SK6,London Southwark - A2 Invaliders,51.491,-0.102,10.3,,,,0.026,,,10.3,-0.4999999999999997,-0.8660254037844388,0.9749279121818236,-0.22252093395631434,-0.8660254037844385,-0.5000000000000004,43,Good,8.799999999999999,1.0246950765959608,8.2,10.3,8.799999999999999,1.0246950765959608,8.2,10.3,7.933333333333334,1.9352002480363608,4.9,10.3,9.65765594084026,0.6423441709197278,-1.1175998615442495e-07,20.24,0.0,0,0,0,0
2026-08-26 14:36:58.094078,LONDON_HF1,London Hammersmith and Fulham,51.49,-0.224,13.0,47.0,,50.9,27.8,,,13.0,-0.4999999999999997,-0.8660254037844388,0.9749279121818236,-0.22252093395631434,-0.8660254037844385,-0.5000000000000004,53,Moderate,13.0,0.0,13.0,13.0,13.0,0.0,13.0,13.0,13.222222222222221,0.440958551844104,13.0,14.0,12.274497401743659,0.7255022823212036,3.159351376069708e-07,23.76,0.0,0,0,0,0
2026-08-26 14:36:58.543218,LONDON_HIL,London Hillingdon,51.496,-0.46,11.0,,,,0.023,,,11.0,-0.4999999999999997,-0.8660254037844388,0.9749279121818236,-0.22252093395631434,-0.8660254037844385,-0.5000000000000004,46,Good,11.0,0.0,11.0,11.0,11.0,0.0,11.0,11.0,11.0,0.0,11.0,11.0,14.243878624135506,-3.1859250060976865,-0.05795361803781951,3.5,0.0,0,0,0,0
2026-08-26 14:36:58.989842,LONDON_WL1,London Waltham Forest,51.585,-0.012,11.0,28.0,360.0,39.5,,,,11.0,-0.4999999999999997,-0.8660254037844388,0.9749279121818236,-0.22252093395631434,-0.8660254037844385,-0.5000000000000004,46,Good,11.0,0.0,11.0,11.0,11.0,0.0,11.0,11.0,11.0,0.0,11.0,11.0,14.18710913736169,-3.1552411958112483,-0.03186794155044126,11.0,0.0,0,0,0,0
2026-08-26 14:36:59.511108,LONDON_BX1,London Bexley - Erith,51.481,0.181,8.0,,,0.0,,,,8.0,-0.4999999999999997,-0.8660254037844388,0.9749279121818236,-0.22252093395631434,-0.8660254037844385,-0.5000000000000004,33,Good,8.0,0.0,8.0,8.0,8.0,0.0,8.0,8.0,8.0,0.0,8.0,8.0,7.7320355125476095,0.23370269968994364,0.03426178776244715,9.0,0.0,0,0,0,0
2026-08-26 14:36:59.741983,LONDON_MY7,London Marylebone Road,51.522,-0.154,8.0,,,,0.037,,,8.0,-0.4999999999999997,-0.8660254037844388,0.9749279121818236,-0.22252093395631434,-0.8660254037844385,-0.5000000000000004,33,Good,8.0,0.0,8.0,8.0,8.0,0.0,8.0,8.0,8.0,0.0,8.0,8.0,10.309043562419774,-2.3484667159079318,0.03942315348815839,3.0,0.0,0,0,0,0
2026-08-26 14:37:00.002148,LONDON_KC1,London N. Kensington,51.521,-0.213,6.2,36.0,1.0305,0.015,0.031,,,6.2,-0.4999999999999997,-0.8660254037844388,0.9749279121818236,-0.22252093395631434,-0.8660254037844385,-0.5000000000000004,26,Good,5.271428571428572,0.6343350474165463,4.9,6.2,5.271428571428572,0.6343350474165463,4.9,6.2,5.166666666666667,0.5873670062235071,4.8,6.2,8.201762746980492,-2.07396112312595,0.0721983761454581,10.0,0.0,0,0,0,0
2026-08-26 14:37:00.417544,LONDON_TH4,London Tower Hamlets - Mile End Road,51.524,-0.033,23.3,,,,,,,23.3,-0.4999999999999997,-0.8660254037844388,0.9749279121818236,-0.22252093395631434,-0.8660254037844385,-0.5000000000000004,75,Moderate,22.228571428571428,0.7319250547114001,21.8,23.3,22.228571428571428,0.7319250547114001,21.8,23.3,21.444444444444443,1.6801124301003696,18.7,23.3,13.498196031136269,9.80180339528102,5.735827119934811e-07,8.0,0.0,0,0,0,0
2026-08-26 14:37:00.885537,LONDON_GR9,London Greenwich - Westhorne Avenue,51.455,0.03,8.0,23.0,,20.0,20.0,,,8.0,-0.4999999999999997,-0.8660254037844388,0.9749279121818236,-0.22252093395631434,-0.8660254037844385,-0.5000000000000004,33,Good,8.0,0.0,8.0,8.0,8.0,0.0,8.0,8.0,8.0,0.0,8.0,8.0,12.946527477187068,-4.946527368524756,-1.0866231292538941e-07,8.7,0.0,0,0,0,0
2026-08-26 14:45:44.319055,LONDON_CT3,London City of London - Sir John Cass School,51.514,-0.077,11.0,,,5.0,49.1,,,11.0,-0.4999999999999997,-0.8660254037844388,0.9749279121818236,-0.22252093395631434,-0.8660254037844385,-0.5000000000000004,46,Good,11.0,0.0,11.0,11.0,11.0,0.0,11.0,11.0,11.0,0.0,11.0,11.0,15.35025266437352,-4.26545752068076,-0.08479514369276053,15.6,0.0,0,0,0,0
2026-08-26 14:45:44.999541,LONDON_SK6,London Southwark - A2 Invaliders,51.491,-0.102,10.3,,,,0.026,,,10.3,-0.4999999999999997,-0.8660254037844388,0.9749279121818236,-0.22252093395631434,-0.8660254037844385,-0.5000000000000004,43,Good,8.9875,1.086853255964209,8.2,10.3,8.9875,1.086853255964209,8.2,10.3,8.533333333333333,1.6999999999999982,4.9,10.3,9.536631166693724,0.7633691026701198,-2.693638432305079e-07,23.53,0.0,0,0,0,0
2026-08-26 14:45:46.689609,LONDON_HF1,London Hammersmith and Fulham,51.49,-0.224,13.0,47.0,,50.9,27.8,,,13.0,-0.4999999999999997,-0.8660254037844388,0.9749279121818236,-0.22252093395631434,-0.8660254037844385,-0.5000000000000004,53,Moderate,13.0,0.0,13.0,13.0,13.0,0.0,13.0,13.0,13.11111111111111,0.33333333333333953,13.0,14.0,12.711616786334922,0.2883824506841493,7.62980928215029e-07,14.88,0.0,0,0,0,0
2026-08-26 14:45:47.140241,LONDON_HIL,London Hillingdon,51.496,-0.46,11.0,,,,0.023,,,11.0,-0.4999999999999997,-0.8660254037844388,0.9749279121818236,-0.22252093395631434,-0.8660254037844385,-0.5000000000000004,46,Good,11.0,0.0,11.0,11.0,11.0,0.0,11.0,11.0,11.0,0.0,11.0,11.0,14.339968722666354,-3.2910508059461865,-0.04891791672016765,9.0,0.0,0,0,0,0
2026-08-26 14:45:47.430224,LONDON_WL1,London Waltham Forest,51.585,-0.012,11.0,28.0,360.0,39.5,,,,11.0,-0.4999999999999997,-0.8660254037844388,0.9749279121818236,-0.22252093395631434,-0.8660254037844385,-0.5000000000000004,46,Good,11.0,0.0,11.0,11.0,11.0,0.0,11.0,11.0,11.0,0.0,11.0,11.0,14.291783651902186,-3.2656645223140757,-0.026119129588110468,11.0,0.0,0,0,0,0
2026-08-26 14:45:47.976449,LONDON_BX1,London Bexley - Erith,51.481,0.181,8.0,,,0.0,,,,8.0,-0.4999999999999997,-0.8660254037844388,0.9749279121818236,-0.22252093395631434,-0.8660254037844385,-0.5000000000000004,33,Good,8.0,0.0,8.0,8.0,8.0,0.0,8.0,8.0,8.0,0.0,8.0,8.0,7.891809829202801,0.14625265067571222,-0.03806247987851297,9.0,0.0,0,0,0,0
2026-08-26 14:45:48.742798,LONDON_MY7,London Marylebone Road,51.522,-0.154,8.0,,,,0.037,,,8.0,-0.4999999999999997,-0.8660254037844388,0.9749279121818236,-0.22252093395631434,-0.8660254037844385,-0.5000000000000004,33,Good,8.0,0.0,8.0,8.0,8.0,0.0,8.0,8.0,8.0,0.0,8.0,8.0,10.20493009881073,-2.1714590585331868,-0.033471040277541775,13.0,0.0,0,0,0,0
2026-08-26 14:45:49.009452,LONDON_KC1,London N. Kensington,51.521,-0.213,6.2,36.0,1.0305,0.015,0.031,,,6.2,-0.4999999999999997,-0.8660254037844388,0.9749279121818236,-0.22252093395631434,-0.8660254037844385,-0.5000000000000004,26,Good,5.3875,0.6728139203587951,4.9,6.2,5.3875,0.6728139203587951,4.9,6.2,5.322222222222222,0.659123997776147,4.8,6.2,8.352761299441386,-2.187422284425063,0.03466098498367742,12.0,0.0,0,0,0,0
2026-08-26 14:45:50.456925,LONDON_TH4,London Tower Hamlets - Mile End Road,51.524,-0.033,23.3,,,,,,,23.3,-0.4999999999999997,-0.8660254037844388,0.9749279121818236,-0.22252093395631434,-0.8660254037844385,-0.5000000000000004,75,Moderate,22.3625,0.7763237542601489,21.8,23.3,22.3625,0.7763237542601489,21.8,23.3,21.95555555555556,1.4204850501774962,18.7,23.3,14.35576789991915,8.944230710912727,1.3891681245326026e-06,11.0,0.0,0,0,0,0
2026-08-26 14:45:54.893754,LONDON_GR9,London Greenwich - Westhorne Avenue,51.455,0.03,8.0,23.0,,20.0,20.0,,,8.0,-0.4999999999999997,-0.8660254037844388,0.9749279121818236,-0.22252093395631434,-0.8660254037844385,-0.5000000000000004,33,Good,8.0,0.0,8.0,8.0,8.0,0.0,8.0,8.0,8.0,0.0,8.0,8.0,12.775311760174421,-4.775311503945486,-2.562289367347148e-07,8.0,0.0,0,0,0,0
2026-08-26 14:51:52.641812,LONDON_CT3,London City of London - Sir John Cass School,51.514,-0.077,11.0,,,5.0,49.1,,,11.0,-0.4999999999999997,-0.8660254037844388,0.9749279121818236,-0.22252093395631434,-0.8660254037844385,-0.5000000000000004,46,Good,11.0,0.0,11.0,11.0,11.0,0.0,11.0,11.0,11.0,0.0,11.0,11.0,15.478710423074872,-4.397620449502465,-0.0810899735724071,8.0,0.0,0,0,0,0
2026-08-26 14:51:53.047382,LONDON_SK6,London Southwark - A2 Invaliders,51.491,-0.102,10.3,,,,0.026,,,10.3,-0.4999999999999997,-0.8660254037844388,0.9749279121818236,-0.22252093395631434,-0.8660254037844385,-0.5000000000000004,43,Good,9.25,1.1224972160321836,8.2,10.3,9.133333333333333,1.1067971810589339,8.2,10.3,9.133333333333333,1.1067971810589299,8.2,10.3,9.413522320391646,0.8864783305082694,-6.50899915299874e-07,13.21,0.0,0,0,0,0
2026-08-26 14:51:53.535122,LONDON_HF1,London Hammersmith and Fulham,51.49,-0.224,13.0,47.0,,50.9,27.8,,,13.0,-0.4999999999999997,-0.8660254037844388,0.9749279121818236,-0.22252093395631434,-0.8660254037844385,-0.5000000000000004,53,Moderate,13.0,0.0,13.0,13.0,13.0,0.0,13.0,13.0,13.0,0.0,13.0,13.0,13.159155425748159,-0.15915743245039218,2.0067022337144635e-06,9.7,0.0,0,0,0,0
2026-08-26 14:51:54.015479,LONDON_HIL,London Hillingdon,51.496,-0.46,11.0,,,,0.023,,,11.0,-0.4999999999999997,-0.8660254037844388,0.9749279121818236,-0.22252093395631434,-0.8660254037844385,-0.5000000000000004,46,Good,11.0,0.0,11.0,11.0,11.0,0.0,11.0,11.0,11.0,0.0,11.0,11.0,14.434846139205037,-3.396819085075502,-0.03802705412953422,3.5,0.0,0,0,0,0
2026-08-26 14:51:54.539757,LONDON_WL1,London Waltham Forest,51.585,-0.012,11.0,28.0,360.0,39.5,,,,11.0,-0.4999999999999997,-0.8660254037844388,0.9749279121818236,-0.22252093395631434,-0.8660254037844385,-0.5000000000000004,46,Good,11.0,0.0,11.0,11.0,11.0,0.0,11.0,11.0,11.0,0.0,11.0,11.0,14.396578556361968,-3.3769645765292307,-0.01961397983273727,11.0,0.0,0,0,0,0
2026-08-26 14:51:55.031898,LONDON_BX1,London Bexley - Erith,51.481,0.181,8.0,,,0.0,,,,8.0,-0.4999999999999997,-0.8660254037844388,0.9749279121818236,-0.22252093395631434,-0.8660254037844385,-0.5000000000000004,33,Good,8.0,0.0,8.0,8.0,8.0,0.0,8.0,8.0,8.0,0.0,8.0,8.0,7.886172281505583,0.149291372219285,-0.03546365372486715,12.0,0.0,0,0,0,0
2026-08-26 14:51:55.256700,LONDON_MY7,London Marylebone Road,51.522,-0.154,8.0,,,,0.037,,,8.0,-0.4999999999999997,-0.8660254037844388,0.9749279121818236,-0.22252093395631434,-0.8660254037844385,-0.5000000000000004,33,Good,8.0,0.0,8.0,8.0,8.0,0.0,8.0,8.0,8.0,0.0,8.0,8.0,10.258623064637078,-2.2286189652365085,-0.030004099400569473,8.8,0.0,0,0,0,0
2026-08-26 14:51:56.100784,LONDON_KC1,London N. Kensington,51.521,-0.213,6.2,36.0,1.0305,0.015,0.031,,,6.2,-0.4999999999999997,-0.8660254037844388,0.9749279121818236,-0.22252093395631434,-0.8660254037844385,-0.5000000000000004,26,Good,5.550000000000001,0.6948792289723029,4.9,6.2,5.477777777777778,0.6851601597031485,4.9,6.2,5.477777777777778,0.6851601597031244,4.9,6.2,8.462188738600348,-2.2621891447153613,4.061150136180913e-07,6.4,0.0,0,0,0,0
2026-08-26 14:51:56.687523,LONDON_TH4,London Tower Hamlets - Mile End Road,51.524,-0.033,23.3,,,,,,,23.3,-0.4999999999999997,-0.8660254037844388,0.9749279121818236,-0.22252093395631434,-0.8660254037844385,-0.5000000000000004,75,Moderate,22.55,0.8017837257372735,21.8,23.3,22.46666666666667,0.790569415042095,21.8,23.3,22.466666666666665,0.7905694150420828,21.8,23.3,15.23235466182499,8.06764176038178,3.5777932296809922e-06,11.0,0.0,0,0,0,0
2026-08-26 14:51:57.048213,LONDON_GR9,London Greenwich - Westhorne Avenue,51.455,0.03,8.0,23.0,,20.0,20.0,,,8.0,-0.4999999999999997,-0.8660254037844388,0.9749279121818236,-0.22252093395631434,-0.8660254037844385,-0.5000000000000004,33,Good,8.0,0.0,8.0,8.0,8.0,0.0,8.0,8.0,8.0,0.0,8.0,8.0,12.60062312722642,-4.600622513177285,-6.140491350947741e-07,4.2,0.0,0,0,0,0
2026-08-26 15:00:42.847333,LONDON_CT3,London City of London - Sir John Cass School,51.514,-0.077,11.0,,,5.0,49.1,,,11.0,-0.7071067811865471,-0.7071067811865479,0.9749279121818236,-0.22252093395631434,-0.8660254037844385,-0.5000000000000004,46,Good,11.0,0.0,11.0,11.0,11.0,0.0,11.0,11.0,11.0,0.0,11.0,11.0,15.604877048892952,-4.530197650855664,-0.07467939803728818,17.0,0.0,0,0,0,0
2026-08-26 15:00:43.129485,LONDON_SK6,London Southwark - A2 Invaliders,51.491,-0.102,10.3,,,,0.026,,,10.3,-0.7071067811865471,-0.7071067811865479,0.9749279121818236,-0.22252093395631434,-0.8660254037844385,-0.5000000000000004,43,Good,9.366666666666667,1.1067971810589339,8.2,10.3,9.25,1.1067971810589339,8.2,10.3,9.25,1.10679718105893,8.2,10.3,9.288327996018223,1.0116736390812935,-1.6350995153402437e-06,4.9,0.0,0,0,0,0
2026-08-26 15:00:43.580259,LONDON_HF1,London Hammersmith and Fulham,51.49,-0.224,13.0,43.0,,50.9,27.8,,,13.0,-0.7071067811865471,-0.7071067811865479,0.9749279121818236,-0.22252093395631434,-0.8660254037844385,-0.5000000000000004,53,Moderate,13.0,0.0,13.0,13.0,13.0,0.0,13.0,13.0,13.0,0.0,13.0,13.0,13.617117791957288,-0.6171230298220849,5.237864797891234e-06,12.0,0.0,0,0,0,0
2026-08-26 15:00:44.098593,LONDON_HIL,London Hillingdon,51.496,-0.46,11.0,,,,0.023,,,11.0,-0.7071067811865471,-0.7071067811865479,0.9749279121818236,-0.22252093395631434,-0.8660254037844385,-0.5000000000000004,46,Good,11.0,0.0,11.0,11.0,11.0,0.0,11.0,11.0,11.0,0.0,11.0,11.0,14.547940277202148,-3.5218669106934306,-0.026073366508716944,9.0,0.0,0,0,0,0
2026-08-26 15:00:44.642110,LONDON_WL1,London Waltham Forest,51.585,-0.012,11.0,28.0,360.0,39.5,,,,11.0,-0.7071067811865471,-0.7071067811865479,0.9749279121818236,-0.22252093395631434,-0.8660254037844385,-0.5000000000000004,46,Good,11.0,0.0,11.0,11.0,11.0,0.0,11.0,11.0,11.0,0.0,11.0,11.0,14.52090871497104,-3.5085040823584244,-0.012404632612614819,11.0,0.0,0,0,0,0
2026-08-26 15:00:45.169028,LONDON_BX1,London Bexley - Erith,51.481,0.181,8.0,,,0.0,,,,8.0,-0.7071067811865471,-0.7071067811865479,0.9749279121818236,-0.22252093395631434,-0.8660254037844385,-0.5000000000000004,33,Good,8.0,0.0,8.0,8.0,8.0,0.0,8.0,8.0,8.0,0.0,8.0,8.0,7.882601485737887,0.1501212612391748,-0.03272274697706212,12.0,0.0,0,0,0,0
2026-08-26 15:00:45.816544,LONDON_MY7,London Marylebone Road,51.522,-0.154,8.0,,,,0.037,,,8.0,-0.7071067811865471,-0.7071067811865479,0.9749279121818236,-0.22252093395631434,-0.8660254037844385,-0.5000000000000004,33,Good,8.0,0.0,8.0,8.0,8.0,0.0,8.0,8.0,8.0,0.0,8.0,8.0,10.314939177929018,-2.2886358016722457,-0.026303376256771926,6.4,0.0,0,0,0,0
2026-08-26 15:00:46.168047,LONDON_KC1,London N. Kensington,51.521,-0.213,6.2,36.0,1.0305,0.015,0.031,,,6.2,-0.7071067811865471,-0.7071067811865479,0.9749279121818236,-0.22252093395631434,-0.8660254037844385,-0.5000000000000004,26,Good,5.622222222222223,0.6851601597031484,4.9,6.2,5.55,0.6851601597031484,4.9,6.2,5.550000000000001,0.6851601597031273,4.9,6.2,8.633059649136873,-2.433060903215508,1.2540786347159383e-06,8.8,0.0,0,0,0,0
2026-08-26 15:00:46.633108,LONDON_TH4,London Tower Hamlets - Mile End Road,51.524,-0.033,23.3,,,,,,,23.3,-0.7071067811865471,-0.7071067811865479,0.9749279121818236,-0.22252093395631434,-0.8660254037844385,-0.5000000000000004,75,Moderate,22.633333333333333,0.7905694150420952,21.8,23.3,22.55,0.790569415042095,21.8,23.3,22.55,0.7905694150420837,21.8,23.3,16.127963655016167,7.1720272686070174,9.07637681635265e-06,13.0,0.0,0,0,0,0
2026-08-26 15:00:47.084712,LONDON_GR9,London Greenwich - Westhorne Avenue,51.455,0.03,8.0,23.0,,20.0,20.0,,,8.0,-0.7071067811865471,-0.7071067811865479,0.9749279121818236,-0.22252093395631434,-0.8660254037844385,-0.5000000000000004,33,Good,8.0,0.0,8.0,8.0,8.0,0.0,8.0,8.0,8.0,0.0,8.0,8.0,12.422460416083503,-4.42245892669159,-1.4893919129121969e-06,8.0,0.0,0,0,0,0
2026-08-26 15:07:00.086142,LONDON_CT3,London City of London - Sir John Cass School,51.514,-0.077,11.0,,,5.0,49.1,,,11.0,-0.7071067811865471,-0.7071067811865479,0.9749279121818236,-0.22252093395631434,-0.8660254037844385,-0.5000000000000004,46,Good,11.0,0.0,11.0,11.0,11.0,0.0,11.0,11.0,11.0,0.0,11.0,11.0,15.442053709552031,-4.276228228351253,-0.1658254812007769,8.0,0.0,0,0,0,0
2026-08-26 15:07:00.808746,LONDON_SK6,London Southwark - A2 Invaliders,51.491,-0.102,10.3,,,,0.026,,,10.3,-0.7071067811865471,-0.7071067811865479,0.9749279121818236,-0.22252093395631434,-0.8660254037844385,-0.5000000000000004,43,Good,9.775,0.9721111047611798,8.2,10.3,9.345454545454546,1.0966892325208975,8.2,10.3,9.345454545454546,1.096689232520894,8.2,10.3,9.073696212636651,-3.270223253928327,4.496527041291676,8.0,0.0,0,0,1,1
2026-08-26 15:07:01.042883,LONDON_HF1,London Hammersmith and Fulham,51.49,-0.224,13.0,43.0,,50.9,27.8,,,13.0,-0.7071067811865471,-0.7071067811865479,0.9749279121818236,-0.22252093395631434,-0.8660254037844385,-0.5000000000000004,53,Moderate,13.0,0.0,13.0,13.0,13.0,0.0,13.0,13.0,13.0,0.0,13.0,13.0,13.752179593533713,-0.7521920182866964,1.2424752982909126e-05,12.0,0.0,0,0,0,0
2026-08-26 15:07:01.761980,LONDON_HIL,London Hillingdon,51.496,-0.46,11.0,,,,0.023,,,11.0,-0.7071067811865471,-0.7071067811865479,0.9749279121818236,-0.22252093395631434,-0.8660254037844385,-0.5000000000000004,46,Good,11.0,0.0,11.0,11.0,11.0,0.0,11.0,11.0,11.0,0.0,11.0,11.0,14.304370955354324,-3.177888029016269,-0.12648292633805447,3.5,0.0,0,0,0,0
2026-08-26 15:07:02.203786,LONDON_WL1,London Waltham Forest,51.585,-0.012,11.0,28.0,360.0,39.5,,,,11.0,-0.7071067811865471,-0.7071067811865479,0.9749279121818236,-0.22252093395631434,-0.8660254037844385,-0.5000000000000004,46,Good,11.0,0.0,11.0,11.0,11.0,0.0,11.0,11.0,11.0,0.0,11.0,11.0,14.360690716948607,-3.2562696621705483,-0.10442105477805796,11.0,0.0,0,0,0,0
2026-08-26 15:07:02.627437,LONDON_BX1,London Bexley - Erith,51.481,0.181,8.0,,,0.0,,,,8.0,-0.7071067811865471,-0.7071067811865479,0.9749279121818236,-0.22252093395631434,-0.8660254037844385,-0.5000000000000004,33,Good,8.0,0.0,8.0,8.0,8.0,0.0,8.0,8.0,8.0,0.0,8.0,8.0,8.212565966042304,-0.27325637698513605,0.060690410942832784,3.5,0.0,0,0,0,0
2026-08-26 15:07:02.873947,LONDON_MY7,London Marylebone Road,51.522,-0.154,8.0,,,,0.037,,,8.0,-0.7071067811865471,-0.7071067811865479,0.9749279121818236,-0.22252093395631434,-0.8660254037844385,-0.5000000000000004,33,Good,8.0,0.0,8.0,8.0,8.0,0.0,8.0,8.0,8.0,0.0,8.0,8.0,10.702221025618673,-2.779309112183493,0.07708808656482091,13.62,0.0,0,0,0,0
2026-08-26 15:07:03.136612,LONDON_KC1,London N. Kensington,51.521,-0.213,6.2,36.0,1.0305,0.015,0.031,,,6.2,-0.7071067811865471,-0.7071067811865479,0.9749279121818236,-0.22252093395631434,-0.8660254037844385,-0.5000000000000004,26,Good,5.875,0.6017830648521577,4.9,6.2,5.609090909090909,0.6789028582272212,4.9,6.2,5.609090909090909,0.6789028582272021,4.9,6.2,8.847946362735952,-2.6479498319454717,3.4692095205457463e-06,3.0,0.0,0,0,0,0
2026-08-26 15:07:03.351478,LONDON_TH4,London Tower Hamlets - Mile End Road,51.524,-0.033,23.3,,,,,,,23.3,-0.7071067811865471,-0.7071067811865479,0.9749279121818236,-0.22252093395631434,-0.8660254037844385,-0.5000000000000004,75,Moderate,22.925,0.694365074829414,21.8,23.3,22.61818181818182,0.7833494518006405,21.8,23.3,22.61818181818182,0.7833494518006299,21.8,23.3,17.217616031539098,6.0823611001987565,2.2868262146147345e-05,10.3,0.0,0,0,0,0
2026-08-26 15:07:03.809057,LONDON_GR9,London Greenwich - Westhorne Avenue,51.455,0.03,8.0,23.0,,20.0,20.0,,,8.0,-0.7071067811865471,-0.7071067811865479,0.9749279121818236,-0.22252093395631434,-0.8660254037844385,-0.5000000000000004,33,Good,8.0,0.0,8.0,8.0,8.0,0.0,8.0,8.0,8.0,0.0,8.0,8.0,12.240820191342074,-4.240816495154326,-3.6961877469821047e-06,8.0,0.0,0,0,0,0
2026-08-26 15:15:43.155183,LONDON_CT3,London City of London - Sir John Cass School,51.514,-0.077,11.0,,,5.0,49.1,,,11.0,-0.7071067811865471,-0.7071067811865479,0.9749279121818236,-0.22252093395631434,-0.8660254037844385,-0.5000000000000004,46,Good,11.0,0.0,11.0,11.0,11.0,0.0,11.0,11.0,11.0,0.0,11.0,11.0,15.225749116889434,-3.995193079130855,-0.23055603775857847,12.0,0.0,0,0,0,0
2026-08-26 15:15:43.727059,LONDON_SK6,London Southwark - A2 Invaliders,51.491,-0.102,10.3,,,,0.026,,,10.3,-0.7071067811865471,-0.7071067811865479,0.9749279121818236,-0.22252093395631434,-0.8660254037844385,-0.5000000000000004,43,Good,9.833333333333334,0.9260129588726074,8.2,10.3,9.424999999999999,1.0813501661433191,8.2,10.3,9.425,1.0813501661433156,8.2,10.3,8.675948153529742,-3.2150050948088666,4.839056941279125,4.8,0.0,0,0,1,1
2026-08-26 15:15:44.542198,LONDON_HF1,London Hammersmith and Fulham,51.49,-0.224,13.0,43.0,,50.9,27.8,,,13.0,-0.7071067811865471,-0.7071067811865479,0.9749279121818236,-0.22252093395631434,-0.8660254037844385,-0.5000000000000004,53,Moderate,13.0,0.0,13.0,13.0,13.0,0.0,13.0,13.0,13.0,0.0,13.0,13.0,13.890790935101407,-0.8908284380407314,3.750293932469617e-05,11.0,0.0,0,0,0,0
2026-08-26 15:15:44.990848,LONDON_HIL,London Hillingdon,51.496,-0.46,11.0,,,,0.023,,,11.0,-0.7071067811865471,-0.7071067811865479,0.9749279121818236,-0.22252093395631434,-0.8660254037844385,-0.5000000000000004,46,Good,11.0,0.0,11.0,11.0,11.0,0.0,11.0,11.0,11.0,0.0,11.0,11.0,14.132690972222202,-3.132690972222194,-7.105427357601002e-15,9.0,0.0,0,0,0,0
2026-08-26 15:15:45.880370,LONDON_WL1,London Waltham Forest,51.585,-0.012,11.0,28.0,360.0,39.5,,,,11.0,-0.7071067811865471,-0.7071067811865479,0.9749279121818236,-0.22252093395631434,-0.8660254037844385,-0.5000000000000004,46,Good,11.0,0.0,11.0,11.0,11.0,0.0,11.0,11.0,11.0,0.0,11.0,11.0,14.248506944444491,-3.248506944444478,-1.2434497875801753e-14,11.0,0.0,0,0,0,0
2026-08-26 15:15:46.183514,LONDON_BX1,London Bexley - Erith,51.481,0.181,8.0,,,0.0,,,,8.0,-0.7071067811865471,-0.7071067811865479,0.9749279121818236,-0.22252093395631434,-0.8660254037844385,-0.5000000000000004,33,Good,8.0,0.0,8.0,8.0,8.0,0.0,8.0,8.0,8.0,0.0,8.0,8.0,8.52260073655942,-0.6946229224890266,0.17202218592960605,15.6,0.0,0,0,0,0
2026-08-26 15:15:46.696780,LONDON_MY7,London Marylebone Road,51.522,-0.154,8.0,,,,0.037,,,8.0,-0.7071067811865471,-0.7071067811865479,0.9749279121818236,-0.22252093395631434,-0.8660254037844385,-0.5000000000000004,33,Good,8.0,0.0,8.0,8.0,8.0,0.0,8.0,8.0,8.0,0.0,8.0,8.0,11.065952484166072,-3.2463180907088987,0.18036560654282674,32.52,0.0,0,0,0,0
2026-08-26 15:15:47.307925,LONDON_KC1,London N. Kensington,51.521,-0.213,6.2,36.0,1.0305,0.015,0.031,,,6.2,-0.7071067811865471,-0.7071067811865479,0.9749279121818236,-0.22252093395631434,-0.8660254037844385,-0.5000000000000004,26,Good,5.911111111111111,0.5732461173973272,4.9,6.2,5.658333333333334,0.669407245707768,4.9,6.2,5.658333333333334,0.6694072457077505,4.9,6.2,9.066059825211365,-2.866068791055559,8.965844195074624e-06,14.0,0.0,0,0,0,0
2026-08-26 15:15:47.616284,LONDON_TH4,London Tower Hamlets - Mile End Road,51.524,-0.033,23.3,,,,,,,23.3,-0.7071067811865471,-0.7071067811865479,0.9749279121818236,-0.22252093395631434,-0.8660254037844385,-0.5000000000000004,75,Moderate,22.966666666666665,0.661437827766148,21.8,23.3,22.675,0.772392975816656,21.8,23.3,22.675,0.772392975816646,21.8,23.3,18.330025468819734,4.969915515018677,5.901616158965339e-05,11.0,0.0,0,0,0,0
2026-08-26 15:15:48.080614,LONDON_GR9,London Greenwich - Westhorne Avenue,51.455,0.03,8.0,23.0,,20.0,20.0,,,8.0,-0.7071067811865471,-0.7071067811865479,0.9749279121818236,-0.22252093395631434,-0.8660254037844385,-0.5000000000000004,33,Good,8.0,0.0,8.0,8.0,8.0,0.0,8.0,8.0,8.0,0.0,8.0,8.0,12.055691072586146,-4.055681456907056,-9.615679090302365e-06,12.0,0.0,0,0,0,0
2026-08-26 15:21:55.610602,LONDON_CT3,London City of London - Sir John Cass School,51.514,-0.077,11.0,,,5.0,49.1,,,11.0,-0.7071067811865471,-0.7071067811865479,0.9749279121818236,-0.22252093395631434,-0.8660254037844385,-0.5000000000000004,46,Good,11.0,0.0,11.0,11.0,11.0,0.0,11.0,11.0,11.0,0.0,11.0,11.0,15.303953049516643,-4.303953049516331,-3.126388037344441e-13,15.6,0.0,0,0,0,0
2026-08-26 15:21:56.039498,LONDON_SK6,London Southwark - A2 Invaliders,51.491,-0.102,10.3,,,,0.026,,,10.3,-0.7071067811865471,-0.7071067811865479,0.9749279121818236,-0.22252093395631434,-0.8660254037844385,-0.5000000000000004,43,Good,10.3,0.0,10.3,10.3,9.492307692307692,1.063376335437851,8.2,10.3,9.492307692307692,1.0633763354378476,8.2,10.3,9.074610029039498,1.2254075887659448,-1.76178054420717e-05,8.0,0.0,0,0,0,0
2026-08-26 15:21:56.461191,LONDON_HF1,London Hammersmith and Fulham,51.49,-0.224,13.0,43.0,,50.9,27.8,,,13.0,-0.7071067811865471,-0.7071067811865479,0.9749279121818236,-0.22252093395631434,-0.8660254037844385,-0.5000000000000004,53,Moderate,13.0,0.0,13.0,13.0,13.0,0.0,13.0,13.0,13.0,0.0,13.0,13.0,14.033129522163307,-1.0332415660364578,0.00011204387315011388,3.5,0.0,0,0,0,0
2026-08-26 15:21:57.216840,LONDON_HIL,London Hillingdon,51.496,-0.46,11.0,,,,0.023,,,11.0,-0.7071067811865471,-0.7071067811865479,0.9749279121818236,-0.22252093395631434,-0.8660254037844385,-0.5000000000000004,46,Good,11.0,0.0,11.0,11.0,11.0,0.0,11.0,11.0,11.0,0.0,11.0,11.0,13.843402777777804,-2.8434027777777833,-2.1316282072803006e-14,3.5,0.0,0,0,0,0
2026-08-26 15:21:57.460048,LONDON_WL1,London Waltham Forest,51.585,-0.012,11.0,28.0,360.0,39.5,,,,11.0,-0.7071067811865471,-0.7071067811865479,0.9749279121818236,-0.22252093395631434,-0.8660254037844385,-0.5000000000000004,46,Good,11.0,0.0,11.0,11.0,11.0,0.0,11.0,11.0,11.0,0.0,11.0,11.0,14.052743055555558,-3.052743055555545,-1.2434497875801753e-14,11.0,0.0,0,0,0,0
2026-08-26 15:21:57.899390,LONDON_BX1,London Bexley - Erith,51.481,0.181,8.0,,,0.0,,,,8.0,-0.7071067811865471,-0.7071067811865479,0.9749279121818236,-0.22252093395631434,-0.8660254037844385,-0.5000000000000004,33,Good,8.0,0.0,8.0,8.0,8.0,0.0,8.0,8.0,8.0,0.0,8.0,8.0,8.880674539494683,-1.1644115209326975,0.2837369814380146,12.0,0.0,0,0,0,0
2026-08-26 15:21:58.135524,LONDON_MY7,London Marylebone Road,51.522,-0.154,8.0,,,,0.037,,,8.0,-0.7071067811865471,-0.7071067811865479,0.9749279121818236,-0.22252093395631434,-0.8660254037844385,-0.5000000000000004,33,Good,8.0,0.0,8.0,8.0,8.0,0.0,8.0,8.0,8.0,0.0,8.0,8.0,11.472734128641438,-3.764544781048853,0.2918106524074151,23.02,0.0,0,0,0,0
2026-08-26 15:21:58.402433,LONDON_KC1,London N. Kensington,51.521,-0.213,6.2,36.0,1.0305,0.015,0.031,,,6.2,-0.7071067811865471,-0.7071067811865479,0.9749279121818236,-0.22252093395631434,-0.8660254037844385,-0.5000000000000004,26,Good,6.2,0.0,6.2,6.2,5.700000000000001,0.6582805886043829,4.9,6.2,5.700000000000001,0.6582805886043664,4.9,6.2,9.287430769845301,-3.0874537922395344,2.3022394234573085e-05,12.0,0.0,0,0,0,0
2026-08-26 15:21:58.854356,LONDON_TH4,London Tower Hamlets - Mile End Road,51.524,-0.033,23.3,,,,,,,23.3,-0.7071067811865471,-0.7071067811865479,0.9749279121818236,-0.22252093395631434,-0.8660254037844385,-0.5000000000000004,75,Moderate,23.3,0.0,23.3,23.3,22.723076923076924,0.7595545253127501,21.8,23.3,22.72307692307692,0.7595545253127406,21.8,23.3,19.46542188294915,3.8344199698001122,0.00015814725073681757,8.0,0.0,0,0,0,0
2026-08-26 15:21:59.094812,LONDON_GR9,London Greenwich - Westhorne Avenue,51.455,0.03,8.0,23.0,,20.0,20.0,,,8.0,-0.7071067811865471,-0.7071067811865479,0.9749279121818236,-0.22252093395631434,-0.8660254037844385,-0.5000000000000004,33,Good,8.0,0.0,8.0,8.0,8.0,0.0,8.0,8.0,8.0,0.0,8.0,8.0,11.867033244902977,-3.867006880575935,-2.636432704150593e-05,12.0,0.0,0,0,0,0
2026-08-26 15:30:44.169309,LONDON_CT3,London City of London - Sir John Cass School,51.514,-0.077,11.0,,,5.0,49.1,,,11.0,-0.7071067811865471,-0.7071067811865479,0.9749279121818236,-0.22252093395631434,-0.8660254037844385,-0.5000000000000004,46,Good,11.0,0.0,11.0,11.0,11.0,0.0,11.0,11.0,11.0,0.0,11.0,11.0,15.113871527765472,-4.113871527753107,-1.2365219959065143e-11,8.0,0.0,0,0,0,0
2026-08-26 15:30:44.735268,LONDON_SK6,London Southwark - A2 Invaliders,51.491,-0.102,10.3,,,,0.026,,,10.3,-0.7071067811865471,-0.7071067811865479,0.9749279121818236,-0.22252093395631434,-0.8660254037844385,-0.5000000000000004,43,Good,10.3,0.0,10.3,10.3,9.549999999999999,1.0442148320075795,8.2,10.3,9.55,1.0442148320075761,8.2,10.3,8.970703680141138,-1.7627050280805527,3.0920013479394157,11.0,0.0,0,0,0,0
2026-08-26 15:30:45.223359,LONDON_HF1,London Hammersmith and Fulham,51.49,-0.224,13.0,43.0,,60.4,27.8,,,13.0,-0.7071067811865471,-0.7071067811865479,0.9749279121818236,-0.22252093395631434,-0.8660254037844385,-0.5000000000000004,53,Moderate,13.0,0.0,13.0,13.0,13.0,0.0,13.0,13.0,13.0,0.0,13.0,13.0,13.804407938836626,-0.8046573538641593,0.00024941502753428324,9.7,0.0,0,0,0,0
2026-08-26 15:30:45.667511,LONDON_HIL,London Hillingdon,51.496,-0.46,11.0,,,,0.023,,,11.0,-0.7071067811865471,-0.7071067811865479,0.9749279121818236,-0.22252093395631434,-0.8660254037844385,-0.5000000000000004,46,Good,11.0,0.0,11.0,11.0,11.0,0.0,11.0,11.0,11.0,0.0,11.0,11.0,13.539966787439564,-2.539966787439493,-7.105427357601002e-14,9.0,0.0,0,0,0,0
2026-08-26 15:30:46.072958,LONDON_WL1,London Waltham Forest,51.585,-0.012,11.0,28.0,360.0,39.5,,,,11.0,-0.7071067811865471,-0.7071067811865479,0.9749279121818236,-0.22252093395631434,-0.8660254037844385,-0.5000000000000004,46,Good,11.0,0.0,11.0,11.0,11.0,0.0,11.0,11.0,11.0,0.0,11.0,11.0,13.851120169082115,-2.851120169082076,-3.907985046680551e-14,11.0,0.0,0,0,0,0
2026-08-26 15:30:46.891799,LONDON_BX1,London Bexley - Erith,51.481,0.181,8.0,,,0.0,,,,8.0,-0.7071067811865471,-0.7071067811865479,0.9749279121818236,-0.22252093395631434,-0.8660254037844385,-0.5000000000000004,33,Good,8.0,0.0,8.0,8.0,8.0,0.0,8.0,8.0,8.0,0.0,8.0,8.0,9.082370338007507,-1.2751056268435172,0.1927352888360101,9.0,0.0,0,0,0,0
2026-08-26 15:30:47.363026,LONDON_MY7,London Marylebone Road,51.522,-0.154,8.0,,,,0.037,,,8.0,-0.7071067811865471,-0.7071067811865479,0.9749279121818236,-0.22252093395631434,-0.8660254037844385,-0.5000000000000004,33,Good,8.0,0.0,8.0,8.0,8.0,0.0,8.0,8.0,8.0,0.0,8.0,8.0,11.928398359089979,-1.231402696399527,-2.696995662690451,14.28,0.0,0,0,0,0
2026-08-26 15:30:48.206940,LONDON_KC1,London N. Kensington,51.521,-0.213,6.2,36.0,1.0305,0.015,0.031,,,6.2,-0.7071067811865471,-0.7071067811865479,0.9749279121818236,-0.22252093395631434,-0.8660254037844385,-0.5000000000000004,26,Good,6.2,0.0,6.2,6.2,5.735714285714286,0.6464187055285007,4.9,6.2,5.735714285714287,0.6464187055284852,4.9,6.2,9.541353317001862,-3.341417866563449,6.454956158741254e-05,6.4,0.0,0,0,0,0
2026-08-26 15:30:48.460220,LONDON_TH4,London Tower Hamlets - Mile End Road,51.524,-0.033,23.3,,,,,,,23.3,-0.7071067811865471,-0.7071067811865479,0.9749279121818236,-0.22252093395631434,-0.8660254037844385,-0.5000000000000004,75,Moderate,23.3,0.0,23.3,23.3,22.764285714285712,0.7458677371482705,21.8,23.3,22.764285714285712,0.7458677371482613,21.8,23.3,20.61630109981733,2.68325796912473,0.00044093105794118514,23.3,0.0,0,0,0,0
2026-08-26 15:30:48.725961,LONDON_GR9,London Greenwich - Westhorne Avenue,51.455,0.03,8.0,23.0,,20.0,20.0,,,8.0,-0.7071067811865471,-0.7071067811865479,0.9749279121818236,-0.22252093395631434,-0.8660254037844385,-0.5000000000000004,33,Good,8.0,0.0,8.0,8.0,8.0,0.0,8.0,8.0,8.0,0.0,8.0,8.0,11.674700673847763,-3.6746252912910506,-7.538255671235561e-05,12.01,0.0,0,0,0,0
2026-08-26 15:36:54.162143,LONDON_CT3,London City of London - Sir John Cass School,51.514,-0.077,11.0,,,5.0,49.1,,,11.0,-0.7071067811865471,-0.7071067811865479,0.9749279121818236,-0.22252093395631434,-0.8660254037844385,-0.5000000000000004,46,Good,11.0,0.0,11.0,11.0,11.0,0.0,11.0,11.0,11.0,0.0,11.0,11.0,14.934444444355735,-3.934444444275431,-8.030376363876712e-11,8.0,0.0,0,0,0,0
2026-08-26 15:36:54.717317,LONDON_SK6,London Southwark - A2 Invaliders,51.491,-0.102,10.3,,,,0.026,,,10.3,-0.7071067811865471,-0.7071067811865479,0.9749279121818236,-0.22252093395631434,-0.8660254037844385,-0.5000000000000004,43,Good,10.3,0.0,10.3,10.3,9.6,1.0246950765959608,8.2,10.3,9.6,1.0246950765959575,8.2,10.3,9.269843161387575,1.0301571487552028,-3.101427772378429e-07,8.2,0.0,0,0,0,0
2026-08-26 15:36:55.006137,LONDON_HF1,London Hammersmith and Fulham,51.49,-0.224,13.0,43.0,,60.4,27.8,,,13.0,-0.7071067811865471,-0.7071067811865479,0.9749279121818236,-0.22252093395631434,-0.8660254037844385,-0.5000000000000004,53,Moderate,13.0,0.0,13.0,13.0,13.0,0.0,13.0,13.0,13.0,0.0,13.0,13.0,13.573064978090303,-0.573651863201897,0.0005868851115948814,12.0,0.0,0,0,0,0
2026-08-26 15:36:55.601218,LONDON_HIL,London Hillingdon,51.496,-0.46,11.0,,,,0.023,,,11.0,-0.7071067811865471,-0.7071067811865479,0.9749279121818236,-0.22252093395631434,-0.8660254037844385,-0.5000000000000004,46,Good,11.0,0.0,11.0,11.0,11.0,0.0,11.0,11.0,11.0,0.0,11.0,11.0,13.24138888888603,-2.2413888888828803,-3.149480676256644e-12,3.5,0.0,0,0,0,0
2026-08-26 15:36:56.372160,LONDON_WL1,London Waltham Forest,51.585,-0.012,11.0,28.0,360.0,39.5,,,,11.0,-0.7071067811865471,-0.7071067811865479,0.9749279121818236,-0.22252093395631434,-0.8660254037844385,-0.5000000000000004,46,Good,11.0,0.0,11.0,11.0,11.0,0.0,11.0,11.0,11.0,0.0,11.0,11.0,13.642986111109092,-2.6429861111068313,-2.261302256556519e-12,11.0,0.0,0,0,0,0
2026-08-26 15:36:56.616335,LONDON_BX1,London Bexley - Erith,51.481,0.181,8.0,,,0.0,,,,8.0,-0.7071067811865471,-0.7071067811865479,0.9749279121818236,-0.22252093395631434,-0.8660254037844385,-0.5000000000000004,33,Good,8.0,0.0,8.0,8.0,8.0,0.0,8.0,8.0,8.0,0.0,8.0,8.0,8.968605156921365,-0.9686967369685343,9.158004716880441e-05,7.3,0.0,0,0,0,0
2026-08-26 15:36:57.047238,LONDON_MY7,London Marylebone Road,51.522,-0.154,8.0,,,,0.037,,,8.0,-0.7071067811865471,-0.7071067811865479,0.9749279121818236,-0.22252093395631434,-0.8660254037844385,-0.5000000000000004,33,Good,8.0,0.0,8.0,8.0,8.0,0.0,8.0,8.0,8.0,0.0,8.0,8.0,11.818774387895193,-3.8188684887012405,9.410080604865811e-05,11.79,0.0,0,0,0,0
2026-08-26 15:36:57.500140,LONDON_KC1,London N. Kensington,51.521,-0.213,6.2,36.0,1.0305,0.015,0.031,,,6.2,-0.7071067811865471,-0.7071067811865479,0.9749279121818236,-0.22252093395631434,-0.8660254037844385,-0.5000000000000004,26,Good,6.2,0.0,6.2,6.2,5.766666666666667,0.6343350474165462,4.9,6.2,5.766666666666667,0.6343350474165317,4.9,6.2,9.77052931694645,-3.570709126578275,0.00017980963182573362,8.8,0.0,0,0,0,0
2026-08-26 15:36:57.737968,LONDON_TH4,London Tower Hamlets - Mile End Road,51.524,-0.033,23.3,,,,,,,23.3,-0.7071067811865471,-0.7071067811865479,0.9749279121818236,-0.22252093395631434,-0.8660254037844385,-0.5000000000000004,75,Moderate,23.3,0.0,23.3,23.3,22.8,0.7319250547114,21.8,23.3,22.8,0.731925054711391,21.8,23.3,21.794172515465153,1.5045401596700718,0.0012873248647764512,6.2,0.0,0,0,0,0
2026-08-26 15:36:58.183432,LONDON_GR9,London Greenwich - Westhorne Avenue,51.455,0.03,8.0,23.0,,20.0,20.0,,,8.0,-0.7071067811865471,-0.7071067811865479,0.9749279121818236,-0.22252093395631434,-0.8660254037844385,-0.5000000000000004,33,Good,8.0,0.0,8.0,8.0,8.0,0.0,8.0,8.0,8.0,0.0,8.0,8.0,11.478096842171437,-3.477872051844344,-0.00022479032709377123,10.74,0.0,0,0,0,0
2026-08-27 14:14:16.187455,LONDON_CT3,London City of London - Sir John Cass School,51.514,-0.077,11.0,,,5.0,49.1,,,11.0,-0.4999999999999997,-0.8660254037844388,0.43388373911755823,-0.900968867902419,-0.8660254037844385,-0.5000000000000004,46,Good,11.0,0.0,11.0,11.0,11.0,0.0,11.0,11.0,11.0,0.0,11.0,11.0,11.0,0.0,0,0,0,0
2026-08-27 14:14:18.076240,LONDON_SK6,London Southwark - A2 Invaliders,51.491,-0.102,8.2,,,,0.012,,,8.2,-0.4999999999999997,-0.8660254037844388,0.43388373911755823,-0.900968867902419,-0.8660254037844385,-0.5000000000000004,34,Good,8.2,0.0,8.2,8.2,8.2,0.0,8.2,8.2,8.2,0.0,8.2,8.2,11.0,0.0,0,0,0,0
2026-08-27 14:14:19.613473,LONDON_HF1,London Hammersmith and Fulham,51.49,-0.224,11.0,62.0,,58.0,27.8,,,11.0,-0.4999999999999997,-0.8660254037844388,0.43388373911755823,-0.900968867902419,-0.8660254037844385,-0.5000000000000004,46,Good,11.0,0.0,11.0,11.0,11.0,0.0,11.0,11.0,11.0,0.0,11.0,11.0,8.2,0.0,0,0,0,0
2026-08-27 14:14:20.305739,LONDON_HIL,London Hillingdon,51.496,-0.46,11.0,,,,0.023,,,11.0,-0.4999999999999997,-0.8660254037844388,0.43388373911755823,-0.900968867902419,-0.8660254037844385,-0.5000000000000004,46,Good,11.0,0.0,11.0,11.0,11.0,0.0,11.0,11.0,11.0,0.0,11.0,11.0,11.0,0.0,0,0,0,0
2026-08-27 14:14:21.055370,LONDON_WL1,London Waltham Forest,51.585,-0.012,11.0,28.0,360.0,39.5,,,,11.0,-0.4999999999999997,-0.8660254037844388,0.43388373911755823,-0.900968867902419,-0.8660254037844385,-0.5000000000000004,46,Good,11.0,0.0,11.0,11.0,11.0,0.0,11.0,11.0,11.0,0.0,11.0,11.0,11.0,0.0,0,0,0,0
2026-08-27 14:14:22.019407,LONDON_BX1,London Bexley - Erith,51.481,0.181,8.0,,,0.0,,,,8.0,-0.4999999999999997,-0.8660254037844388,0.43388373911755823,-0.900968867902419,-0.8660254037844385,-0.5000000000000004,33,Good,8.0,0.0,8.0,8.0,8.0,0.0,8.0,8.0,8.0,0.0,8.0,8.0,11.0,0.0,0,0,0,0
2026-08-27 14:14:23.253250,LONDON_MY7,London Marylebone Road,51.522,-0.154,8.0,,,,0.02,,,8.0,-0.4999999999999997,-0.8660254037844388,0.43388373911755823,-0.900968867902419,-0.8660254037844385,-0.5000000000000004,33,Good,8.0,0.0,8.0,8.0,8.0,0.0,8.0,8.0,8.0,0.0,8.0,8.0,8.0,0.0,0,0,0,0
2026-08-27 14:14:26.125678,LONDON_KC1,London N. Kensington,51.521,-0.213,5.6,29.0,0.0,0.009,0.023,,,5.6,-0.4999999999999997,-0.8660254037844388,0.43388373911755823,-0.900968867902419,-0.8660254037844385,-0.5000000000000004,23,Good,5.6,0.0,5.6,5.6,5.6,0.0,5.6,5.6,5.6,0.0,5.6,5.6,8.0,0.0,0,0,0,0
2026-08-27 14:14:27.549084,LONDON_TH4,London Tower Hamlets - Mile End Road,51.524,-0.033,16.2,,,,,,,16.2,-0.4999999999999997,-0.8660254037844388,0.43388373911755823,-0.900968867902419,-0.8660254037844385,-0.5000000000000004,60,Moderate,16.2,0.0,16.2,16.2,16.2,0.0,16.2,16.2,16.2,0.0,16.2,16.2,16.2,0.0,0,0,0,0
2026-08-27 14:14:28.224296,LONDON_GR9,London Greenwich - Westhorne Avenue,51.455,0.03,8.0,18.0,,9.0,37.0,,,8.0,-0.4999999999999997,-0.8660254037844388,0.43388373911755823,-0.900968867902419,-0.8660254037844385,-0.5000000000000004,33,Good,8.0,0.0,8.0,8.0,8.0,0.0,8.0,8.0,8.0,0.0,8.0,8.0,11.0,0.0,0,0,0,0
2026-08-27 14:18:06.967660,LONDON_CT3,London City of London - Sir John Cass School,51.514,-0.077,11.0,,,5.0,49.1,,,11.0,-0.4999999999999997,-0.8660254037844388,0.43388373911755823,-0.900968867902419,-0.8660254037844385,-0.5000000000000004,46,Good,11.0,0.0,11.0,11.0,11.0,0.0,11.0,11.0,11.0,0.0,11.0,11.0,11.0,0.0,0,0,0,0
2026-08-27 14:18:07.738978,LONDON_SK6,London Southwark - A2 Invaliders,51.491,-0.102,8.2,,,,0.012,,,8.2,-0.4999999999999997,-0.8660254037844388,0.43388373911755823,-0.900968867902419,-0.8660254037844385,-0.5000000000000004,34,Good,8.2,0.0,8.2,8.2,8.2,0.0,8.2,8.2,8.2,0.0,8.2,8.2,8.2,0.0,0,0,0,0
2026-08-27 14:18:09.103140,LONDON_HF1,London Hammersmith and Fulham,51.49,-0.224,11.0,62.0,,64.5,27.8,,,11.0,-0.4999999999999997,-0.8660254037844388,0.43388373911755823,-0.900968867902419,-0.8660254037844385,-0.5000000000000004,46,Good,11.0,0.0,11.0,11.0,11.0,0.0,11.0,11.0,11.0,0.0,11.0,11.0,8.0,0.0,0,0,0,0
2026-08-27 14:18:09.681128,LONDON_HIL,London Hillingdon,51.496,-0.46,11.0,,,,0.023,,,11.0,-0.4999999999999997,-0.8660254037844388,0.43388373911755823,-0.900968867902419,-0.8660254037844385,-0.5000000000000004,46,Good,11.0,0.0,11.0,11.0,11.0,0.0,11.0,11.0,11.0,0.0,11.0,11.0,5.6,0.0,0,0,0,0
2026-08-27 14:18:10.722538,LONDON_WL1,London Waltham Forest,51.585,-0.012,11.0,28.0,360.0,39.5,,,,11.0,-0.4999999999999997,-0.8660254037844388,0.43388373911755823,-0.900968867902419,-0.8660254037844385,-0.5000000000000004,46,Good,11.0,0.0,11.0,11.0,11.0,0.0,11.0,11.0,11.0,0.0,11.0,11.0,11.0,0.0,0,0,0,0
2026-08-27 14:18:11.712343,LONDON_BX1,London Bexley - Erith,51.481,0.181,8.0,,,0.0,,,,8.0,-0.4999999999999997,-0.8660254037844388,0.43388373911755823,-0.900968867902419,-0.8660254037844385,-0.5000000000000004,33,Good,8.0,0.0,8.0,8.0,8.0,0.0,8.0,8.0,8.0,0.0,8.0,8.0,8.2,0.0,0,0,0,0
2026-08-27 14:18:12.220157,LONDON_MY7,London Marylebone Road,51.522,-0.154,8.0,,,,0.02,,,8.0,-0.4999999999999997,-0.8660254037844388,0.43388373911755823,-0.900968867902419,-0.8660254037844385,-0.5000000000000004,33,Good,8.0,0.0,8.0,8.0,8.0,0.0,8.0,8.0,8.0,0.0,8.0,8.0,11.0,0.0,0,0,0,0
2026-08-27 14:18:13.243121,LONDON_KC1,London N. Kensington,51.521,-0.213,5.6,29.0,0.0,0.009,0.023,,,5.6,-0.4999999999999997,-0.8660254037844388,0.43388373911755823,-0.900968867902419,-0.8660254037844385,-0.5000000000000004,23,Good,5.6,0.0,5.6,5.6,5.6,0.0,5.6,5.6,5.6,0.0,5.6,5.6,8.2,0.0,0,0,0,0
2026-08-27 14:18:13.941867,LONDON_TH4,London Tower Hamlets - Mile End Road,51.524,-0.033,16.2,,,,,,,16.2,-0.4999999999999997,-0.8660254037844388,0.43388373911755823,-0.900968867902419,-0.8660254037844385,-0.5000000000000004,60,Moderate,16.2,0.0,16.2,16.2,16.2,0.0,16.2,16.2,16.2,0.0,16.2,16.2,5.6,0.0,0,0,0,0
2026-08-27 14:18:15.323525,LONDON_GR9,London Greenwich - Westhorne Avenue,51.455,0.03,8.0,18.0,,9.0,37.0,,,8.0,-0.4999999999999997,-0.8660254037844388,0.43388373911755823,-0.900968867902419,-0.8660254037844385,-0.5000000000000004,33,Good,8.0,0.0,8.0,8.0,8.0,0.0,8.0,8.0,8.0,0.0,8.0,8.0,8.0,0.0,0,0,0,0
2026-08-27 14:29:15.366059,LONDON_CT3,London City of London - Sir John Cass School,51.514,-0.077,11.0,,,5.0,49.1,,,11.0,-0.4999999999999997,-0.8660254037844388,0.43388373911755823,-0.900968867902419,-0.8660254037844385,-0.5000000000000004,46,Good,11.0,0.0,11.0,11.0,11.0,0.0,11.0,11.0,11.0,0.0,11.0,11.0,11.0,0.0,0,0,0,0
2026-08-27 14:29:16.124601,LONDON_SK6,London Southwark - A2 Invaliders,51.491,-0.102,8.2,,,,0.012,,,8.2,-0.4999999999999997,-0.8660254037844388,0.43388373911755823,-0.900968867902419,-0.8660254037844385,-0.5000000000000004,34,Good,8.2,0.0,8.2,8.2,8.2,0.0,8.2,8.2,8.2,0.0,8.2,8.2,8.0,0.0,0,0,0,0
2026-08-27 14:29:17.291233,LONDON_HF1,London Hammersmith and Fulham,51.49,-0.224,11.0,62.0,,64.5,27.8,,,11.0,-0.4999999999999997,-0.8660254037844388,0.43388373911755823,-0.900968867902419,-0.8660254037844385,-0.5000000000000004,46,Good,11.0,0.0,11.0,11.0,11.0,0.0,11.0,11.0,11.0,0.0,11.0,11.0,8.0,0.0,0,0,0,0
2026-08-27 14:29:17.781815,LONDON_HIL,London Hillingdon,51.496,-0.46,11.0,,,,0.023,,,11.0,-0.4999999999999997,-0.8660254037844388,0.43388373911755823,-0.900968867902419,-0.8660254037844385,-0.5000000000000004,46,Good,11.0,0.0,11.0,11.0,11.0,0.0,11.0,11.0,11.0,0.0,11.0,11.0,11.0,0.0,0,0,0,0
2026-08-27 14:29:18.275840,LONDON_WL1,London Waltham Forest,51.585,-0.012,11.0,28.0,360.0,39.5,,,,11.0,-0.4999999999999997,-0.8660254037844388,0.43388373911755823,-0.900968867902419,-0.8660254037844385,-0.5000000000000004,46,Good,11.0,0.0,11.0,11.0,11.0,0.0,11.0,11.0,11.0,0.0,11.0,11.0,11.0,0.0,0,0,0,0
2026-08-27 14:29:19.077922,LONDON_BX1,London Bexley - Erith,51.481,0.181,8.0,,,0.0,,,,8.0,-0.4999999999999997,-0.8660254037844388,0.43388373911755823,-0.900968867902419,-0.8660254037844385,-0.5000000000000004,33,Good,8.0,0.0,8.0,8.0,8.0,0.0,8.0,8.0,8.0,0.0,8.0,8.0,11.0,0.0,0,0,0,0
2026-08-27 14:29:19.547182,LONDON_MY7,London Marylebone Road,51.522,-0.154,8.0,,,,0.02,,,8.0,-0.4999999999999997,-0.8660254037844388,0.43388373911755823,-0.900968867902419,-0.8660254037844385,-0.5000000000000004,33,Good,8.0,0.0,8.0,8.0,8.0,0.0,8.0,8.0,8.0,0.0,8.0,8.0,11.0,0.0,0,0,0,0
2026-08-27 14:29:20.586309,LONDON_KC1,London N. Kensington,51.521,-0.213,5.6,29.0,0.0,0.009,0.023,,,5.6,-0.4999999999999997,-0.8660254037844388,0.43388373911755823,-0.900968867902419,-0.8660254037844385,-0.5000000000000004,23,Good,5.6,0.0,5.6,5.6,5.6,0.0,5.6,5.6,5.6,0.0,5.6,5.6,5.6,0.0,0,0,0,0
2026-08-27 14:29:21.147878,LONDON_TH4,London Tower Hamlets - Mile End Road,51.524,-0.033,16.2,,,,,,,16.2,-0.4999999999999997,-0.8660254037844388,0.43388373911755823,-0.900968867902419,-0.8660254037844385,-0.5000000000000004,60,Moderate,16.2,0.0,16.2,16.2,16.2,0.0,16.2,16.2,16.2,0.0,16.2,16.2,8.0,0.0,0,0,0,0
2026-08-27 14:29:21.584684,LONDON_GR9,London Greenwich - Westhorne Avenue,51.455,0.03,8.0,18.0,,9.0,37.0,,,8.0,-0.4999999999999997,-0.8660254037844388,0.43388373911755823,-0.900968867902419,-0.8660254037844385,-0.5000000000000004,33,Good,8.0,0.0,8.0,8.0,8.0,0.0,8.0,8.0,8.0,0.0,8.0,8.0,16.2,0.0,0,0,0,0
2026-08-27 14:33:03.894355,LONDON_CT3,London City of London - Sir John Cass School,51.514,-0.077,11.0,,,5.0,49.1,,,11.0,-0.4999999999999997,-0.8660254037844388,0.43388373911755823,-0.900968867902419,-0.8660254037844385,-0.5000000000000004,46,Good,11.0,0.0,11.0,11.0,11.0,0.0,11.0,11.0,11.0,0.0,11.0,11.0,8.0,0.0,0,0,0,0
2026-08-27 14:33:04.118386,LONDON_SK6,London Southwark - A2 Invaliders,51.491,-0.102,8.6,,,,0.015,,,8.6,-0.4999999999999997,-0.8660254037844388,0.43388373911755823,-0.900968867902419,-0.8660254037844385,-0.5000000000000004,36,Good,8.299999999999999,0.20000000000000032,8.2,8.6,8.299999999999999,0.20000000000000032,8.2,8.6,8.299999999999999,0.20000000000000032,8.2,8.6,5.6,0.0,0,0,0,0
2026-08-27 14:33:04.391662,LONDON_HF1,London Hammersmith and Fulham,51.49,-0.224,16.0,62.0,,64.5,27.8,,,16.0,-0.4999999999999997,-0.8660254037844388,0.43388373911755823,-0.900968867902419,-0.8660254037844385,-0.5000000000000004,59,Moderate,12.25,2.5,11.0,16.0,12.25,2.5,11.0,16.0,12.25,2.5,11.0,16.0,11.0,0.0,0,0,0,0
2026-08-27 14:33:04.839576,LONDON_HIL,London Hillingdon,51.496,-0.46,11.0,,,,0.023,,,11.0,-0.4999999999999997,-0.8660254037844388,0.43388373911755823,-0.900968867902419,-0.8660254037844385,-0.5000000000000004,46,Good,11.0,0.0,11.0,11.0,11.0,0.0,11.0,11.0,11.0,0.0,11.0,11.0,5.6,0.0,0,0,0,0
2026-08-27 14:33:05.330934,LONDON_WL1,London Waltham Forest,51.585,-0.012,11.0,28.0,360.0,39.5,,,,11.0,-0.4999999999999997,-0.8660254037844388,0.43388373911755823,-0.900968867902419,-0.8660254037844385,-0.5000000000000004,46,Good,11.0,0.0,11.0,11.0,11.0,0.0,11.0,11.0,11.0,0.0,11.0,11.0,11.0,0.0,0,0,0,0
2026-08-27 14:33:05.692010,LONDON_BX1,London Bexley - Erith,51.481,0.181,8.0,,,0.0,,,,8.0,-0.4999999999999997,-0.8660254037844388,0.43388373911755823,-0.900968867902419,-0.8660254037844385,-0.5000000000000004,33,Good,8.0,0.0,8.0,8.0,8.0,0.0,8.0,8.0,8.0,0.0,8.0,8.0,11.0,0.0,0,0,0,0
2026-08-27 14:33:06.158708,LONDON_MY7,London Marylebone Road,51.522,-0.154,8.0,,,,0.033,,,8.0,-0.4999999999999997,-0.8660254037844388,0.43388373911755823,-0.900968867902419,-0.8660254037844385,-0.5000000000000004,33,Good,8.0,0.0,8.0,8.0,8.0,0.0,8.0,8.0,8.0,0.0,8.0,8.0,5.6,0.0,0,0,0,0
2026-08-27 14:33:06.433547,LONDON_KC1,London N. Kensington,51.521,-0.213,5.6,29.0,0.0,0.009,0.023,,,5.6,-0.4999999999999997,-0.8660254037844388,0.43388373911755823,-0.900968867902419,-0.8660254037844385,-0.5000000000000004,23,Good,5.6,0.0,5.6,5.6,5.6,0.0,5.6,5.6,5.6,0.0,5.6,5.6,11.0,0.0,0,0,0,0
2026-08-27 14:33:06.879013,LONDON_TH4,London Tower Hamlets - Mile End Road,51.524,-0.033,18.0,,,,,,,18.0,-0.4999999999999997,-0.8660254037844388,0.43388373911755823,-0.900968867902419,-0.8660254037844385,-0.5000000000000004,63,Moderate,16.65,0.9000000000000007,16.2,18.0,16.65,0.9000000000000007,16.2,18.0,16.65,0.9000000000000007,16.2,18.0,8.0,0.0,0,0,0,0
2026-08-27 14:33:07.307117,LONDON_GR9,London Greenwich - Westhorne Avenue,51.455,0.03,8.0,18.0,,9.0,37.0,,,8.0,-0.4999999999999997,-0.8660254037844388,0.43388373911755823,-0.900968867902419,-0.8660254037844385,-0.5000000000000004,33,Good,8.0,0.0,8.0,8.0,8.0,0.0,8.0,8.0,8.0,0.0,8.0,8.0,8.2,0.0,0,0,0,0
2026-08-27 14:44:16.310354,LONDON_CT3,London City of London - Sir John Cass School,51.514,-0.077,11.0,,,5.0,49.1,,,11.0,-0.4999999999999997,-0.8660254037844388,0.43388373911755823,-0.900968867902419,-0.8660254037844385,-0.5000000000000004,46,Good,11.0,0.0,11.0,11.0,11.0,0.0,11.0,11.0,11.0,0.0,11.0,11.0,16.2,0.0,0,0,0,0
2026-08-27 14:44:16.600228,LONDON_SK6,London Southwark - A2 Invaliders,51.491,-0.102,8.6,,,,0.015,,,8.6,-0.4999999999999997,-0.8660254037844388,0.43388373911755823,-0.900968867902419,-0.8660254037844385,-0.5000000000000004,36,Good,8.36,0.21908902300206679,8.2,8.6,8.36,0.21908902300206679,8.2,8.6,8.36,0.21908902300206679,8.2,8.6,8.0,0.0,0,0,0,0
2026-08-27 14:44:17.095606,LONDON_HF1,London Hammersmith and Fulham,51.49,-0.224,16.0,62.0,,64.5,27.8,,,16.0,-0.4999999999999997,-0.8660254037844388,0.43388373911755823,-0.900968867902419,-0.8660254037844385,-0.5000000000000004,59,Moderate,13.0,2.7386127875258306,11.0,16.0,13.0,2.7386127875258306,11.0,16.0,13.0,2.7386127875258306,11.0,16.0,5.6,0.0,0,0,0,0
2026-08-27 14:44:17.568179,LONDON_HIL,London Hillingdon,51.496,-0.46,11.0,,,,0.023,,,11.0,-0.4999999999999997,-0.8660254037844388,0.43388373911755823,-0.900968867902419,-0.8660254037844385,-0.5000000000000004,46,Good,11.0,0.0,11.0,11.0,11.0,0.0,11.0,11.0,11.0,0.0,11.0,11.0,11.0,0.0,0,0,0,0
2026-08-27 14:44:18.497781,LONDON_WL1,London Waltham Forest,51.585,-0.012,11.0,28.0,360.0,39.5,,,,11.0,-0.4999999999999997,-0.8660254037844388,0.43388373911755823,-0.900968867902419,-0.8660254037844385,-0.5000000000000004,46,Good,11.0,0.0,11.0,11.0,11.0,0.0,11.0,11.0,11.0,0.0,11.0,11.0,11.0,0.0,0,0,0,0
2026-08-27 14:44:18.720089,LONDON_BX1,London Bexley - Erith,51.481,0.181,8.0,,,0.0,,,,8.0,-0.4999999999999997,-0.8660254037844388,0.43388373911755823,-0.900968867902419,-0.8660254037844385,-0.5000000000000004,33,Good,8.0,0.0,8.0,8.0,8.0,0.0,8.0,8.0,8.0,0.0,8.0,8.0,11.0,0.0,0,0,0,0
2026-08-27 14:44:19.267648,LONDON_MY7,London Marylebone Road,51.522,-0.154,8.0,,,,0.033,,,8.0,-0.4999999999999997,-0.8660254037844388,0.43388373911755823,-0.900968867902419,-0.8660254037844385,-0.5000000000000004,33,Good,8.0,0.0,8.0,8.0,8.0,0.0,8.0,8.0,8.0,0.0,8.0,8.0,11.0,0.0,0,0,0,0
2026-08-27 14:44:19.924795,LONDON_KC1,London N. Kensington,51.521,-0.213,5.6,29.0,0.0,0.009,0.023,,,5.6,-0.4999999999999997,-0.8660254037844388,0.43388373911755823,-0.900968867902419,-0.8660254037844385,-0.5000000000000004,23,Good,5.6,0.0,5.6,5.6,5.6,0.0,5.6,5.6,5.6,0.0,5.6,5.6,8.0,0.0,0,0,0,0
2026-08-27 14:44:20.361010,LONDON_TH4,London Tower Hamlets - Mile End Road,51.524,-0.033,18.0,,,,,,,18.0,-0.4999999999999997,-0.8660254037844388,0.43388373911755823,-0.900968867902419,-0.8660254037844385,-0.5000000000000004,63,Moderate,16.919999999999998,0.9859006035093,16.2,18.0,16.919999999999998,0.9859006035093,16.2,18.0,16.919999999999998,0.9859006035093,16.2,18.0,11.0,0.0,0,0,0,0
2026-08-27 14:44:20.598255,LONDON_GR9,London Greenwich - Westhorne Avenue,51.455,0.03,8.0,18.0,,9.0,37.0,,,8.0,-0.4999999999999997,-0.8660254037844388,0.43388373911755823,-0.900968867902419,-0.8660254037844385,-0.5000000000000004,33,Good,8.0,0.0,8.0,8.0,8.0,0.0,8.0,8.0,8.0,0.0,8.0,8.0,11.0,0.0,0,0,0,0
2026-08-27 14:48:02.815963,LONDON_CT3,London City of London - Sir John Cass School,51.514,-0.077,11.0,,,5.0,49.1,,,11.0,-0.4999999999999997,-0.8660254037844388,0.43388373911755823,-0.900968867902419,-0.8660254037844385,-0.5000000000000004,46,Good,11.0,0.0,11.0,11.0,11.0,0.0,11.0,11.0,11.0,0.0,11.0,11.0,11.0,0.0,0,0,0,0
2026-08-27 14:48:03.040843,LONDON_SK6,London Southwark - A2 Invaliders,51.491,-0.102,8.6,,,,0.015,,,8.6,-0.4999999999999997,-0.8660254037844388,0.43388373911755823,-0.900968867902419,-0.8660254037844385,-0.5000000000000004,36,Good,8.4,0.21908902300206687,8.2,8.6,8.4,0.21908902300206687,8.2,8.6,8.4,0.21908902300206687,8.2,8.6,11.0,0.0,0,0,0,0
2026-08-27 14:48:03.476094,LONDON_HF1,London Hammersmith and Fulham,51.49,-0.224,16.0,62.0,,64.5,27.8,,,16.0,-0.4999999999999997,-0.8660254037844388,0.43388373911755823,-0.900968867902419,-0.8660254037844385,-0.5000000000000004,59,Moderate,13.5,2.7386127875258306,11.0,16.0,13.5,2.7386127875258306,11.0,16.0,13.5,2.7386127875258306,11.0,16.0,8.2,0.0,0,0,0,0
2026-08-27 14:48:03.980613,LONDON_HIL,London Hillingdon,51.496,-0.46,11.0,,,,0.023,,,11.0,-0.4999999999999997,-0.8660254037844388,0.43388373911755823,-0.900968867902419,-0.8660254037844385,-0.5000000000000004,46,Good,11.0,0.0,11.0,11.0,11.0,0.0,11.0,11.0,11.0,0.0,11.0,11.0,5.6,0.0,0,0,0,0
2026-08-27 14:48:04.196547,LONDON_WL1,London Waltham Forest,51.585,-0.012,11.0,28.0,360.0,39.5,,,,11.0,-0.4999999999999997,-0.8660254037844388,0.43388373911755823,-0.900968867902419,-0.8660254037844385,-0.5000000000000004,46,Good,11.0,0.0,11.0,11.0,11.0,0.0,11.0,11.0,11.0,0.0,11.0,11.0,11.0,0.0,0,0,0,0
2026-08-27 14:48:04.401790,LONDON_BX1,London Bexley - Erith,51.481,0.181,8.0,,,0.0,,,,8.0,-0.4999999999999997,-0.8660254037844388,0.43388373911755823,-0.900968867902419,-0.8660254037844385,-0.5000000000000004,33,Good,8.0,0.0,8.0,8.0,8.0,0.0,8.0,8.0,8.0,0.0,8.0,8.0,8.0,0.0,0,0,0,0
2026-08-27 14:48:04.853547,LONDON_MY7,London Marylebone Road,51.522,-0.154,8.0,,,,0.033,,,8.0,-0.4999999999999997,-0.8660254037844388,0.43388373911755823,-0.900968867902419,-0.8660254037844385,-0.5000000000000004,33,Good,8.0,0.0,8.0,8.0,8.0,0.0,8.0,8.0,8.0,0.0,8.0,8.0,8.6,0.0,0,0,0,0
2026-08-27 14:48:05.267343,LONDON_KC1,London N. Kensington,51.521,-0.213,5.6,29.0,0.0,0.009,0.023,,,5.6,-0.4999999999999997,-0.8660254037844388,0.43388373911755823,-0.900968867902419,-0.8660254037844385,-0.5000000000000004,23,Good,5.6,0.0,5.6,5.6,5.6,0.0,5.6,5.6,5.6,0.0,5.6,5.6,8.0,0.0,0,0,0,0
2026-08-27 14:48:05.733833,LONDON_TH4,London Tower Hamlets - Mile End Road,51.524,-0.033,18.0,,,,,,,18.0,-0.4999999999999997,-0.8660254037844388,0.43388373911755823,-0.900968867902419,-0.8660254037844385,-0.5000000000000004,63,Moderate,17.099999999999998,0.9859006035093002,16.2,18.0,17.099999999999998,0.9859006035093002,16.2,18.0,17.099999999999998,0.9859006035093002,16.2,18.0,11.0,0.0,0,0,0,0
2026-08-27 14:48:06.220628,LONDON_GR9,London Greenwich - Westhorne Avenue,51.455,0.03,8.0,18.0,,9.0,37.0,,,8.0,-0.4999999999999997,-0.8660254037844388,0.43388373911755823,-0.900968867902419,-0.8660254037844385,-0.5000000000000004,33,Good,8.0,0.0,8.0,8.0,8.0,0.0,8.0,8.0,8.0,0.0,8.0,8.0,5.6,0.0,0,0,0,0
2026-08-27 14:59:15.217660,LONDON_CT3,London City of London - Sir John Cass School,51.514,-0.077,11.0,,,5.0,49.1,,,11.0,-0.4999999999999997,-0.8660254037844388,0.43388373911755823,-0.900968867902419,-0.8660254037844385,-0.5000000000000004,46,Good,11.0,0.0,11.0,11.0,11.0,0.0,11.0,11.0,11.0,0.0,11.0,11.0,11.0,0.0,0,0,0,0
2026-08-27 14:59:15.655341,LONDON_SK6,London Southwark - A2 Invaliders,51.491,-0.102,8.6,,,,0.015,,,8.6,-0.4999999999999997,-0.8660254037844388,0.43388373911755823,-0.900968867902419,-0.8660254037844385,-0.5000000000000004,36,Good,8.428571428571429,0.21380899352994004,8.2,8.6,8.428571428571429,0.21380899352994004,8.2,8.6,8.428571428571429,0.21380899352994004,8.2,8.6,8.6,0.0,0,0,0,0
2026-08-27 14:59:16.065764,LONDON_HF1,London Hammersmith and Fulham,51.49,-0.224,16.0,62.0,,64.5,27.8,,,16.0,-0.4999999999999997,-0.8660254037844388,0.43388373911755823,-0.900968867902419,-0.8660254037844385,-0.5000000000000004,59,Moderate,13.857142857142858,2.6726124191242437,11.0,16.0,13.857142857142858,2.6726124191242437,11.0,16.0,13.857142857142858,2.6726124191242437,11.0,16.0,8.0,0.0,0,0,0,0
2026-08-27 14:59:16.817767,LONDON_HIL,London Hillingdon,51.496,-0.46,11.0,,,,0.023,,,11.0,-0.4999999999999997,-0.8660254037844388,0.43388373911755823,-0.900968867902419,-0.8660254037844385,-0.5000000000000004,46,Good,11.0,0.0,11.0,11.0,11.0,0.0,11.0,11.0,11.0,0.0,11.0,11.0,16.0,0.0,0,0,0,0
2026-08-27 14:59:17.067530,LONDON_WL1,London Waltham Forest,51.585,-0.012,11.0,28.0,360.0,39.5,,,,11.0,-0.4999999999999997,-0.8660254037844388,0.43388373911755823,-0.900968867902419,-0.8660254037844385,-0.5000000000000004,46,Good,11.0,0.0,11.0,11.0,11.0,0.0,11.0,11.0,11.0,0.0,11.0,11.0,11.0,0.0,0,0,0,0
2026-08-27 14:59:17.278773,LONDON_BX1,London Bexley - Erith,51.481,0.181,8.0,,,0.0,,,,8.0,-0.4999999999999997,-0.8660254037844388,0.43388373911755823,-0.900968867902419,-0.8660254037844385,-0.5000000000000004,33,Good,8.0,0.0,8.0,8.0,8.0,0.0,8.0,8.0,8.0,0.0,8.0,8.0,8.0,0.0,0,0,0,0
2026-08-27 14:59:17.719682,LONDON_MY7,London Marylebone Road,51.522,-0.154,8.0,,,,0.033,,,8.0,-0.4999999999999997,-0.8660254037844388,0.43388373911755823,-0.900968867902419,-0.8660254037844385,-0.5000000000000004,33,Good,8.0,0.0,8.0,8.0,8.0,0.0,8.0,8.0,8.0,0.0,8.0,8.0,18.0,0.0,0,0,0,0
2026-08-27 14:59:18.160566,LONDON_KC1,London N. Kensington,51.521,-0.213,5.6,29.0,0.0,0.009,0.023,,,5.6,-0.4999999999999997,-0.8660254037844388,0.43388373911755823,-0.900968867902419,-0.8660254037844385,-0.5000000000000004,23,Good,5.6,0.0,5.6,5.6,5.6,0.0,5.6,5.6,5.6,0.0,5.6,5.6,8.6,0.0,0,0,0,0
2026-08-27 14:59:18.908265,LONDON_TH4,London Tower Hamlets - Mile End Road,51.524,-0.033,18.0,,,,,,,18.0,-0.4999999999999997,-0.8660254037844388,0.43388373911755823,-0.900968867902419,-0.8660254037844385,-0.5000000000000004,63,Moderate,17.228571428571428,0.962140470884729,16.2,18.0,17.228571428571428,0.962140470884729,16.2,18.0,17.228571428571428,0.962140470884729,16.2,18.0,16.0,0.0,0,0,0,0
2026-08-27 14:59:19.154013,LONDON_GR9,London Greenwich - Westhorne Avenue,51.455,0.03,8.0,18.0,,9.0,37.0,,,8.0,-0.4999999999999997,-0.8660254037844388,0.43388373911755823,-0.900968867902419,-0.8660254037844385,-0.5000000000000004,33,Good,8.0,0.0,8.0,8.0,8.0,0.0,8.0,8.0,8.0,0.0,8.0,8.0,11.0,0.0,0,0,0,0
2026-08-27 15:03:02.932827,LONDON_CT3,London City of London - Sir John Cass School,51.514,-0.077,11.0,,,5.0,49.1,,,11.0,-0.7071067811865471,-0.7071067811865479,0.43388373911755823,-0.900968867902419,-0.8660254037844385,-0.5000000000000004,46,Good,11.0,0.0,11.0,11.0,11.0,0.0,11.0,11.0,11.0,0.0,11.0,11.0,11.0,0.0,0,0,0,0
2026-08-27 15:03:03.181872,LONDON_SK6,London Southwark - A2 Invaliders,51.491,-0.102,8.6,,,,0.015,,,8.6,-0.7071067811865471,-0.7071067811865479,0.43388373911755823,-0.900968867902419,-0.8660254037844385,-0.5000000000000004,36,Good,8.45,0.2070196678027068,8.2,8.6,8.45,0.2070196678027068,8.2,8.6,8.45,0.2070196678027068,8.2,8.6,8.0,0.0,0,0,0,0
2026-08-27 15:03:03.660488,LONDON_HF1,London Hammersmith and Fulham,51.49,-0.224,16.0,60.0,,64.5,27.8,,,16.0,-0.7071067811865471,-0.7071067811865479,0.43388373911755823,-0.900968867902419,-0.8660254037844385,-0.5000000000000004,59,Moderate,14.125,2.5877458475338284,11.0,16.0,14.125,2.5877458475338284,11.0,16.0,14.125,2.5877458475338284,11.0,16.0,8.0,0.0,0,0,0,0
2026-08-27 15:03:04.115112,LONDON_HIL,London Hillingdon,51.496,-0.46,11.0,,,,0.023,,,11.0,-0.7071067811865471,-0.7071067811865479,0.43388373911755823,-0.900968867902419,-0.8660254037844385,-0.5000000000000004,46,Good,11.0,0.0,11.0,11.0,11.0,0.0,11.0,11.0,11.0,0.0,11.0,11.0,5.6,0.0,0,0,0,0
2026-08-27 15:03:04.382495,LONDON_WL1,London Waltham Forest,51.585,-0.012,11.0,28.0,360.0,39.5,,,,11.0,-0.7071067811865471,-0.7071067811865479,0.43388373911755823,-0.900968867902419,-0.8660254037844385,-0.5000000000000004,46,Good,11.0,0.0,11.0,11.0,11.0,0.0,11.0,11.0,11.0,0.0,11.0,11.0,11.0,0.0,0,0,0,0
2026-08-27 15:03:04.630396,LONDON_BX1,London Bexley - Erith,51.481,0.181,8.0,,,0.0,,,,8.0,-0.7071067811865471,-0.7071067811865479,0.43388373911755823,-0.900968867902419,-0.8660254037844385,-0.5000000000000004,33,Good,8.0,0.0,8.0,8.0,8.0,0.0,8.0,8.0,8.0,0.0,8.0,8.0,5.6,0.0,0,0,0,0
2026-08-27 15:03:05.081694,LONDON_MY7,London Marylebone Road,51.522,-0.154,8.0,,,,0.033,,,8.0,-0.7071067811865471,-0.7071067811865479,0.43388373911755823,-0.900968867902419,-0.8660254037844385,-0.5000000000000004,33,Good,8.0,0.0,8.0,8.0,8.0,0.0,8.0,8.0,8.0,0.0,8.0,8.0,8.0,0.0,0,0,0,0
2026-08-27 15:03:05.543266,LONDON_KC1,London N. Kensington,51.521,-0.213,5.6,29.0,0.0,0.009,0.023,,,5.6,-0.7071067811865471,-0.7071067811865479,0.43388373911755823,-0.900968867902419,-0.8660254037844385,-0.5000000000000004,23,Good,5.6,0.0,5.6,5.6,5.6,0.0,5.6,5.6,5.6,0.0,5.6,5.6,5.6,0.0,0,0,0,0
2026-08-27 15:03:05.782249,LONDON_TH4,London Tower Hamlets - Mile End Road,51.524,-0.033,18.0,,,,,,,18.0,-0.7071067811865471,-0.7071067811865479,0.43388373911755823,-0.900968867902419,-0.8660254037844385,-0.5000000000000004,63,Moderate,17.325,0.9315885051121794,16.2,18.0,17.325,0.9315885051121794,16.2,18.0,17.325,0.9315885051121794,16.2,18.0,8.6,0.0,0,0,0,0
2026-08-27 15:03:06.255635,LONDON_GR9,London Greenwich - Westhorne Avenue,51.455,0.03,8.0,18.0,,9.0,37.0,,,8.0,-0.7071067811865471,-0.7071067811865479,0.43388373911755823,-0.900968867902419,-0.8660254037844385,-0.5000000000000004,33,Good,8.0,0.0,8.0,8.0,8.0,0.0,8.0,8.0,8.0,0.0,8.0,8.0,11.0,0.0,0,0,0,0
2026-08-27 15:14:15.302294,LONDON_CT3,London City of London - Sir John Cass School,51.514,-0.077,25.98,38.88,2.17,67.66,79.96,,,25.98,-0.7071067811865471,-0.7071067811865479,0.43388373911755823,-0.900968867902419,-0.8660254037844385,-0.5000000000000004,80,Moderate,12.664444444444445,4.993333333333333,11.0,25.98,12.664444444444445,4.993333333333333,11.0,25.98,12.664444444444445,4.993333333333333,11.0,25.98,8.0,0.0,0,0,0,0
2026-08-27 15:14:16.208232,LONDON_SK6,London Southwark - A2 Invaliders,51.491,-0.102,26.56,11.17,1.75,24.04,40.15,,,26.56,-0.7071067811865471,-0.7071067811865479,0.43388373911755823,-0.900968867902419,-0.8660254037844385,-0.5000000000000004,81,Moderate,10.462222222222222,6.039771886788809,8.2,26.56,10.462222222222222,6.039771886788809,8.2,26.56,10.462222222222222,6.039771886788809,8.2,26.56,5.6,0.0,0,0,0,0
2026-08-27 15:14:17.186555,LONDON_HF1,London Hammersmith and Fulham,51.49,-0.224,15.34,44.47,0.18,77.76,24.56,,,15.34,-0.7071067811865471,-0.7071067811865479,0.43388373911755823,-0.900968867902419,-0.8660254037844385,-0.5000000000000004,58,Moderate,14.26,2.4542615997484862,11.0,16.0,14.26,2.4542615997484862,11.0,16.0,14.26,2.4542615997484862,11.0,16.0,11.0,0.0,0,0,0,0
2026-08-27 15:14:18.099189,LONDON_HIL,London Hillingdon,51.496,-0.46,11.38,49.74,2.35,56.47,21.3,,,11.38,-0.7071067811865471,-0.7071067811865479,0.43388373911755823,-0.900968867902419,-0.8660254037844385,-0.5000000000000004,47,Good,11.042222222222222,0.12666666666666704,11.0,11.38,11.042222222222222,0.12666666666666704,11.0,11.38,11.042222222222222,0.12666666666666704,11.0,11.38,16.0,0.0,0,0,0,0
2026-08-27 15:14:19.163018,LONDON_WL1,London Waltham Forest,51.585,-0.012,6.31,28.87,0.52,20.98,37.53,,,6.31,-0.7071067811865471,-0.7071067811865479,0.43388373911755823,-0.900968867902419,-0.8660254037844385,-0.5000000000000004,26,Good,10.47888888888889,1.5633333333333335,6.31,11.0,10.47888888888889,1.5633333333333335,6.31,11.0,10.47888888888889,1.5633333333333335,6.31,11.0,6.31,0.0,0,0,0,0
2026-08-27 15:14:19.998739,LONDON_BX1,London Bexley - Erith,51.481,0.181,10.0,20.72,1.86,21.66,35.0,,,10.0,-0.7071067811865471,-0.7071067811865479,0.43388373911755823,-0.900968867902419,-0.8660254037844385,-0.5000000000000004,42,Good,8.222222222222221,0.6666666666666669,8.0,10.0,8.222222222222221,0.6666666666666669,8.0,10.0,8.222222222222221,0.6666666666666669,8.0,10.0,16.2,0.0,0,0,0,0
2026-08-27 15:14:21.151572,LONDON_MY7,London Marylebone Road,51.522,-0.154,10.11,53.29,1.27,17.29,56.25,,,10.11,-0.7071067811865471,-0.7071067811865479,0.43388373911755823,-0.900968867902419,-0.8660254037844385,-0.5000000000000004,42,Good,8.234444444444444,0.7033333333333333,8.0,10.11,8.234444444444444,0.7033333333333333,8.0,10.11,8.234444444444444,0.7033333333333333,8.0,10.11,16.0,0.0,0,0,0,0
2026-08-27 15:14:22.175399,LONDON_KC1,London N. Kensington,51.521,-0.213,10.24,21.45,0.78,37.36,51.67,,,10.24,-0.7071067811865471,-0.7071067811865479,0.43388373911755823,-0.900968867902419,-0.8660254037844385,-0.5000000000000004,43,Good,6.115555555555556,1.5466666666666669,5.6,10.24,6.115555555555556,1.5466666666666669,5.6,10.24,6.115555555555556,1.5466666666666669,5.6,10.24,11.0,0.0,0,0,0,0
2026-08-27 15:14:23.169541,LONDON_TH4,London Tower Hamlets - Mile End Road,51.524,-0.033,11.59,51.79,2.28,36.63,57.89,,,11.59,-0.7071067811865471,-0.7071067811865479,0.43388373911755823,-0.900968867902419,-0.8660254037844385,-0.5000000000000004,48,Good,16.68777777777778,2.1009151445130874,11.59,18.0,16.68777777777778,2.1009151445130874,11.59,18.0,16.68777777777778,2.1009151445130874,11.59,18.0,25.98,0.0,0,0,0,0
2026-08-27 15:14:24.051967,LONDON_GR9,London Greenwich - Westhorne Avenue,51.455,0.03,10.18,46.68,0.97,77.77,41.7,,,10.18,-0.7071067811865471,-0.7071067811865479,0.43388373911755823,-0.900968867902419,-0.8660254037844385,-0.5000000000000004,42,Good,8.242222222222223,0.7266666666666665,8.0,10.18,8.242222222222223,0.7266666666666665,8.0,10.18,8.242222222222223,0.7266666666666665,8.0,10.18,8.0,0.0,0,0,0,0
2026-08-27 15:18:02.571445,LONDON_CT3,London City of London - Sir John Cass School,51.514,-0.077,22.48,34.51,2.41,46.77,40.11,,,22.48,-0.7071067811865471,-0.7071067811865479,0.43388373911755823,-0.900968867902419,-0.8660254037844385,-0.5000000000000004,73,Moderate,13.940000000000001,5.8991355298891035,11.0,25.98,13.646,5.638928582235774,11.0,25.98,13.646,5.638928582235774,11.0,25.98,16.2,0.0,0,0,0,0
2026-08-27 15:18:03.562550,LONDON_SK6,London Southwark - A2 Invaliders,51.491,-0.102,5.22,20.28,0.86,38.59,49.85,,,5.22,-0.7071067811865471,-0.7071067811865479,0.43388373911755823,-0.900968867902419,-0.8660254037844385,-0.5000000000000004,22,Good,10.13111111111111,6.257068891350895,5.22,26.56,9.937999999999999,5.930744378987252,5.22,26.56,9.937999999999999,5.930744378987252,5.22,26.56,8.0,0.0,0,0,0,0
2026-08-27 15:18:04.344149,LONDON_HF1,London Hammersmith and Fulham,51.49,-0.224,34.93,17.09,1.97,54.49,83.39,,,34.93,-0.7071067811865471,-0.7071067811865479,0.43388373911755823,-0.900968867902419,-0.8660254037844385,-0.5000000000000004,99,Moderate,16.918888888888887,7.081501331717103,11.0,34.93,16.326999999999998,6.933903902804923,11.0,34.93,16.326999999999998,6.933903902804923,11.0,34.93,5.6,0.0,0,0,0,0
2026-08-27 15:18:05.103433,LONDON_HIL,London Hillingdon,51.496,-0.46,12.89,31.08,0.52,61.37,71.95,,,12.89,-0.7071067811865471,-0.7071067811865479,0.43388373911755823,-0.900968867902419,-0.8660254037844385,-0.5000000000000004,53,Moderate,11.252222222222223,0.6268926897360064,11.0,12.89,11.227,0.5963975184388348,11.0,12.89,11.227,0.5963975184388348,11.0,12.89,5.6,0.0,0,0,0,0
2026-08-27 15:18:05.838611,LONDON_WL1,London Waltham Forest,51.585,-0.012,27.13,47.89,1.64,63.81,86.0,,,27.13,-0.7071067811865471,-0.7071067811865479,0.43388373911755823,-0.900968867902419,-0.8660254037844385,-0.5000000000000004,83,Moderate,12.27111111111111,5.783937768606359,6.31,27.13,12.144,5.467943346857614,6.31,27.13,12.144,5.467943346857614,6.31,27.13,27.13,0.0,0,0,0,0
2026-08-27 15:18:06.589472,LONDON_BX1,London Bexley - Erith,51.481,0.181,31.36,38.27,1.16,61.43,86.85,,,31.36,-0.7071067811865471,-0.7071067811865479,0.43388373911755823,-0.900968867902419,-0.8660254037844385,-0.5000000000000004,92,Moderate,10.817777777777778,7.731677983752585,8.0,31.36,10.536,7.343755018910814,8.0,31.36,10.536,7.343755018910814,8.0,31.36,8.0,0.0,0,0,0,0
2026-08-27 15:18:07.437985,LONDON_MY7,London Marylebone Road,51.522,-0.154,30.72,19.93,0.32,55.72,63.79,,,30.72,-0.7071067811865471,-0.7071067811865479,0.43388373911755823,-0.900968867902419,-0.8660254037844385,-0.5000000000000004,90,Moderate,10.758888888888889,7.517872778327065,8.0,30.72,10.483,7.141409835910864,8.0,30.72,10.483,7.141409835910864,8.0,30.72,8.0,0.0,0,0,0,0
2026-08-27 15:18:08.349512,LONDON_KC1,London N. Kensington,51.521,-0.213,26.78,33.33,1.24,58.13,45.39,,,26.78,-0.7071067811865471,-0.7071067811865479,0.43388373911755823,-0.900968867902419,-0.8660254037844385,-0.5000000000000004,82,Moderate,8.46888888888889,7.036043711569103,5.6,26.78,8.181999999999999,6.69539443697432,5.6,26.78,8.181999999999999,6.69539443697432,5.6,26.78,8.0,0.0,0,0,0,0
2026-08-27 15:18:09.200342,LONDON_TH4,London Tower Hamlets - Mile End Road,51.524,-0.033,14.03,25.92,2.07,68.98,50.47,,,14.03,-0.7071067811865471,-0.7071067811865479,0.43388373911755823,-0.900968867902419,-0.8660254037844385,-0.5000000000000004,55,Moderate,16.44666666666667,2.280718088672952,11.59,18.0,16.422,2.151695971915075,11.59,18.0,16.422,2.151695971915075,11.59,18.0,10.18,0.0,0,0,0,0
2026-08-27 15:18:10.168154,LONDON_GR9,London Greenwich - Westhorne Avenue,51.455,0.03,25.3,46.16,1.41,73.59,25.22,,,25.3,-0.7071067811865471,-0.7071067811865479,0.43388373911755823,-0.900968867902419,-0.8660254037844385,-0.5000000000000004,79,Moderate,10.164444444444445,5.721440183885328,8.0,25.3,9.948,5.437476538902133,8.0,25.3,9.948,5.437476538902133,8.0,25.3,8.0,0.0,0,0,0,0
2026-08-27 15:29:15.605181,LONDON_CT3,London City of London - Sir John Cass School,51.514,-0.077,20.7,28.14,2.06,78.71,20.58,,,20.7,-0.7071067811865471,-0.7071067811865479,0.43388373911755823,-0.900968867902419,-0.8660254037844385,-0.5000000000000004,69,Moderate,15.52,6.401312365445072,11.0,25.98,14.287272727272727,5.756848253878316,11.0,25.98,14.287272727272727,5.756848253878316,11.0,25.98,11.0,0.0,0,0,0,0
2026-08-27 15:29:16.860817,LONDON_SK6,London Southwark - A2 Invaliders,51.491,-0.102,14.5,47.43,2.47,44.53,31.85,,,14.5,-0.7071067811865471,-0.7071067811865479,0.43388373911755823,-0.900968867902419,-0.8660254037844385,-0.5000000000000004,56,Moderate,11.16,6.722746037573804,5.22,26.56,10.352727272727272,5.792093042949312,5.22,26.56,10.352727272727272,5.792093042949312,5.22,26.56,11.38,0.0,0,0,0,0
2026-08-27 15:29:18.217881,LONDON_HF1,London Hammersmith and Fulham,51.49,-0.224,8.7,47.63,0.21,27.51,87.9,,,8.7,-0.7071067811865471,-0.7071067811865479,0.43388373911755823,-0.900968867902419,-0.8660254037844385,-0.5000000000000004,36,Good,17.37125,7.531153274423323,8.7,34.93,15.633636363636363,6.968457896446348,8.7,34.93,15.633636363636363,6.968457896446348,8.7,34.93,8.6,0.0,0,0,0,0
2026-08-27 15:29:19.698655,LONDON_HIL,London Hillingdon,51.496,-0.46,11.75,31.71,0.71,77.43,47.19,,,11.75,-0.7071067811865471,-0.7071067811865479,0.43388373911755823,-0.900968867902419,-0.8660254037844385,-0.5000000000000004,49,Good,11.3775,0.6696427619047551,11.0,12.89,11.274545454545454,0.5873561719495871,11.0,12.89,11.274545454545454,0.5873561719495871,11.0,12.89,16.0,0.0,0,0,0,0
2026-08-27 15:29:20.975517,LONDON_WL1,London Waltham Forest,51.585,-0.012,20.02,54.76,0.42,34.74,51.19,,,20.02,-0.7071067811865471,-0.7071067811865479,0.43388373911755823,-0.900968867902419,-0.8660254037844385,-0.5000000000000004,68,Moderate,13.5575,6.667693432836104,6.31,27.13,12.860000000000001,5.705066169642557,6.31,27.13,12.860000000000001,5.705066169642557,6.31,27.13,20.02,0.0,0,0,0,0
2026-08-27 15:29:22.624920,LONDON_BX1,London Bexley - Erith,51.481,0.181,19.31,26.95,0.75,39.41,32.04,,,19.31,-0.7071067811865471,-0.7071067811865479,0.43388373911755823,-0.900968867902419,-0.8660254037844385,-0.5000000000000004,66,Moderate,12.58375,8.531618398639264,8.0,31.36,11.333636363636364,7.452256400215001,8.0,31.36,11.333636363636364,7.452256400215001,8.0,31.36,11.0,0.0,0,0,0,0
2026-08-27 15:29:23.904262,LONDON_MY7,London Marylebone Road,51.522,-0.154,11.45,14.73,2.12,75.73,61.83,,,11.45,-0.7071067811865471,-0.7071067811865479,0.43388373911755823,-0.900968867902419,-0.8660254037844385,-0.5000000000000004,48,Good,11.535,7.861144954775988,8.0,30.72,10.57090909090909,6.781207052649926,8.0,30.72,10.57090909090909,6.781207052649926,8.0,30.72,8.0,0.0,0,0,0,0
2026-08-27 15:29:25.419159,LONDON_KC1,London N. Kensington,51.521,-0.213,8.97,11.29,0.11,69.96,31.54,,,8.97,-0.7071067811865471,-0.7071067811865479,0.43388373911755823,-0.900968867902419,-0.8660254037844385,-0.5000000000000004,37,Good,9.24875,7.3189761920640235,5.6,26.78,8.253636363636364,6.3562508961293736,5.6,26.78,8.253636363636364,6.3562508961293736,5.6,26.78,8.0,0.0,0,0,0,0
2026-08-27 15:29:26.712932,LONDON_TH4,London Tower Hamlets - Mile End Road,51.524,-0.033,12.61,46.01,1.01,55.81,70.06,,,12.61,-0.7071067811865471,-0.7071067811865479,0.43388373911755823,-0.900968867902419,-0.8660254037844385,-0.5000000000000004,52,Moderate,16.02875,2.7983282637011295,11.59,18.0,16.075454545454544,2.342615476924729,11.59,18.0,16.075454545454544,2.342615476924729,11.59,18.0,14.03,0.0,0,0,0,0
2026-08-27 15:29:27.953385,LONDON_GR9,London Greenwich - Westhorne Avenue,51.455,0.03,5.88,16.8,2.08,55.6,56.98,,,5.88,-0.7071067811865471,-0.7071067811865479,0.43388373911755823,-0.900968867902419,-0.8660254037844385,-0.5000000000000004,24,Good,10.17,6.220537413623176,5.88,25.3,9.578181818181818,5.302259552647,5.88,25.3,9.578181818181818,5.302259552647,5.88,25.3,16.0,0.0,0,0,0,0
2026-08-27 15:33:01.614061,LONDON_CT3,London City of London - Sir John Cass School,51.514,-0.077,17.19,40.82,0.64,55.87,82.6,,,17.19,-0.7071067811865471,-0.7071067811865479,0.43388373911755823,-0.900968867902419,-0.8660254037844385,-0.5000000000000004,62,Moderate,15.705555555555556,6.013699175863203,11.0,25.98,14.529166666666667,5.5525317048471985,11.0,25.98,14.529166666666667,5.5525317048471985,11.0,25.98,11.0,0.0,0,0,0,0
2026-08-27 15:33:01.629646,LONDON_SK6,London Southwark - A2 Invaliders,51.491,-0.102,30.06,11.47,0.65,58.62,41.15,,,30.06,-0.7071067811865471,-0.7071067811865479,0.43388373911755823,-0.900968867902419,-0.8660254037844385,-0.5000000000000004,89,Moderate,13.26,8.901454937256045,5.22,30.06,11.995,7.928632233299076,5.22,30.06,11.995,7.928632233299076,5.22,30.06,5.22,0.0,0,0,0,0
2026-08-27 15:33:01.645277,LONDON_HF1,London Hammersmith and Fulham,51.49,-0.224,17.36,46.26,0.83,61.14,51.15,,,17.36,-0.7071067811865471,-0.7071067811865479,0.43388373911755823,-0.900968867902419,-0.8660254037844385,-0.5000000000000004,62,Moderate,17.369999999999997,7.044749818126972,8.7,34.93,15.777499999999998,6.662827853096612,8.7,34.93,15.777499999999998,6.662827853096612,8.7,34.93,8.0,0.0,0,0,0,0
2026-08-27 15:33:01.676100,LONDON_HIL,London Hillingdon,51.496,-0.46,30.91,34.12,1.54,61.28,60.88,,,30.91,-0.7071067811865471,-0.7071067811865479,0.43388373911755823,-0.900968867902419,-0.8660254037844385,-0.5000000000000004,91,Moderate,13.547777777777778,6.54089592062467,11.0,30.91,12.910833333333334,5.69586526004663,11.0,30.91,12.910833333333334,5.69586526004663,11.0,30.91,5.6,0.0,0,1,0,1
2026-08-27 15:33:01.682449,LONDON_WL1,London Waltham Forest,51.585,-0.012,19.47,29.83,0.88,68.62,46.14,,,19.47,-0.7071067811865471,-0.7071067811865479,0.43388373911755823,-0.900968867902419,-0.8660254037844385,-0.5000000000000004,66,Moderate,14.214444444444444,6.541028418970351,6.31,27.13,13.410833333333334,5.764538077107674,6.31,27.13,13.410833333333334,5.764538077107674,6.31,27.13,19.47,0.0,0,0,0,0
2026-08-27 15:33:01.690530,LONDON_BX1,London Bexley - Erith,51.481,0.181,15.81,45.65,2.21,53.44,84.95,,,15.81,-0.7071067811865471,-0.7071067811865479,0.43388373911755823,-0.900968867902419,-0.8660254037844385,-0.5000000000000004,59,Moderate,12.942222222222222,8.052730558291668,8.0,31.36,11.706666666666665,7.221994604027758,8.0,31.36,11.706666666666665,7.221994604027758,8.0,31.36,8.2,0.0,0,0,0,0
2026-08-27 15:33:01.697255,LONDON_MY7,London Marylebone Road,51.522,-0.154,13.0,13.79,1.08,70.65,74.5,,,13.0,-0.7071067811865471,-0.7071067811865479,0.43388373911755823,-0.900968867902419,-0.8660254037844385,-0.5000000000000004,53,Moderate,11.697777777777778,7.369624783151747,8.0,30.72,10.773333333333333,6.503540760558239,8.0,30.72,10.773333333333333,6.503540760558239,8.0,30.72,11.38,0.0,0,0,0,0
2026-08-27 15:33:01.706530,LONDON_KC1,London N. Kensington,51.521,-0.213,11.84,40.85,0.72,17.0,32.78,,,11.84,-0.7071067811865471,-0.7071067811865479,0.43388373911755823,-0.900968867902419,-0.8660254037844385,-0.5000000000000004,49,Good,9.536666666666667,6.9005470797611395,5.6,26.78,8.5525,6.148240139924743,5.6,26.78,8.5525,6.148240139924743,5.6,26.78,8.6,0.0,0,0,0,0
2026-08-27 15:33:01.714122,LONDON_TH4,London Tower Hamlets - Mile End Road,51.524,-0.033,10.25,15.4,0.65,63.18,51.43,,,10.25,-0.7071067811865471,-0.7071067811865479,0.43388373911755823,-0.900968867902419,-0.8660254037844385,-0.5000000000000004,43,Good,15.386666666666665,3.249961538233954,10.25,18.0,15.589999999999998,2.7958800858666057,10.25,18.0,15.589999999999998,2.7958800858666057,10.25,18.0,8.97,0.0,0,0,0,0
2026-08-27 15:33:01.722961,LONDON_GR9,London Greenwich - Westhorne Avenue,51.455,0.03,24.61,16.1,2.23,29.37,36.14,,,24.61,-0.7071067811865471,-0.7071067811865479,0.43388373911755823,-0.900968867902419,-0.8660254037844385,-0.5000000000000004,77,Moderate,11.774444444444445,7.551581144222564,5.88,25.3,10.830833333333333,6.662414875230825,5.88,25.3,10.830833333333333,6.662414875230825,5.88,25.3,8.0,0.0,0,0,0,0
2026-08-27 15:44:14.103720,LONDON_CT3,London City of London - Sir John Cass School,51.514,-0.077,28.77,49.65,0.2,17.37,47.71,,,28.77,-0.7071067811865471,-0.7071067811865479,0.43388373911755823,-0.900968867902419,-0.8660254037844385,-0.5000000000000004,86,Moderate,17.68,7.09549328799626,11.0,28.77,15.624615384615385,6.62280103806113,11.0,28.77,15.624615384615385,6.62280103806113,11.0,28.77,11.0,0.0,0,0,0,0
2026-08-27 15:44:14.130185,LONDON_SK6,London Southwark - A2 Invaliders,51.491,-0.102,20.56,10.01,1.35,77.44,46.37,,,20.56,-0.7071067811865471,-0.7071067811865479,0.43388373911755823,-0.900968867902419,-0.8660254037844385,-0.5000000000000004,69,Moderate,14.588888888888887,9.010882926279262,5.22,30.06,12.653846153846153,7.954094897662816,5.22,30.06,12.653846153846153,7.954094897662816,5.22,30.06,25.3,0.0,0,0,0,0
2026-08-27 15:44:14.156108,LONDON_HF1,London Hammersmith and Fulham,51.49,-0.224,27.14,13.96,1.63,27.72,85.29,,,27.14,-0.7071067811865471,-0.7071067811865479,0.43388373911755823,-0.900968867902419,-0.8660254037844385,-0.5000000000000004,83,Moderate,18.607777777777777,7.72022632080462,8.7,34.93,16.65153846153846,7.115131582472488,8.7,34.93,16.65153846153846,7.115131582472488,8.7,34.93,8.0,0.0,0,0,0,0
2026-08-27 15:44:14.219551,LONDON_HIL,London Hillingdon,51.496,-0.46,20.95,37.81,1.41,51.08,80.71,,,20.95,-0.7071067811865471,-0.7071067811865479,0.43388373911755823,-0.900968867902419,-0.8660254037844385,-0.5000000000000004,70,Moderate,14.653333333333332,6.888105690246049,11.0,30.91,13.529230769230768,5.891579388611146,11.0,30.91,13.529230769230768,5.891579388611146,11.0,30.91,16.0,0.0,0,0,0,0
2026-08-27 15:44:14.267945,LONDON_WL1,London Waltham Forest,51.585,-0.012,25.25,34.66,1.31,38.14,66.69,,,25.25,-0.7071067811865471,-0.7071067811865479,0.43388373911755823,-0.900968867902419,-0.8660254037844385,-0.5000000000000004,79,Moderate,15.797777777777778,7.341395946578855,6.31,27.13,14.321538461538463,6.422050355550848,6.31,27.13,14.321538461538463,6.422050355550848,6.31,27.13,25.25,0.0,0,0,0,0
2026-08-27 15:44:14.281490,LONDON_BX1,London Bexley - Erith,51.481,0.181,9.6,18.37,2.05,51.62,41.7,,,9.6,-0.7071067811865471,-0.7071067811865479,0.43388373911755823,-0.900968867902419,-0.8660254037844385,-0.5000000000000004,40,Good,13.12,7.94695067305693,8.0,31.36,11.544615384615383,6.939175762034728,8.0,31.36,11.544615384615383,6.939175762034728,8.0,31.36,11.0,0.0,0,0,0,0
2026-08-27 15:44:14.297665,LONDON_MY7,London Marylebone Road,51.522,-0.154,23.31,24.65,0.61,28.35,49.32,,,23.31,-0.7071067811865471,-0.7071067811865479,0.43388373911755823,-0.900968867902419,-0.8660254037844385,-0.5000000000000004,75,Moderate,13.398888888888889,8.136469511471857,8.0,30.72,11.737692307692308,7.1317052119930775,8.0,30.72,11.737692307692308,7.1317052119930775,8.0,30.72,22.48,0.0,0,0,0,0
2026-08-27 15:44:14.317364,LONDON_KC1,London N. Kensington,51.521,-0.213,12.84,30.99,1.52,50.46,38.18,,,12.84,-0.7071067811865471,-0.7071067811865479,0.43388373911755823,-0.900968867902419,-0.8660254037844385,-0.5000000000000004,53,Moderate,10.341111111111111,6.805612471417331,5.6,26.78,8.882307692307693,6.005400560948113,5.6,26.78,8.882307692307693,6.005400560948113,5.6,26.78,5.6,0.0,0,0,0,0
2026-08-27 15:44:14.328600,LONDON_TH4,London Tower Hamlets - Mile End Road,51.524,-0.033,22.3,24.66,0.62,78.83,79.57,,,22.3,-0.7071067811865471,-0.7071067811865479,0.43388373911755823,-0.900968867902419,-0.8660254037844385,-0.5000000000000004,72,Moderate,15.864444444444445,3.927598220003898,10.25,22.3,16.106153846153845,3.2602033128358183,10.25,22.3,16.106153846153845,3.2602033128358183,10.25,22.3,13.0,0.0,0,0,0,0
2026-08-27 15:44:14.337895,LONDON_GR9,London Greenwich - Westhorne Avenue,51.455,0.03,19.91,46.89,0.42,66.39,57.24,,,19.91,-0.7071067811865471,-0.7071067811865479,0.43388373911755823,-0.900968867902419,-0.8660254037844385,-0.5000000000000004,67,Moderate,13.097777777777777,7.8453087539270525,5.88,25.3,11.529230769230768,6.857817268804098,5.88,25.3,11.529230769230768,6.857817268804098,5.88,25.3,18.0,0.0,0,0,0,0
2026-08-27 15:48:01.615776,LONDON_CT3,London City of London - Sir John Cass School,51.514,-0.077,16.27,13.82,2.09,53.37,87.7,,,16.27,-0.7071067811865471,-0.7071067811865479,0.43388373911755823,-0.900968867902419,-0.8660254037844385,-0.5000000000000004,60,Moderate,18.265555555555554,6.680643889459889,11.0,28.77,15.670714285714284,6.365318850296037,11.0,28.77,15.670714285714284,6.365318850296037,11.0,28.77,8.0,0.0,0,0,0,0
2026-08-27 15:48:01.626425,LONDON_SK6,London Southwark - A2 Invaliders,51.491,-0.102,12.65,18.0,0.39,30.32,65.78,,,12.65,-0.7071067811865471,-0.7071067811865479,0.43388373911755823,-0.900968867902419,-0.8660254037844385,-0.5000000000000004,52,Moderate,15.038888888888888,8.772386283737802,5.22,30.06,12.653571428571428,7.642047256052286,5.22,30.06,12.653571428571428,7.642047256052286,5.22,30.06,8.97,0.0,0,0,0,0
2026-08-27 15:48:01.635140,LONDON_HF1,London Hammersmith and Fulham,51.49,-0.224,10.98,25.66,2.16,22.21,30.43,,,10.98,-0.7071067811865471,-0.7071067811865479,0.43388373911755823,-0.900968867902419,-0.8660254037844385,-0.5000000000000004,46,Good,18.049999999999997,8.103992843037314,8.7,34.93,16.24642857142857,7.00203224032177,8.7,34.93,16.24642857142857,7.00203224032177,8.7,34.93,11.0,0.0,0,0,0,0
2026-08-27 15:48:01.647545,LONDON_HIL,London Hillingdon,51.496,-0.46,30.11,16.27,1.0,18.35,55.72,,,30.11,-0.7071067811865471,-0.7071067811865479,0.43388373911755823,-0.900968867902419,-0.8660254037844385,-0.5000000000000004,89,Moderate,16.776666666666667,8.40054164920334,11.0,30.91,14.713571428571429,7.188736496602335,11.0,30.91,14.713571428571429,7.188736496602335,11.0,30.91,5.6,0.0,0,0,0,0
2026-08-27 15:48:01.657789,LONDON_WL1,London Waltham Forest,51.585,-0.012,7.77,51.01,0.46,34.56,84.49,,,7.77,-0.7071067811865471,-0.7071067811865479,0.43388373911755823,-0.900968867902419,-0.8660254037844385,-0.5000000000000004,32,Good,15.438888888888888,7.676555940727007,6.31,27.13,13.853571428571428,6.413744384754278,6.31,27.13,13.853571428571428,6.413744384754278,6.31,27.13,7.77,0.0,0,0,0,0
2026-08-27 15:48:01.670968,LONDON_BX1,London Bexley - Erith,51.481,0.181,28.15,20.91,0.96,67.91,51.63,,,28.15,-0.7071067811865471,-0.7071067811865479,0.43388373911755823,-0.900968867902419,-0.8660254037844385,-0.5000000000000004,85,Moderate,15.358888888888888,9.081609775315778,8.0,31.36,12.730714285714285,8.008980982224042,8.0,31.36,12.730714285714285,8.008980982224042,8.0,31.36,11.0,0.0,0,0,0,0
2026-08-27 15:48:01.681907,LONDON_MY7,London Marylebone Road,51.522,-0.154,10.54,42.2,1.94,48.66,24.84,,,10.54,-0.7071067811865471,-0.7071067811865479,0.43388373911755823,-0.900968867902419,-0.8660254037844385,-0.5000000000000004,44,Good,13.681111111111111,7.968104298458391,8.0,30.72,11.652142857142858,6.85939353516983,8.0,30.72,11.652142857142858,6.85939353516983,8.0,30.72,26.78,0.0,0,0,0,0
2026-08-27 15:48:01.691952,LONDON_KC1,London N. Kensington,51.521,-0.213,34.25,27.28,2.03,59.7,31.68,,,34.25,-0.7071067811865471,-0.7071067811865479,0.43388373911755823,-0.900968867902419,-0.8660254037844385,-0.5000000000000004,98,Moderate,13.524444444444445,10.176475459498626,5.6,34.25,10.694285714285714,8.902601792808587,5.6,34.25,10.694285714285714,8.902601792808587,5.6,34.25,11.38,0.0,0,0,0,0
2026-08-27 15:48:01.702590,LONDON_TH4,London Tower Hamlets - Mile End Road,51.524,-0.033,14.15,23.71,2.48,32.32,60.8,,,14.15,-0.7071067811865471,-0.7071067811865479,0.43388373911755823,-0.900968867902419,-0.8660254037844385,-0.5000000000000004,55,Moderate,15.436666666666667,3.8752419279317274,10.25,22.3,15.96642857142857,3.175632237821331,10.25,22.3,15.96642857142857,3.175632237821331,10.25,22.3,9.6,0.0,0,0,0,0
2026-08-27 15:48:01.713314,LONDON_GR9,London Greenwich - Westhorne Avenue,51.455,0.03,23.67,13.31,0.24,75.49,45.9,,,23.67,-0.7071067811865471,-0.7071067811865479,0.43388373911755823,-0.900968867902419,-0.8660254037844385,-0.5000000000000004,75,Moderate,14.83888888888889,8.298285130743045,5.88,25.3,12.396428571428572,7.34441557306571,5.88,25.3,12.396428571428572,7.34441557306571,5.88,25.3,8.6,0.0,0,0,0,0
2026-08-27 15:59:14.102387,LONDON_CT3,London City of London - Sir John Cass School,51.514,-0.077,7.66,39.83,1.85,32.25,69.39,,,7.66,-0.7071067811865471,-0.7071067811865479,0.43388373911755823,-0.900968867902419,-0.8660254037844385,-0.5000000000000004,32,Good,17.894444444444446,7.206750500591633,7.66,28.77,15.136666666666667,6.4731209812651604,7.66,28.77,15.136666666666667,6.4731209812651604,7.66,28.77,16.2,0.0,0,0,0,0
2026-08-27 15:59:14.118067,LONDON_SK6,London Southwark - A2 Invaliders,51.491,-0.102,30.52,28.41,0.68,79.47,59.34,,,30.52,-0.7071067811865471,-0.7071067811865479,0.43388373911755823,-0.900968867902419,-0.8660254037844385,-0.5000000000000004,90,Moderate,17.474444444444444,9.749719369180724,5.22,30.52,13.844666666666665,8.68964972717269,5.22,30.52,13.844666666666665,8.68964972717269,5.22,30.52,15.81,0.0,0,0,0,0
2026-08-27 15:59:14.143633,LONDON_HF1,London Hammersmith and Fulham,51.49,-0.224,9.44,35.74,1.47,47.41,23.3,,,9.44,-0.7071067811865471,-0.7071067811865479,0.43388373911755823,-0.900968867902419,-0.8660254037844385,-0.5000000000000004,39,Good,17.321111111111108,8.591752505229135,8.7,34.93,15.792666666666666,6.9724401003078516,8.7,34.93,15.792666666666666,6.9724401003078516,8.7,34.93,5.6,0.0,0,0,0,0
2026-08-27 15:59:14.155983,LONDON_HIL,London Hillingdon,51.496,-0.46,7.32,27.0,0.77,31.26,70.94,,,7.32,-0.7071067811865471,-0.7071067811865479,0.43388373911755823,-0.900968867902419,-0.8660254037844385,-0.5000000000000004,31,Good,16.36777777777778,8.797064535653039,7.32,30.91,14.220666666666666,7.185469928629448,7.32,30.91,14.220666666666666,7.185469928629448,7.32,30.91,16.0,0.0,0,0,0,0
2026-08-27 15:59:14.173828,LONDON_WL1,London Waltham Forest,51.585,-0.012,25.88,22.03,1.36,62.78,22.8,,,25.88,-0.7071067811865471,-0.7071067811865479,0.43388373911755823,-0.900968867902419,-0.8660254037844385,-0.5000000000000004,80,Moderate,17.09222222222222,8.186479368107175,6.31,27.13,14.655333333333333,6.91665780837069,6.31,27.13,14.655333333333333,6.91665780837069,6.31,27.13,25.88,0.0,0,0,0,0
2026-08-27 15:59:14.213444,LONDON_BX1,London Bexley - Erith,51.481,0.181,23.29,30.69,1.33,72.97,27.66,,,23.29,-0.7071067811865471,-0.7071067811865479,0.43388373911755823,-0.900968867902419,-0.8660254037844385,-0.5000000000000004,75,Moderate,17.057777777777776,8.962270607633114,8.0,31.36,13.434666666666665,8.185066424956634,8.0,31.36,13.434666666666665,8.185066424956634,8.0,31.36,11.0,0.0,0,0,0,0
2026-08-27 15:59:14.250535,LONDON_MY7,London Marylebone Road,51.522,-0.154,18.92,14.36,1.87,70.29,52.62,,,18.92,-0.7071067811865471,-0.7071067811865479,0.43388373911755823,-0.900968867902419,-0.8660254037844385,-0.5000000000000004,65,Moderate,14.894444444444446,7.825014554477056,8.0,30.72,12.136666666666667,6.871093348916444,8.0,30.72,12.136666666666667,6.871093348916444,8.0,30.72,20.02,0.0,0,0,0,0
2026-08-27 15:59:14.282903,LONDON_KC1,London N. Kensington,51.521,-0.213,18.04,41.72,2.42,46.93,58.52,,,18.04,-0.7071067811865471,-0.7071067811865479,0.43388373911755823,-0.900968867902419,-0.8660254037844385,-0.5000000000000004,63,Moderate,14.906666666666666,9.803595003874854,5.6,34.25,11.184,8.785923644427733,5.6,34.25,11.184,8.785923644427733,5.6,34.25,10.18,0.0,0,0,0,0
2026-08-27 15:59:14.317946,LONDON_TH4,London Tower Hamlets - Mile End Road,51.524,-0.033,26.24,39.59,1.07,22.71,52.5,,,26.24,-0.7071067811865471,-0.7071067811865479,0.43388373911755823,-0.900968867902419,-0.8660254037844385,-0.5000000000000004,81,Moderate,16.352222222222224,5.276565591788323,10.25,26.24,16.651333333333334,4.049781064041199,10.25,26.24,16.651333333333334,4.049781064041199,10.25,26.24,7.77,0.0,0,0,0,0
2026-08-27 15:59:14.344141,LONDON_GR9,London Greenwich - Westhorne Avenue,51.455,0.03,14.99,50.21,2.09,54.33,65.18,,,14.99,-0.7071067811865471,-0.7071067811865479,0.43388373911755823,-0.900968867902419,-0.8660254037844385,-0.5000000000000004,57,Moderate,15.615555555555554,7.895535306600673,5.88,25.3,12.569333333333333,7.1088671657974025,5.88,25.3,12.569333333333333,7.1088671657974025,5.88,25.3,11.0,0.0,0,0,0,0
2026-09-05 09:56:20.211482,LONDON_CT3,London City of London - Sir John Cass School,51.514,-0.077,6.2,,,5.0,49.1,,,6.2,0.7071067811865476,-0.7071067811865475,-0.9749279121818236,-0.2225209339563146,-1.0,-1.8369701987210297e-16,26,Good,6.2,0.0,6.2,6.2,6.2,0.0,6.2,6.2,6.2,0.0,6.2,6.2,11.0,0.0,0,0,0,0
2026-09-05 09:56:20.525063,LONDON_SK6,London Southwark - A2 Invaliders,51.491,-0.102,6.2,,,,0.026,,,6.2,0.7071067811865476,-0.7071067811865475,-0.9749279121818236,-0.2225209339563146,-1.0,-1.8369701987210297e-16,26,Good,6.2,0.0,6.2,6.2,6.2,0.0,6.2,6.2,6.2,0.0,6.2,6.2,20.95,0.0,0,0,0,0
2026-09-05 09:56:20.949188,LONDON_HF1,London Hammersmith and Fulham,51.49,-0.224,7.0,18.0,,12.2,27.8,,,7.0,0.7071067811865476,-0.7071067811865475,-0.9749279121818236,-0.2225209339563146,-1.0,-1.8369701987210297e-16,29,Good,7.0,0.0,7.0,7.0,7.0,0.0,7.0,7.0,7.0,0.0,7.0,7.0,8.6,0.0,0,0,0,0
2026-09-05 09:56:21.359154,LONDON_HIL,London Hillingdon,51.496,-0.46,3.0,,,,0.014,,,3.0,0.7071067811865476,-0.7071067811865475,-0.9749279121818236,-0.2225209339563146,-1.0,-1.8369701987210297e-16,12,Good,3.0,0.0,3.0,3.0,3.0,0.0,3.0,3.0,3.0,0.0,3.0,3.0,5.6,0.0,0,0,0,0
2026-09-05 09:56:21.581464,LONDON_WL1,London Waltham Forest,51.585,-0.012,6.2,28.0,360.0,39.5,,,,6.2,0.7071067811865476,-0.7071067811865475,-0.9749279121818236,-0.2225209339563146,-1.0,-1.8369701987210297e-16,26,Good,6.2,0.0,6.2,6.2,6.2,0.0,6.2,6.2,6.2,0.0,6.2,6.2,6.2,0.0,0,0,0,0
2026-09-05 09:56:22.093123,LONDON_BX1,London Bexley - Erith,51.481,0.181,3.8,,,0.0,,,,3.8,0.7071067811865476,-0.7071067811865475,-0.9749279121818236,-0.2225209339563146,-1.0,-1.8369701987210297e-16,16,Good,3.8,0.0,3.8,3.8,3.8,0.0,3.8,3.8,3.8,0.0,3.8,3.8,8.0,0.0,0,0,0,0
2026-09-05 09:56:22.562983,LONDON_MY7,London Marylebone Road,51.522,-0.154,3.8,,,,0.031,,,3.8,0.7071067811865476,-0.7071067811865475,-0.9749279121818236,-0.2225209339563146,-1.0,-1.8369701987210297e-16,16,Good,3.8,0.0,3.8,3.8,3.8,0.0,3.8,3.8,3.8,0.0,3.8,3.8,30.06,0.0,0,0,0,0
2026-09-05 09:56:22.984965,LONDON_KC1,London N. Kensington,51.521,-0.213,3.7,13.0,0.229,0.009,0.021,,,3.7,0.7071067811865476,-0.7071067811865475,-0.9749279121818236,-0.2225209339563146,-1.0,-1.8369701987210297e-16,15,Good,3.7,0.0,3.7,3.7,3.7,0.0,3.7,3.7,3.7,0.0,3.7,3.7,31.36,0.0,0,0,0,0
2026-09-05 09:56:23.286202,LONDON_TH4,London Tower Hamlets - Mile End Road,51.524,-0.033,3.8,,,,,,,3.8,0.7071067811865476,-0.7071067811865475,-0.9749279121818236,-0.2225209339563146,-1.0,-1.8369701987210297e-16,16,Good,3.8,0.0,3.8,3.8,3.8,0.0,3.8,3.8,3.8,0.0,3.8,3.8,7.32,0.0,0,0,0,0
2026-09-05 09:56:23.593367,LONDON_GR9,London Greenwich - Westhorne Avenue,51.455,0.03,15.0,40.0,,15.0,22.0,,,15.0,0.7071067811865476,-0.7071067811865475,-0.9749279121818236,-0.2225209339563146,-1.0,-1.8369701987210297e-16,57,Moderate,15.0,0.0,15.0,15.0,15.0,0.0,15.0,15.0,15.0,0.0,15.0,15.0,5.6,0.0,0,0,0,0
2026-09-05 10:07:32.784150,LONDON_CT3,London City of London - Sir John Cass School,51.514,-0.077,6.2,,,5.0,49.1,,,6.2,0.49999999999999994,-0.8660254037844387,-0.9749279121818236,-0.2225209339563146,-1.0,-1.8369701987210297e-16,26,Good,6.2,0.0,6.2,6.2,6.2,0.0,6.2,6.2,6.2,0.0,6.2,6.2,16.0,0.0,0,0,0,0
2026-09-05 10:07:33.089796,LONDON_SK6,London Southwark - A2 Invaliders,51.491,-0.102,6.2,,,,0.026,,,6.2,0.49999999999999994,-0.8660254037844387,-0.9749279121818236,-0.2225209339563146,-1.0,-1.8369701987210297e-16,26,Good,6.2,0.0,6.2,6.2,6.2,0.0,6.2,6.2,6.2,0.0,6.2,6.2,12.65,0.0,0,0,0,0
2026-09-05 10:07:33.601839,LONDON_HF1,London Hammersmith and Fulham,51.49,-0.224,7.0,17.0,,12.2,27.8,,,7.0,0.49999999999999994,-0.8660254037844387,-0.9749279121818236,-0.2225209339563146,-1.0,-1.8369701987210297e-16,29,Good,7.0,0.0,7.0,7.0,7.0,0.0,7.0,7.0,7.0,0.0,7.0,7.0,8.0,0.0,0,0,0,0
2026-09-05 10:07:34.113076,LONDON_HIL,London Hillingdon,51.496,-0.46,3.0,,,,0.014,,,3.0,0.49999999999999994,-0.8660254037844387,-0.9749279121818236,-0.2225209339563146,-1.0,-1.8369701987210297e-16,12,Good,3.0,0.0,3.0,3.0,3.0,0.0,3.0,3.0,3.0,0.0,3.0,3.0,15.34,0.0,0,0,0,0
2026-09-05 10:07:34.595718,LONDON_WL1,London Waltham Forest,51.585,-0.012,6.2,28.0,360.0,39.5,,,,6.2,0.49999999999999994,-0.8660254037844387,-0.9749279121818236,-0.2225209339563146,-1.0,-1.8369701987210297e-16,26,Good,6.2,0.0,6.2,6.2,6.2,0.0,6.2,6.2,6.2,0.0,6.2,6.2,6.2,0.0,0,0,0,0
2026-09-05 10:07:35.139384,LONDON_BX1,London Bexley - Erith,51.481,0.181,3.8,,,0.0,,,,3.8,0.49999999999999994,-0.8660254037844387,-0.9749279121818236,-0.2225209339563146,-1.0,-1.8369701987210297e-16,16,Good,3.8,0.0,3.8,3.8,3.8,0.0,3.8,3.8,3.8,0.0,3.8,3.8,8.0,0.0,0,0,0,0
2026-09-05 10:07:35.374113,LONDON_MY7,London Marylebone Road,51.522,-0.154,3.8,,,,0.031,,,3.8,0.49999999999999994,-0.8660254037844387,-0.9749279121818236,-0.2225209339563146,-1.0,-1.8369701987210297e-16,16,Good,3.8,0.0,3.8,3.8,3.8,0.0,3.8,3.8,3.8,0.0,3.8,3.8,10.25,0.0,0,0,0,0
2026-09-05 10:07:35.622522,LONDON_KC1,London N. Kensington,51.521,-0.213,3.7,13.0,0.229,0.009,0.021,,,3.7,0.49999999999999994,-0.8660254037844387,-0.9749279121818236,-0.2225209339563146,-1.0,-1.8369701987210297e-16,15,Good,3.7,0.0,3.7,3.7,3.7,0.0,3.7,3.7,3.7,0.0,3.7,3.7,14.5,0.0,0,0,0,0
2026-09-05 10:07:36.031492,LONDON_TH4,London Tower Hamlets - Mile End Road,51.524,-0.033,3.8,,,,,,,3.8,0.49999999999999994,-0.8660254037844387,-0.9749279121818236,-0.2225209339563146,-1.0,-1.8369701987210297e-16,16,Good,3.8,0.0,3.8,3.8,3.8,0.0,3.8,3.8,3.8,0.0,3.8,3.8,7.0,0.0,0,0,0,0
2026-09-05 10:07:36.366048,LONDON_GR9,London Greenwich - Westhorne Avenue,51.455,0.03,15.0,40.0,,15.0,22.0,,,15.0,0.49999999999999994,-0.8660254037844387,-0.9749279121818236,-0.2225209339563146,-1.0,-1.8369701987210297e-16,57,Moderate,15.0,0.0,15.0,15.0,15.0,0.0,15.0,15.0,15.0,0.0,15.0,15.0,11.0,0.0,0,0,0,0
2026-09-05 10:11:20.112493,LONDON_CT3,London City of London - Sir John Cass School,51.514,-0.077,6.2,,,5.0,49.1,,,6.2,0.49999999999999994,-0.8660254037844387,-0.9749279121818236,-0.2225209339563146,-1.0,-1.8369701987210297e-16,26,Good,6.2,0.0,6.2,6.2,6.2,0.0,6.2,6.2,6.2,0.0,6.2,6.2,11.0,0.0,0,0,0,0
2026-09-05 10:11:20.420275,LONDON_SK6,London Southwark - A2 Invaliders,51.491,-0.102,6.2,,,,0.026,,,6.2,0.49999999999999994,-0.8660254037844387,-0.9749279121818236,-0.2225209339563146,-1.0,-1.8369701987210297e-16,26,Good,6.2,0.0,6.2,6.2,6.2,0.0,6.2,6.2,6.2,0.0,6.2,6.2,23.67,0.0,0,0,0,0
2026-09-05 10:11:20.842453,LONDON_HF1,London Hammersmith and Fulham,51.49,-0.224,7.0,17.0,,12.2,27.8,,,7.0,0.49999999999999994,-0.8660254037844387,-0.9749279121818236,-0.2225209339563146,-1.0,-1.8369701987210297e-16,29,Good,7.0,0.0,7.0,7.0,7.0,0.0,7.0,7.0,7.0,0.0,7.0,7.0,8.0,0.0,0,0,0,0
2026-09-05 10:11:21.120964,LONDON_HIL,London Hillingdon,51.496,-0.46,3.0,,,,0.014,,,3.0,0.49999999999999994,-0.8660254037844387,-0.9749279121818236,-0.2225209339563146,-1.0,-1.8369701987210297e-16,12,Good,3.0,0.0,3.0,3.0,3.0,0.0,3.0,3.0,3.0,0.0,3.0,3.0,10.24,0.0,0,0,0,0
2026-09-05 10:11:21.335524,LONDON_WL1,London Waltham Forest,51.585,-0.012,6.2,28.0,360.0,39.5,,,,6.2,0.49999999999999994,-0.8660254037844387,-0.9749279121818236,-0.2225209339563146,-1.0,-1.8369701987210297e-16,26,Good,6.2,0.0,6.2,6.2,6.2,0.0,6.2,6.2,6.2,0.0,6.2,6.2,6.2,0.0,0,0,0,0
2026-09-05 10:11:21.853526,LONDON_BX1,London Bexley - Erith,51.481,0.181,3.8,,,0.0,,,,3.8,0.49999999999999994,-0.8660254037844387,-0.9749279121818236,-0.2225209339563146,-1.0,-1.8369701987210297e-16,16,Good,3.8,0.0,3.8,3.8,3.8,0.0,3.8,3.8,3.8,0.0,3.8,3.8,5.6,0.0,0,0,0,0
2026-09-05 10:11:22.063029,LONDON_MY7,London Marylebone Road,51.522,-0.154,3.8,,,,0.031,,,3.8,0.49999999999999994,-0.8660254037844387,-0.9749279121818236,-0.2225209339563146,-1.0,-1.8369701987210297e-16,16,Good,3.8,0.0,3.8,3.8,3.8,0.0,3.8,3.8,3.8,0.0,3.8,3.8,9.6,0.0,0,0,0,0
2026-09-05 10:11:22.284719,LONDON_KC1,London N. Kensington,51.521,-0.213,3.7,13.0,0.229,0.009,0.021,,,3.7,0.49999999999999994,-0.8660254037844387,-0.9749279121818236,-0.2225209339563146,-1.0,-1.8369701987210297e-16,15,Good,3.7,0.0,3.7,3.7,3.7,0.0,3.7,3.7,3.7,0.0,3.7,3.7,8.97,0.0,0,0,0,0
2026-09-05 10:11:22.775650,LONDON_TH4,London Tower Hamlets - Mile End Road,51.524,-0.033,3.8,,,,,,,3.8,0.49999999999999994,-0.8660254037844387,-0.9749279121818236,-0.2225209339563146,-1.0,-1.8369701987210297e-16,16,Good,3.8,0.0,3.8,3.8,3.8,0.0,3.8,3.8,3.8,0.0,3.8,3.8,6.2,0.0,0,0,0,0
2026-09-05 10:11:23.081956,LONDON_GR9,London Greenwich - Westhorne Avenue,51.455,0.03,15.0,40.0,,15.0,22.0,,,15.0,0.49999999999999994,-0.8660254037844387,-0.9749279121818236,-0.2225209339563146,-1.0,-1.8369701987210297e-16,57,Moderate,15.0,0.0,15.0,15.0,15.0,0.0,15.0,15.0,15.0,0.0,15.0,15.0,11.0,0.0,0,0,0,0
2026-09-05 10:22:31.761673,LONDON_CT3,London City of London - Sir John Cass School,51.514,-0.077,6.2,,,5.0,49.1,,,6.2,0.49999999999999994,-0.8660254037844387,-0.9749279121818236,-0.2225209339563146,-1.0,-1.8369701987210297e-16,26,Good,6.2,0.0,6.2,6.2,6.2,0.0,6.2,6.2,6.2,0.0,6.2,6.2,8.0,0.0,0,0,0,0
2026-09-05 10:22:32.274384,LONDON_SK6,London Southwark - A2 Invaliders,51.491,-0.102,6.2,,,,0.026,,,6.2,0.49999999999999994,-0.8660254037844387,-0.9749279121818236,-0.2225209339563146,-1.0,-1.8369701987210297e-16,26,Good,6.2,0.0,6.2,6.2,6.2,0.0,6.2,6.2,6.2,0.0,6.2,6.2,18.04,0.0,0,0,0,0
2026-09-05 10:22:32.575222,LONDON_HF1,London Hammersmith and Fulham,51.49,-0.224,7.0,17.0,,12.2,27.8,,,7.0,0.49999999999999994,-0.8660254037844387,-0.9749279121818236,-0.2225209339563146,-1.0,-1.8369701987210297e-16,29,Good,7.0,0.0,7.0,7.0,7.0,0.0,7.0,7.0,7.0,0.0,7.0,7.0,11.0,0.0,0,0,0,0
2026-09-05 10:22:33.093616,LONDON_HIL,London Hillingdon,51.496,-0.46,3.0,,,,0.014,,,3.0,0.49999999999999994,-0.8660254037844387,-0.9749279121818236,-0.2225209339563146,-1.0,-1.8369701987210297e-16,12,Good,3.0,0.0,3.0,3.0,3.0,0.0,3.0,3.0,3.0,0.0,3.0,3.0,34.93,0.0,0,0,0,0
2026-09-05 10:22:33.600475,LONDON_WL1,London Waltham Forest,51.585,-0.012,6.2,28.0,360.0,39.5,,,,6.2,0.49999999999999994,-0.8660254037844387,-0.9749279121818236,-0.2225209339563146,-1.0,-1.8369701987210297e-16,26,Good,6.2,0.0,6.2,6.2,6.2,0.0,6.2,6.2,6.2,0.0,6.2,6.2,6.2,0.0,0,0,0,0
2026-09-05 10:22:33.910524,LONDON_BX1,London Bexley - Erith,51.481,0.181,3.8,,,0.0,,,,3.8,0.49999999999999994,-0.8660254037844387,-0.9749279121818236,-0.2225209339563146,-1.0,-1.8369701987210297e-16,16,Good,3.8,0.0,3.8,3.8,3.8,0.0,3.8,3.8,3.8,0.0,3.8,3.8,16.2,0.0,0,0,0,0
2026-09-05 10:22:34.330279,LONDON_MY7,London Marylebone Road,51.522,-0.154,3.8,,,,0.031,,,3.8,0.49999999999999994,-0.8660254037844387,-0.9749279121818236,-0.2225209339563146,-1.0,-1.8369701987210297e-16,16,Good,3.8,0.0,3.8,3.8,3.8,0.0,3.8,3.8,3.8,0.0,3.8,3.8,10.98,0.0,0,0,0,0
2026-09-05 10:22:34.829233,LONDON_KC1,London N. Kensington,51.521,-0.213,3.7,13.0,0.229,0.009,0.021,,,3.7,0.49999999999999994,-0.8660254037844387,-0.9749279121818236,-0.2225209339563146,-1.0,-1.8369701987210297e-16,15,Good,3.7,0.0,3.7,3.7,3.7,0.0,3.7,3.7,3.7,0.0,3.7,3.7,30.91,0.0,0,0,0,0
2026-09-05 10:22:35.138526,LONDON_TH4,London Tower Hamlets - Mile End Road,51.524,-0.033,3.8,,,,,,,3.8,0.49999999999999994,-0.8660254037844387,-0.9749279121818236,-0.2225209339563146,-1.0,-1.8369701987210297e-16,16,Good,3.8,0.0,3.8,3.8,3.8,0.0,3.8,3.8,3.8,0.0,3.8,3.8,6.2,0.0,0,0,0,0
2026-09-05 10:22:35.436106,LONDON_GR9,London Greenwich - Westhorne Avenue,51.455,0.03,15.0,40.0,,15.0,22.0,,,15.0,0.49999999999999994,-0.8660254037844387,-0.9749279121818236,-0.2225209339563146,-1.0,-1.8369701987210297e-16,57,Moderate,15.0,0.0,15.0,15.0,15.0,0.0,15.0,15.0,15.0,0.0,15.0,15.0,8.0,0.0,0,0,0,0
2026-09-05 10:26:19.396114,LONDON_CT3,London City of London - Sir John Cass School,51.514,-0.077,6.2,,,5.0,49.1,,,6.2,0.49999999999999994,-0.8660254037844387,-0.9749279121818236,-0.2225209339563146,-1.0,-1.8369701987210297e-16,26,Good,6.2,0.0,6.2,6.2,6.2,0.0,6.2,6.2,6.2,0.0,6.2,6.2,18.0,0.0,0,0,0,0
2026-09-05 10:26:19.705075,LONDON_SK6,London Southwark - A2 Invaliders,51.491,-0.102,6.2,,,,0.026,,,6.2,0.49999999999999994,-0.8660254037844387,-0.9749279121818236,-0.2225209339563146,-1.0,-1.8369701987210297e-16,26,Good,6.2,0.0,6.2,6.2,6.2,0.0,6.2,6.2,6.2,0.0,6.2,6.2,3.8,0.0,0,0,0,0
2026-09-05 10:26:20.217597,LONDON_HF1,London Hammersmith and Fulham,51.49,-0.224,7.0,17.0,,12.2,27.8,,,7.0,0.49999999999999994,-0.8660254037844387,-0.9749279121818236,-0.2225209339563146,-1.0,-1.8369701987210297e-16,29,Good,7.0,0.0,7.0,7.0,7.0,0.0,7.0,7.0,7.0,0.0,7.0,7.0,5.6,0.0,0,0,0,0
2026-09-05 10:26:20.520137,LONDON_HIL,London Hillingdon,51.496,-0.46,3.0,,,,0.014,,,3.0,0.49999999999999994,-0.8660254037844387,-0.9749279121818236,-0.2225209339563146,-1.0,-1.8369701987210297e-16,12,Good,3.0,0.0,3.0,3.0,3.0,0.0,3.0,3.0,3.0,0.0,3.0,3.0,26.78,0.0,0,0,0,0
2026-09-05 10:26:21.027889,LONDON_WL1,London Waltham Forest,51.585,-0.012,6.2,28.0,360.0,39.5,,,,6.2,0.49999999999999994,-0.8660254037844387,-0.9749279121818236,-0.2225209339563146,-1.0,-1.8369701987210297e-16,26,Good,6.2,0.0,6.2,6.2,6.2,0.0,6.2,6.2,6.2,0.0,6.2,6.2,6.2,0.0,0,0,0,0
2026-09-05 10:26:21.547697,LONDON_BX1,London Bexley - Erith,51.481,0.181,3.8,,,0.0,,,,3.8,0.49999999999999994,-0.8660254037844387,-0.9749279121818236,-0.2225209339563146,-1.0,-1.8369701987210297e-16,16,Good,3.8,0.0,3.8,3.8,3.8,0.0,3.8,3.8,3.8,0.0,3.8,3.8,8.0,0.0,0,0,0,0
2026-09-05 10:26:21.857184,LONDON_MY7,London Marylebone Road,51.522,-0.154,3.8,,,,0.031,,,3.8,0.49999999999999994,-0.8660254037844387,-0.9749279121818236,-0.2225209339563146,-1.0,-1.8369701987210297e-16,16,Good,3.8,0.0,3.8,3.8,3.8,0.0,3.8,3.8,3.8,0.0,3.8,3.8,23.67,0.0,0,0,0,0
2026-09-05 10:26:22.367231,LONDON_KC1,London N. Kensington,51.521,-0.213,3.7,13.0,0.229,0.009,0.021,,,3.7,0.49999999999999994,-0.8660254037844387,-0.9749279121818236,-0.2225209339563146,-1.0,-1.8369701987210297e-16,15,Good,3.7,0.0,3.7,3.7,3.7,0.0,3.7,3.7,3.7,0.0,3.7,3.7,24.61,0.0,0,0,0,0
2026-09-05 10:26:22.673501,LONDON_TH4,London Tower Hamlets - Mile End Road,51.524,-0.033,3.8,,,,,,,3.8,0.49999999999999994,-0.8660254037844387,-0.9749279121818236,-0.2225209339563146,-1.0,-1.8369701987210297e-16,16,Good,3.8,0.0,3.8,3.8,3.8,0.0,3.8,3.8,3.8,0.0,3.8,3.8,15.0,0.0,0,0,0,0
2026-09-05 10:26:23.182632,LONDON_GR9,London Greenwich - Westhorne Avenue,51.455,0.03,15.0,40.0,,15.0,22.0,,,15.0,0.49999999999999994,-0.8660254037844387,-0.9749279121818236,-0.2225209339563146,-1.0,-1.8369701987210297e-16,57,Moderate,15.0,0.0,15.0,15.0,15.0,0.0,15.0,15.0,15.0,0.0,15.0,15.0,8.0,0.0,0,0,0,0
2026-09-05 10:37:31.864908,LONDON_CT3,London City of London - Sir John Cass School,51.514,-0.077,6.0,,,5.0,49.1,,,6.0,0.49999999999999994,-0.8660254037844387,-0.9749279121818236,-0.2225209339563146,-1.0,-1.8369701987210297e-16,25,Good,6.166666666666667,0.0816496580927727,6.0,6.2,6.166666666666667,0.0816496580927727,6.0,6.2,6.166666666666667,0.0816496580927727,6.0,6.2,11.0,0.0,0,0,0,0
2026-09-05 10:37:32.173317,LONDON_SK6,London Southwark - A2 Invaliders,51.491,-0.102,6.2,,,,0.021,,,6.2,0.49999999999999994,-0.8660254037844387,-0.9749279121818236,-0.2225209339563146,-1.0,-1.8369701987210297e-16,26,Good,6.2,0.0,6.2,6.2,6.2,0.0,6.2,6.2,6.2,0.0,6.2,6.2,3.0,0.0,0,0,0,0
2026-09-05 10:37:32.594087,LONDON_HF1,London Hammersmith and Fulham,51.49,-0.224,6.0,17.0,,12.8,27.8,,,6.0,0.49999999999999994,-0.8660254037844387,-0.9749279121818236,-0.2225209339563146,-1.0,-1.8369701987210297e-16,25,Good,6.833333333333333,0.40824829046386296,6.0,7.0,6.833333333333333,0.40824829046386296,6.0,7.0,6.833333333333333,0.40824829046386296,6.0,7.0,26.56,0.0,0,0,0,0
2026-09-05 10:37:33.091464,LONDON_HIL,London Hillingdon,51.496,-0.46,4.0,,,,0.011,,,4.0,0.49999999999999994,-0.8660254037844387,-0.9749279121818236,-0.2225209339563146,-1.0,-1.8369701987210297e-16,17,Good,3.1666666666666665,0.408248290463863,3.0,4.0,3.1666666666666665,0.408248290463863,3.0,4.0,3.1666666666666665,0.408248290463863,3.0,4.0,8.7,0.0,0,0,0,0
2026-09-05 10:37:33.608973,LONDON_WL1,London Waltham Forest,51.585,-0.012,6.0,28.0,360.0,39.5,,,,6.0,0.49999999999999994,-0.8660254037844387,-0.9749279121818236,-0.2225209339563146,-1.0,-1.8369701987210297e-16,25,Good,6.166666666666667,0.0816496580927727,6.0,6.2,6.166666666666667,0.0816496580927727,6.0,6.2,6.166666666666667,0.0816496580927727,6.0,6.2,6.0,0.0,0,0,0,0
2026-09-05 10:37:33.911737,LONDON_BX1,London Bexley - Erith,51.481,0.181,3.8,,,0.0,,,,3.8,0.49999999999999994,-0.8660254037844387,-0.9749279121818236,-0.2225209339563146,-1.0,-1.8369701987210297e-16,16,Good,3.8,0.0,3.8,3.8,3.8,0.0,3.8,3.8,3.8,0.0,3.8,3.8,11.0,0.0,0,0,0,0
2026-09-05 10:37:34.218102,LONDON_MY7,London Marylebone Road,51.522,-0.154,3.8,,,,0.031,,,3.8,0.49999999999999994,-0.8660254037844387,-0.9749279121818236,-0.2225209339563146,-1.0,-1.8369701987210297e-16,16,Good,3.8,0.0,3.8,3.8,3.8,0.0,3.8,3.8,3.8,0.0,3.8,3.8,18.92,0.0,0,0,0,0
2026-09-05 10:37:34.444012,LONDON_KC1,London N. Kensington,51.521,-0.213,3.4,12.0,0.1145,0.004,0.025,,,3.4,0.49999999999999994,-0.8660254037844387,-0.9749279121818236,-0.2225209339563146,-1.0,-1.8369701987210297e-16,14,Good,3.6500000000000004,0.12247448713915907,3.4,3.7,3.6500000000000004,0.12247448713915907,3.4,3.7,3.6500000000000004,0.12247448713915907,3.4,3.7,9.6,0.0,0,0,0,0
2026-09-05 10:37:34.731359,LONDON_TH4,London Tower Hamlets - Mile End Road,51.524,-0.033,3.8,,,,,,,3.8,0.49999999999999994,-0.8660254037844387,-0.9749279121818236,-0.2225209339563146,-1.0,-1.8369701987210297e-16,16,Good,3.8,0.0,3.8,3.8,3.8,0.0,3.8,3.8,3.8,0.0,3.8,3.8,3.8,0.0,0,0,0,0
2026-09-05 10:37:35.246307,LONDON_GR9,London Greenwich - Westhorne Avenue,51.455,0.03,15.0,35.0,,16.0,41.0,,,15.0,0.49999999999999994,-0.8660254037844387,-0.9749279121818236,-0.2225209339563146,-1.0,-1.8369701987210297e-16,57,Moderate,15.0,0.0,15.0,15.0,15.0,0.0,15.0,15.0,15.0,0.0,15.0,15.0,16.0,0.0,0,0,0,0
2026-09-05 10:41:19.197821,LONDON_CT3,London City of London - Sir John Cass School,51.514,-0.077,6.0,,,5.0,49.1,,,6.0,0.49999999999999994,-0.8660254037844387,-0.9749279121818236,-0.2225209339563146,-1.0,-1.8369701987210297e-16,25,Good,6.142857142857143,0.0975900072948535,6.0,6.2,6.142857142857143,0.0975900072948535,6.0,6.2,6.142857142857143,0.0975900072948535,6.0,6.2,16.0,0.0,0,0,0,0
2026-09-05 10:41:19.605685,LONDON_SK6,London Southwark - A2 Invaliders,51.491,-0.102,6.2,,,,0.021,,,6.2,0.49999999999999994,-0.8660254037844387,-0.9749279121818236,-0.2225209339563146,-1.0,-1.8369701987210297e-16,26,Good,6.2,0.0,6.2,6.2,6.2,0.0,6.2,6.2,6.2,0.0,6.2,6.2,6.2,0.0,0,0,0,0
2026-09-05 10:41:20.021159,LONDON_HF1,London Hammersmith and Fulham,51.49,-0.224,6.0,17.0,,12.8,27.8,,,6.0,0.49999999999999994,-0.8660254037844387,-0.9749279121818236,-0.2225209339563146,-1.0,-1.8369701987210297e-16,25,Good,6.714285714285714,0.48795003647426655,6.0,7.0,6.714285714285714,0.48795003647426655,6.0,7.0,6.714285714285714,0.48795003647426655,6.0,7.0,10.0,0.0,0,0,0,0
2026-09-05 10:41:20.249232,LONDON_HIL,London Hillingdon,51.496,-0.46,4.0,,,,0.011,,,4.0,0.49999999999999994,-0.8660254037844387,-0.9749279121818236,-0.2225209339563146,-1.0,-1.8369701987210297e-16,17,Good,3.2857142857142856,0.48795003647426666,3.0,4.0,3.2857142857142856,0.48795003647426666,3.0,4.0,3.2857142857142856,0.48795003647426666,3.0,4.0,8.97,0.0,0,0,0,0
2026-09-05 10:41:20.523452,LONDON_WL1,London Waltham Forest,51.585,-0.012,6.0,28.0,360.0,39.5,,,,6.0,0.49999999999999994,-0.8660254037844387,-0.9749279121818236,-0.2225209339563146,-1.0,-1.8369701987210297e-16,25,Good,6.142857142857143,0.0975900072948535,6.0,6.2,6.142857142857143,0.0975900072948535,6.0,6.2,6.142857142857143,0.0975900072948535,6.0,6.2,6.0,0.0,0,0,0,0
2026-09-05 10:41:20.737610,LONDON_BX1,London Bexley - Erith,51.481,0.181,3.8,,,0.0,,,,3.8,0.49999999999999994,-0.8660254037844387,-0.9749279121818236,-0.2225209339563146,-1.0,-1.8369701987210297e-16,16,Good,3.8,0.0,3.8,3.8,3.8,0.0,3.8,3.8,3.8,0.0,3.8,3.8,8.2,0.0,0,0,0,0
2026-09-05 10:41:21.145846,LONDON_MY7,London Marylebone Road,51.522,-0.154,3.8,,,,0.031,,,3.8,0.49999999999999994,-0.8660254037844387,-0.9749279121818236,-0.2225209339563146,-1.0,-1.8369701987210297e-16,16,Good,3.8,0.0,3.8,3.8,3.8,0.0,3.8,3.8,3.8,0.0,3.8,3.8,3.0,0.0,0,0,0,0
2026-09-05 10:41:21.650718,LONDON_KC1,London N. Kensington,51.521,-0.213,3.4,12.0,0.1145,0.004,0.025,,,3.4,0.49999999999999994,-0.8660254037844387,-0.9749279121818236,-0.2225209339563146,-1.0,-1.8369701987210297e-16,14,Good,3.6142857142857143,0.14638501094228024,3.4,3.7,3.6142857142857143,0.14638501094228024,3.4,3.7,3.6142857142857143,0.14638501094228024,3.4,3.7,12.65,0.0,0,0,0,0
2026-09-05 10:41:22.163551,LONDON_TH4,London Tower Hamlets - Mile End Road,51.524,-0.033,3.8,,,,,,,3.8,0.49999999999999994,-0.8660254037844387,-0.9749279121818236,-0.2225209339563146,-1.0,-1.8369701987210297e-16,16,Good,3.8,0.0,3.8,3.8,3.8,0.0,3.8,3.8,3.8,0.0,3.8,3.8,3.7,0.0,0,0,0,0
2026-09-05 10:41:22.591237,LONDON_GR9,London Greenwich - Westhorne Avenue,51.455,0.03,15.0,35.0,,16.0,41.0,,,15.0,0.49999999999999994,-0.8660254037844387,-0.9749279121818236,-0.2225209339563146,-1.0,-1.8369701987210297e-16,57,Moderate,15.0,0.0,15.0,15.0,15.0,0.0,15.0,15.0,15.0,0.0,15.0,15.0,8.0,0.0,0,0,0,0
2026-09-05 10:52:31.978207,LONDON_CT3,London City of London - Sir John Cass School,51.514,-0.077,6.0,,,5.0,49.1,,,6.0,0.49999999999999994,-0.8660254037844387,-0.9749279121818236,-0.2225209339563146,-1.0,-1.8369701987210297e-16,25,Good,6.125,0.10350983390135331,6.0,6.2,6.125,0.10350983390135331,6.0,6.2,6.125,0.10350983390135331,6.0,6.2,11.0,0.0,0,0,0,0
2026-09-05 10:52:32.384412,LONDON_SK6,London Southwark - A2 Invaliders,51.491,-0.102,6.2,,,,0.021,,,6.2,0.49999999999999994,-0.8660254037844387,-0.9749279121818236,-0.2225209339563146,-1.0,-1.8369701987210297e-16,26,Good,6.2,0.0,6.2,6.2,6.2,0.0,6.2,6.2,6.2,0.0,6.2,6.2,15.0,0.0,0,0,0,0
2026-09-05 10:52:32.811863,LONDON_HF1,London Hammersmith and Fulham,51.49,-0.224,6.0,17.0,,12.8,27.8,,,6.0,0.49999999999999994,-0.8660254037844387,-0.9749279121818236,-0.2225209339563146,-1.0,-1.8369701987210297e-16,25,Good,6.625,0.5175491695067655,6.0,7.0,6.625,0.5175491695067655,6.0,7.0,6.625,0.5175491695067655,6.0,7.0,10.18,0.0,0,0,0,0
2026-09-05 10:52:33.249660,LONDON_HIL,London Hillingdon,51.496,-0.46,4.0,,,,0.011,,,4.0,0.49999999999999994,-0.8660254037844387,-0.9749279121818236,-0.2225209339563146,-1.0,-1.8369701987210297e-16,17,Good,3.375,0.5175491695067657,3.0,4.0,3.375,0.5175491695067657,3.0,4.0,3.375,0.5175491695067657,3.0,4.0,17.36,0.0,0,0,0,0
2026-09-05 10:52:33.663731,LONDON_WL1,London Waltham Forest,51.585,-0.012,6.0,28.0,360.0,39.5,,,,6.0,0.49999999999999994,-0.8660254037844387,-0.9749279121818236,-0.2225209339563146,-1.0,-1.8369701987210297e-16,25,Good,6.125,0.10350983390135331,6.0,6.2,6.125,0.10350983390135331,6.0,6.2,6.125,0.10350983390135331,6.0,6.2,6.0,0.0,0,0,0,0
2026-09-05 10:52:34.117521,LONDON_BX1,London Bexley - Erith,51.481,0.181,3.8,,,0.0,,,,3.8,0.49999999999999994,-0.8660254037844387,-0.9749279121818236,-0.2225209339563146,-1.0,-1.8369701987210297e-16,16,Good,3.8,0.0,3.8,3.8,3.8,0.0,3.8,3.8,3.8,0.0,3.8,3.8,11.0,0.0,0,0,0,0
2026-09-05 10:52:34.327798,LONDON_MY7,London Marylebone Road,51.522,-0.154,3.8,,,,0.031,,,3.8,0.49999999999999994,-0.8660254037844387,-0.9749279121818236,-0.2225209339563146,-1.0,-1.8369701987210297e-16,16,Good,3.8,0.0,3.8,3.8,3.8,0.0,3.8,3.8,3.8,0.0,3.8,3.8,6.2,0.0,0,0,0,0
2026-09-05 10:52:34.630029,LONDON_KC1,London N. Kensington,51.521,-0.213,3.4,12.0,0.1145,0.004,0.025,,,3.4,0.49999999999999994,-0.8660254037844387,-0.9749279121818236,-0.2225209339563146,-1.0,-1.8369701987210297e-16,14,Good,3.5875,0.15526475085202998,3.4,3.7,3.5875,0.15526475085202998,3.4,3.7,3.5875,0.15526475085202998,3.4,3.7,34.25,0.0,0,0,0,0
2026-09-05 10:52:34.935451,LONDON_TH4,London Tower Hamlets - Mile End Road,51.524,-0.033,3.8,,,,,,,3.8,0.49999999999999994,-0.8660254037844387,-0.9749279121818236,-0.2225209339563146,-1.0,-1.8369701987210297e-16,16,Good,3.8,0.0,3.8,3.8,3.8,0.0,3.8,3.8,3.8,0.0,3.8,3.8,3.8,0.0,0,0,0,0
2026-09-05 10:52:35.155275,LONDON_GR9,London Greenwich - Westhorne Avenue,51.455,0.03,15.0,35.0,,16.0,41.0,,,15.0,0.49999999999999994,-0.8660254037844387,-0.9749279121818236,-0.2225209339563146,-1.0,-1.8369701987210297e-16,57,Moderate,15.0,0.0,15.0,15.0,15.0,0.0,15.0,15.0,15.0,0.0,15.0,15.0,18.0,0.0,0,0,0,0
2026-09-05 10:56:19.603396,LONDON_CT3,London City of London - Sir John Cass School,51.514,-0.077,6.0,,,5.0,49.1,,,6.0,0.49999999999999994,-0.8660254037844387,-0.9749279121818236,-0.2225209339563146,-1.0,-1.8369701987210297e-16,25,Good,6.111111111111111,0.1054092553389461,6.0,6.2,6.111111111111111,0.1054092553389461,6.0,6.2,6.111111111111111,0.1054092553389461,6.0,6.2,8.0,0.0,0,0,0,0
2026-09-05 10:56:20.021022,LONDON_SK6,London Southwark - A2 Invaliders,51.491,-0.102,6.2,,,,0.021,,,6.2,0.49999999999999994,-0.8660254037844387,-0.9749279121818236,-0.2225209339563146,-1.0,-1.8369701987210297e-16,26,Good,6.2,0.0,6.2,6.2,6.2,0.0,6.2,6.2,6.2,0.0,6.2,6.2,3.7,0.0,0,0,0,0
2026-09-05 10:56:20.437190,LONDON_HF1,London Hammersmith and Fulham,51.49,-0.224,6.0,17.0,,12.8,27.8,,,6.0,0.49999999999999994,-0.8660254037844387,-0.9749279121818236,-0.2225209339563146,-1.0,-1.8369701987210297e-16,25,Good,6.555555555555555,0.5270462766947298,6.0,7.0,6.555555555555555,0.5270462766947298,6.0,7.0,6.555555555555555,0.5270462766947298,6.0,7.0,12.89,0.0,0,0,0,0
2026-09-05 10:56:20.867718,LONDON_HIL,London Hillingdon,51.496,-0.46,4.0,,,,0.011,,,4.0,0.49999999999999994,-0.8660254037844387,-0.9749279121818236,-0.2225209339563146,-1.0,-1.8369701987210297e-16,17,Good,3.4444444444444446,0.5270462766947299,3.0,4.0,3.4444444444444446,0.5270462766947299,3.0,4.0,3.4444444444444446,0.5270462766947299,3.0,4.0,11.84,0.0,0,0,0,0
2026-09-05 10:56:21.139428,LONDON_WL1,London Waltham Forest,51.585,-0.012,6.0,28.0,360.0,39.5,,,,6.0,0.49999999999999994,-0.8660254037844387,-0.9749279121818236,-0.2225209339563146,-1.0,-1.8369701987210297e-16,25,Good,6.111111111111111,0.1054092553389461,6.0,6.2,6.111111111111111,0.1054092553389461,6.0,6.2,6.111111111111111,0.1054092553389461,6.0,6.2,6.0,0.0,0,0,0,0
2026-09-05 10:56:21.651337,LONDON_BX1,London Bexley - Erith,51.481,0.181,3.8,,,0.0,,,,3.8,0.49999999999999994,-0.8660254037844387,-0.9749279121818236,-0.2225209339563146,-1.0,-1.8369701987210297e-16,16,Good,3.8,0.0,3.8,3.8,3.8,0.0,3.8,3.8,3.8,0.0,3.8,3.8,11.0,0.0,0,0,0,0
2026-09-05 10:56:21.870158,LONDON_MY7,London Marylebone Road,51.522,-0.154,3.8,,,,0.031,,,3.8,0.49999999999999994,-0.8660254037844387,-0.9749279121818236,-0.2225209339563146,-1.0,-1.8369701987210297e-16,16,Good,3.8,0.0,3.8,3.8,3.8,0.0,3.8,3.8,3.8,0.0,3.8,3.8,3.7,0.0,0,0,0,0
2026-09-05 10:56:22.093046,LONDON_KC1,London N. Kensington,51.521,-0.213,3.4,12.0,0.1145,0.004,0.025,,,3.4,0.49999999999999994,-0.8660254037844387,-0.9749279121818236,-0.2225209339563146,-1.0,-1.8369701987210297e-16,14,Good,3.566666666666667,0.15811388300841928,3.4,3.7,3.566666666666667,0.15811388300841928,3.4,3.7,3.566666666666667,0.15811388300841928,3.4,3.7,7.32,0.0,0,0,0,0
2026-09-05 10:56:22.517673,LONDON_TH4,London Tower Hamlets - Mile End Road,51.524,-0.033,3.8,,,,,,,3.8,0.49999999999999994,-0.8660254037844387,-0.9749279121818236,-0.2225209339563146,-1.0,-1.8369701987210297e-16,16,Good,3.8,0.0,3.8,3.8,3.8,0.0,3.8,3.8,3.8,0.0,3.8,3.8,3.8,0.0,0,0,0,0
2026-09-05 10:56:22.733550,LONDON_GR9,London Greenwich - Westhorne Avenue,51.455,0.03,15.0,35.0,,16.0,41.0,,,15.0,0.49999999999999994,-0.8660254037844387,-0.9749279121818236,-0.2225209339563146,-1.0,-1.8369701987210297e-16,57,Moderate,15.0,0.0,15.0,15.0,15.0,0.0,15.0,15.0,15.0,0.0,15.0,15.0,8.6,0.0,0,0,0,0
2026-09-05 11:07:31.994793,LONDON_CT3,London City of London - Sir John Cass School,51.514,-0.077,6.0,,,5.0,49.1,,,6.0,0.258819045102521,-0.9659258262890682,-0.9749279121818236,-0.2225209339563146,-1.0,-1.8369701987210297e-16,25,Good,6.088888888888889,0.10540925533894599,6.0,6.2,6.1,0.10540925533894603,6.0,6.2,6.1,0.10540925533894603,6.0,6.2,18.0,0.0,0,0,0,0
2026-09-05 11:07:32.479371,LONDON_SK6,London Southwark - A2 Invaliders,51.491,-0.102,6.2,,,,0.021,,,6.2,0.258819045102521,-0.9659258262890682,-0.9749279121818236,-0.2225209339563146,-1.0,-1.8369701987210297e-16,26,Good,6.2,0.0,6.2,6.2,6.2,0.0,6.2,6.2,6.2,0.0,6.2,6.2,3.8,0.0,0,0,0,0
2026-09-05 11:07:32.991177,LONDON_HF1,London Hammersmith and Fulham,51.49,-0.224,6.0,11.0,,12.8,27.8,,,6.0,0.258819045102521,-0.9659258262890682,-0.9749279121818236,-0.2225209339563146,-1.0,-1.8369701987210297e-16,25,Good,6.444444444444445,0.5270462766947298,6.0,7.0,6.5,0.5270462766947298,6.0,7.0,6.5,0.5270462766947298,6.0,7.0,26.78,0.0,0,0,0,0
2026-09-05 11:07:33.277559,LONDON_HIL,London Hillingdon,51.496,-0.46,4.0,,,,0.011,,,4.0,0.258819045102521,-0.9659258262890682,-0.9749279121818236,-0.2225209339563146,-1.0,-1.8369701987210297e-16,17,Good,3.5555555555555554,0.5270462766947299,3.0,4.0,3.5,0.5270462766947299,3.0,4.0,3.5,0.5270462766947299,3.0,4.0,27.14,0.0,0,0,0,0
2026-09-05 11:07:33.495461,LONDON_WL1,London Waltham Forest,51.585,-0.012,6.0,28.0,360.0,39.5,,,,6.0,0.258819045102521,-0.9659258262890682,-0.9749279121818236,-0.2225209339563146,-1.0,-1.8369701987210297e-16,25,Good,6.088888888888889,0.10540925533894599,6.0,6.2,6.1,0.10540925533894603,6.0,6.2,6.1,0.10540925533894603,6.0,6.2,6.0,0.0,0,0,0,0
2026-09-05 11:07:34.014725,LONDON_BX1,London Bexley - Erith,51.481,0.181,3.8,,,0.0,,,,3.8,0.258819045102521,-0.9659258262890682,-0.9749279121818236,-0.2225209339563146,-1.0,-1.8369701987210297e-16,16,Good,3.8,0.0,3.8,3.8,3.8,0.0,3.8,3.8,3.8,0.0,3.8,3.8,11.0,0.0,0,0,0,0
2026-09-05 11:07:34.523652,LONDON_MY7,London Marylebone Road,51.522,-0.154,3.8,,,,0.031,,,3.8,0.258819045102521,-0.9659258262890682,-0.9749279121818236,-0.2225209339563146,-1.0,-1.8369701987210297e-16,16,Good,3.8,0.0,3.8,3.8,3.8,0.0,3.8,3.8,3.8,0.0,3.8,3.8,6.2,0.0,0,0,0,0
2026-09-05 11:07:35.041779,LONDON_KC1,London N. Kensington,51.521,-0.213,3.4,12.0,0.1145,0.004,0.025,,,3.4,0.258819045102521,-0.9659258262890682,-0.9749279121818236,-0.2225209339563146,-1.0,-1.8369701987210297e-16,14,Good,3.533333333333333,0.1581138830084193,3.4,3.7,3.55,0.15811388300841928,3.4,3.7,3.55,0.15811388300841928,3.4,3.7,14.99,0.0,0,0,0,0
2026-09-05 11:07:35.342577,LONDON_TH4,London Tower Hamlets - Mile End Road,51.524,-0.033,3.8,,,,,,,3.8,0.258819045102521,-0.9659258262890682,-0.9749279121818236,-0.2225209339563146,-1.0,-1.8369701987210297e-16,16,Good,3.8,0.0,3.8,3.8,3.8,0.0,3.8,3.8,3.8,0.0,3.8,3.8,6.0,0.0,0,0,0,0
2026-09-05 11:07:35.652395,LONDON_GR9,London Greenwich - Westhorne Avenue,51.455,0.03,15.0,35.0,,16.0,41.0,,,15.0,0.258819045102521,-0.9659258262890682,-0.9749279121818236,-0.2225209339563146,-1.0,-1.8369701987210297e-16,57,Moderate,15.0,0.0,15.0,15.0,15.0,0.0,15.0,15.0,15.0,0.0,15.0,15.0,11.0,0.0,0,0,0,0
2026-09-05 11:11:19.605625,LONDON_CT3,London City of London - Sir John Cass School,51.514,-0.077,6.0,,,5.0,49.1,,,6.0,0.258819045102521,-0.9659258262890682,-0.9749279121818236,-0.2225209339563146,-1.0,-1.8369701987210297e-16,25,Good,6.066666666666666,0.09999999999999988,6.0,6.2,6.090909090909091,0.10444659357341873,6.0,6.2,6.090909090909091,0.10444659357341873,6.0,6.2,11.0,0.0,0,0,0,0
2026-09-05 11:11:20.024404,LONDON_SK6,London Southwark - A2 Invaliders,51.491,-0.102,6.2,,,,0.021,,,6.2,0.258819045102521,-0.9659258262890682,-0.9749279121818236,-0.2225209339563146,-1.0,-1.8369701987210297e-16,26,Good,6.2,0.0,6.2,6.2,6.2,0.0,6.2,6.2,6.2,0.0,6.2,6.2,4.0,0.0,0,0,0,0
2026-09-05 11:11:20.529504,LONDON_HF1,London Hammersmith and Fulham,51.49,-0.224,6.0,11.0,,12.8,27.8,,,6.0,0.258819045102521,-0.9659258262890682,-0.9749279121818236,-0.2225209339563146,-1.0,-1.8369701987210297e-16,25,Good,6.333333333333333,0.4999999999999999,6.0,7.0,6.454545454545454,0.5222329678670934,6.0,7.0,6.454545454545454,0.5222329678670934,6.0,7.0,14.5,0.0,0,0,0,0
2026-09-05 11:11:21.036064,LONDON_HIL,London Hillingdon,51.496,-0.46,4.0,,,,0.011,,,4.0,0.258819045102521,-0.9659258262890682,-0.9749279121818236,-0.2225209339563146,-1.0,-1.8369701987210297e-16,17,Good,3.6666666666666665,0.5,3.0,4.0,3.5454545454545454,0.5222329678670935,3.0,4.0,3.5454545454545454,0.5222329678670935,3.0,4.0,12.84,0.0,0,0,0,0
2026-09-05 11:11:21.457744,LONDON_WL1,London Waltham Forest,51.585,-0.012,6.0,28.0,360.0,39.5,,,,6.0,0.258819045102521,-0.9659258262890682,-0.9749279121818236,-0.2225209339563146,-1.0,-1.8369701987210297e-16,25,Good,6.05,0.09258200997725474,6.0,6.2,6.090909090909091,0.10444659357341873,6.0,6.2,6.090909090909091,0.10444659357341873,6.0,6.2,6.0,0.0,0,0,0,0
2026-09-05 11:11:21.756837,LONDON_BX1,London Bexley - Erith,51.481,0.181,3.8,,,0.0,,,,3.8,0.258819045102521,-0.9659258262890682,-0.9749279121818236,-0.2225209339563146,-1.0,-1.8369701987210297e-16,16,Good,3.8,0.0,3.8,3.8,3.8,0.0,3.8,3.8,3.8,0.0,3.8,3.8,8.0,0.0,0,0,0,0
2026-09-05 11:11:22.063354,LONDON_MY7,London Marylebone Road,51.522,-0.154,3.8,,,,0.031,,,3.8,0.258819045102521,-0.9659258262890682,-0.9749279121818236,-0.2225209339563146,-1.0,-1.8369701987210297e-16,16,Good,3.8,0.0,3.8,3.8,3.8,0.0,3.8,3.8,3.8,0.0,3.8,3.8,6.2,0.0,0,0,0,0
2026-09-05 11:11:22.283154,LONDON_KC1,London N. Kensington,51.521,-0.213,3.4,12.0,0.1145,0.004,0.025,,,3.4,0.258819045102521,-0.9659258262890682,-0.9749279121818236,-0.2225209339563146,-1.0,-1.8369701987210297e-16,14,Good,3.5,0.15000000000000038,3.4,3.7,3.536363636363636,0.15666989036012835,3.4,3.7,3.536363636363636,0.15666989036012835,3.4,3.7,3.8,0.0,0,0,0,0
2026-09-05 11:11:22.699218,LONDON_TH4,London Tower Hamlets - Mile End Road,51.524,-0.033,3.8,,,,,,,3.8,0.258819045102521,-0.9659258262890682,-0.9749279121818236,-0.2225209339563146,-1.0,-1.8369701987210297e-16,16,Good,3.8,0.0,3.8,3.8,3.8,0.0,3.8,3.8,3.8,0.0,3.8,3.8,4.0,0.0,0,0,0,0
2026-09-05 11:11:23.187223,LONDON_GR9,London Greenwich - Westhorne Avenue,51.455,0.03,15.0,35.0,,16.0,41.0,,,15.0,0.258819045102521,-0.9659258262890682,-0.9749279121818236,-0.2225209339563146,-1.0,-1.8369701987210297e-16,57,Moderate,15.0,0.0,15.0,15.0,15.0,0.0,15.0,15.0,15.0,0.0,15.0,15.0,5.6,0.0,0,0,0,0
2026-09-05 11:22:32.274921,LONDON_CT3,London City of London - Sir John Cass School,51.514,-0.077,6.0,,,5.0,49.1,,,6.0,0.258819045102521,-0.9659258262890682,-0.9749279121818236,-0.2225209339563146,-1.0,-1.8369701987210297e-16,25,Good,6.025,0.07071067811865435,6.0,6.2,6.083333333333333,0.10298573010888747,6.0,6.2,6.083333333333333,0.10298573010888747,6.0,6.2,16.0,0.0,0,0,0,0
2026-09-05 11:22:32.787726,LONDON_SK6,London Southwark - A2 Invaliders,51.491,-0.102,6.2,,,,0.021,,,6.2,0.258819045102521,-0.9659258262890682,-0.9749279121818236,-0.2225209339563146,-1.0,-1.8369701987210297e-16,26,Good,6.2,0.0,6.2,6.2,6.2,0.0,6.2,6.2,6.2,0.0,6.2,6.2,6.2,0.0,0,0,0,0
2026-09-05 11:22:33.091282,LONDON_HF1,London Hammersmith and Fulham,51.49,-0.224,6.0,11.0,,12.8,27.8,,,6.0,0.258819045102521,-0.9659258262890682,-0.9749279121818236,-0.2225209339563146,-1.0,-1.8369701987210297e-16,25,Good,6.125,0.3535533905932736,6.0,7.0,6.416666666666667,0.5149286505444371,6.0,7.0,6.416666666666667,0.5149286505444371,6.0,7.0,19.31,0.0,0,0,0,0
2026-09-05 11:22:33.606964,LONDON_HIL,London Hillingdon,51.496,-0.46,4.0,,,,0.011,,,4.0,0.258819045102521,-0.9659258262890682,-0.9749279121818236,-0.2225209339563146,-1.0,-1.8369701987210297e-16,17,Good,3.875,0.35355339059327384,3.0,4.0,3.5833333333333335,0.5149286505444373,3.0,4.0,3.5833333333333335,0.5149286505444373,3.0,4.0,10.98,0.0,0,0,0,0
2026-09-05 11:22:34.131501,LONDON_WL1,London Waltham Forest,51.585,-0.012,6.0,28.0,360.0,39.5,,,,6.0,0.258819045102521,-0.9659258262890682,-0.9749279121818236,-0.2225209339563146,-1.0,-1.8369701987210297e-16,25,Good,6.025,0.07071067811865378,6.0,6.2,6.083333333333333,0.10298573010888747,6.0,6.2,6.083333333333333,0.10298573010888747,6.0,6.2,6.0,0.0,0,0,0,0
2026-09-05 11:22:34.426228,LONDON_BX1,London Bexley - Erith,51.481,0.181,3.8,,,0.0,,,,3.8,0.258819045102521,-0.9659258262890682,-0.9749279121818236,-0.2225209339563146,-1.0,-1.8369701987210297e-16,16,Good,3.8,0.0,3.8,3.8,3.8,0.0,3.8,3.8,3.8,0.0,3.8,3.8,8.0,0.0,0,0,0,0
2026-09-05 11:22:34.951718,LONDON_MY7,London Marylebone Road,51.522,-0.154,3.8,,,,0.031,,,3.8,0.258819045102521,-0.9659258262890682,-0.9749279121818236,-0.2225209339563146,-1.0,-1.8369701987210297e-16,16,Good,3.8,0.0,3.8,3.8,3.8,0.0,3.8,3.8,3.8,0.0,3.8,3.8,3.8,0.0,0,0,0,0
2026-09-05 11:22:35.460837,LONDON_KC1,London N. Kensington,51.521,-0.213,3.4,12.0,0.1145,0.004,0.025,,,3.4,0.258819045102521,-0.9659258262890682,-0.9749279121818236,-0.2225209339563146,-1.0,-1.8369701987210297e-16,14,Good,3.4375,0.10606601717798271,3.4,3.7,3.525,0.15447859516333148,3.4,3.7,3.525,0.15447859516333148,3.4,3.7,6.2,0.0,0,0,0,0
2026-09-05 11:22:35.960430,LONDON_TH4,London Tower Hamlets - Mile End Road,51.524,-0.033,3.8,,,,,,,3.8,0.258819045102521,-0.9659258262890682,-0.9749279121818236,-0.2225209339563146,-1.0,-1.8369701987210297e-16,16,Good,3.8,0.0,3.8,3.8,3.8,0.0,3.8,3.8,3.8,0.0,3.8,3.8,6.0,0.0,0,0,0,0
2026-09-05 11:22:36.380030,LONDON_GR9,London Greenwich - Westhorne Avenue,51.455,0.03,15.0,37.0,,9.0,66.0,,,15.0,0.258819045102521,-0.9659258262890682,-0.9749279121818236,-0.2225209339563146,-1.0,-1.8369701987210297e-16,57,Moderate,15.0,0.0,15.0,15.0,15.0,0.0,15.0,15.0,15.0,0.0,15.0,15.0,25.98,0.0,0,0,0,0
2026-09-28 14:35:42.640969,LONDON_CT3,London City of London - Sir John Cass School,51.514,-0.077,9.6,,,10.3,50.3,,,9.6,-0.4999999999999997,-0.8660254037844388,0.0,1.0,-1.0,-1.8369701987210297e-16,40,Good,9.6,0.0,9.6,9.6,9.6,0.0,9.6,9.6,9.6,0.0,9.6,9.6,9.6,0.0,0,0,0,0
2026-09-28 14:35:43.285078,LONDON_SK6,London Southwark - A2 Invaliders,51.491,-0.102,9.6,,,,0.014,,,9.6,-0.4999999999999997,-0.8660254037844388,0.0,1.0,-1.0,-1.8369701987210297e-16,40,Good,9.6,0.0,9.6,9.6,9.6,0.0,9.6,9.6,9.6,0.0,9.6,9.6,6.0,0.0,0,0,0,0
2026-09-28 14:35:44.088638,LONDON_HF1,London Hammersmith and Fulham,51.49,-0.224,12.0,32.0,,52.3,27.8,,,12.0,-0.4999999999999997,-0.8660254037844388,0.0,1.0,-1.0,-1.8369701987210297e-16,50,Good,12.0,0.0,12.0,12.0,12.0,0.0,12.0,12.0,12.0,0.0,12.0,12.0,9.6,0.0,0,0,0,0
2026-09-28 14:35:44.695671,LONDON_HIL,London Hillingdon,51.496,-0.46,6.0,,,,0.021,,,6.0,-0.4999999999999997,-0.8660254037844388,0.0,1.0,-1.0,-1.8369701987210297e-16,25,Good,6.0,0.0,6.0,6.0,6.0,0.0,6.0,6.0,6.0,0.0,6.0,6.0,12.0,0.0,0,0,0,0
2026-09-28 14:35:45.111372,LONDON_WL1,London Waltham Forest,51.585,-0.012,9.6,28.0,360.0,39.5,,,,9.6,-0.4999999999999997,-0.8660254037844388,0.0,1.0,-1.0,-1.8369701987210297e-16,40,Good,9.6,0.0,9.6,9.6,9.6,0.0,9.6,9.6,9.6,0.0,9.6,9.6,9.6,0.0,0,0,0,0
2026-09-28 14:35:45.711113,LONDON_BX1,London Bexley - Erith,51.481,0.181,3.4,,,0.0,,,,3.4,-0.4999999999999997,-0.8660254037844388,0.0,1.0,-1.0,-1.8369701987210297e-16,14,Good,3.4,0.0,3.4,3.4,3.4,0.0,3.4,3.4,3.4,0.0,3.4,3.4,9.6,0.0,0,0,0,0
2026-09-28 14:35:46.324095,LONDON_MY7,London Marylebone Road,51.522,-0.154,3.4,,,,0.02,,,3.4,-0.4999999999999997,-0.8660254037844388,0.0,1.0,-1.0,-1.8369701987210297e-16,14,Good,3.4,0.0,3.4,3.4,3.4,0.0,3.4,3.4,3.4,0.0,3.4,3.4,3.4,0.0,0,0,0,0
2026-09-28 14:35:47.122719,LONDON_KC1,London N. Kensington,51.521,-0.213,3.4,9.0,0.229,0.008,0.021,,,3.4,-0.4999999999999997,-0.8660254037844388,0.0,1.0,-1.0,-1.8369701987210297e-16,14,Good,3.4,0.0,3.4,3.4,3.4,0.0,3.4,3.4,3.4,0.0,3.4,3.4,3.4,0.0,0,0,0,0
2026-09-28 14:35:47.548916,LONDON_TH4,London Tower Hamlets - Mile End Road,51.524,-0.033,3.3,,,,,,,3.3,-0.4999999999999997,-0.8660254037844388,0.0,1.0,-1.0,-1.8369701987210297e-16,14,Good,3.3,0.0,3.3,3.3,3.3,0.0,3.3,3.3,3.3,0.0,3.3,3.3,3.3,0.0,0,0,0,0
2026-09-28 14:35:48.335273,LONDON_GR9,London Greenwich - Westhorne Avenue,51.455,0.03,13.0,12.0,,2.0,94.0,,,13.0,-0.4999999999999997,-0.8660254037844388,0.0,1.0,-1.0,-1.8369701987210297e-16,53,Moderate,13.0,0.0,13.0,13.0,13.0,0.0,13.0,13.0,13.0,0.0,13.0,13.0,12.0,0.0,0,0,0,0
